sku,ean,regular_price,stock_quantity,stock_status,manage_stock,post_title,brand
36742,4002888367424,3.45,11,instock,yes,"Lindy 36742 2m USB 3.2 Type A to Type B, Anthra Line",LINDY
TL-SG108PE,6935364094751,45.9,19,instock,yes,TP-Link TL-SG108PE 8-Port Metal Gigabit Easy Smart Switch with 4-Port PoE+ (64W),TP-LINK
TAPO RV30 MAX PLUS,8885020625141,190.69,45,instock,yes,TP-Link Tapo RV30 Max Plus Robot Vacuum Cleaner & Auto-Empty Dock,TP-LINK
AHD710P-1TU31-CBK,4713218460394,68.6,20,instock,yes,"Adata HD710 Pro Durable 1TB USB 3.1 Portable External Hard Drive IP68 Waterproof, Shockproof, Dustproof, Black",ADATA
BW023,4260052191156,83.06,21,instock,yes,"be quiet! Light Loop 360mm AIO CPU Water Cooler, High-Performance ARGB Lighting, Triple 120mm PWM Fans, Ultra-Quiet Operation, Easy Maintenance, Intel/AMD Compatible, White",BEQUIET
TUSDX64GCL10U03,0765441005747,6.7,121,instock,yes,Team 64GB Micro SDXC UHS-1 Class 10 Flash Card with Adapter,TEAM
BGW86,4260052193891,79.66,5,instock,yes,"be quiet! BGW86  Light Base 500 LX Mid Tower Gaming Case, 1 x USB Type-C / 2 x USB 3.2, High Airflow ATX Case, 4x Pre-Installed ARGB Light Wings LX Fans, ATX / M-ATX / Mini-ITX Compatible",BEQUIET
TM8FPK500G0C101,765441062054,63.08,7,instock,yes,"Team MP44L (TM8FPK500G0C101) 500GB NVMe SSD, PCIe Gen4, M.2 Interface, 2280, Read 5000 MB/s, Write 3700 MB/s, 5 Year Warranty",TEAM
SXS1000R/2000G,740617338508,250.8,7,instock,yes,"Kingston XS1000 Red (SXS1000R/2000G) 2TB Portable External SSD, Read 1050MB/s, Write 1000MB/s, USB 3.2 Gen 2, 5 Year Warranty",KINGSTON
36470,4002888364706,2.16,14,instock,yes,"LINDY 36470 Black Line HDMI Cable, HDMI 2.0 (M) to HDMI 2.0 (M), 0.5m, Black & Red, Supports UHD Resolutions up to 4096x2160@60Hz, Triple Shielded Cable, Corrosion Resistant Copper Coated Steel with 30AWG Conductors, Retail Polybag Packaging",LINDY
99CDL2-102,5053118017175,0.64,13,instock,yes,USB 2.0 A (M) to USB 2.0 B (M) 1.8m Black OEM Printer/Scanner Data Cable,TARGET
TAPO L530E,4897098681299,6.6,60,instock,yes,"TP-Link Tapo L530E Smart Wi-Fi Light Bulb, Multicolor, E27",TP-LINK
SA400S37/960G,0740617277357,96.77,30,instock,yes,"Kingston A400 (SA400S37/960G) 960GB, 2.5 Inch SSD, SATA 3 Interface, Read 500MB/s, Write 450MB/s, 3 Year Warranty",KINGSTON
TUSDH16GCL10U03,0765441038226,3.69,438,instock,yes,Team 16GB Micro SDHC Class 10 UHS-I Flash Card with Adapter,TEAM
ME60X,6957939001674,23.58,66,instock,yes,Mercusys ME60X AX1500 Wi-Fi Range Extender,MERCUSYS
KVR32N22D8/32,740617305975,205.59,9,instock,yes,"Kingston ValueRAM KVR32N22D8/32 32GB (1x 32GB) DIMM System Memory, 3200MHz, DDR4, CL22",KINGSTON
90-ASLA36-BAAGA5,4711581493551,96.63,4,instock,yes,"ASRock Steel Legend Dark 360 LCD AIO Liquid CPU Cooler, 360mm Radiator, Triple 120mm PWM ARGB Fans, LCD Display, Intel LGA1700/1851 & AMD AM5/AM4 Compatible",ASROCK
MS5120W-BLK,0884116366782,15.9,34,instock,yes,DELL Pro Plus Compact Mouse - MS5120W - Black,DELL
SLEG-900-1TCS,4711085944153,116.15,2,instock,yes,"Adata Legend 900 (SLEG-900-1TCS) 1TB NVMe SSD, PCIe Gen4, M.2 Interface, 2280, Read 7000 MB/s, Write 5400 MB/s, Heatsink, 5 Year Warranty",ADATA
ERT-603K,5053118688900,1.42,10,instock,yes,RJ45 (M) to RJ45 (M) CAT6 3m Black OEM Moulded Boot Copper UTP Network Cable,TARGET
HDMINIDP-HDMI,5053118015102,4.77,12,instock,yes,Mini DisplayPort (M) to HDMI (F) White OEM Converter Adapter,TARGET
73415,4002888734158,4.61,146,instock,yes,LINDY 73415 18W USB Type A Charger,LINDY
KVR56S46BD8-32,740617334036,330.48,10,instock,yes,"Kingston ValueRAM KVR56S46BD8-32 32GB (1x 32GB) SODIMM System Memory, 5600MHz, DDR5, CL46",KINGSTON
TL-SX1008,6935364030926,218.43,9,instock,yes,TP-Link TL-SX1008 8-Port Metal 10G Desktop/Rackmount Switch,TP-LINK
BL073,4260052188774,14.2,13,instock,yes,"be quiet! Light Wings PWM High Speed Addressable RGB Fan, 120mm, 2500RPM, 4-Pin PWM Fan & 3-Pin ARGB Connectors, Black Frame, Black Blades, ARGB Lighting on Front & Rear",BEQUIET
BM008,4260052192771,57.44,20,instock,yes,"be quiet! Dark Perk Sym 32000dpi Lightweight Wireless Gaming Mouse with 2.4GHz Wireless, Symmetrical Design, PixArt PAW3950 Sensor, 110 Hours Battery Life & 8,000 Hz Polling Rate",BEQUIET
AD4S32008G22-SGN,4711085930774,36.72,20,instock,yes,"ADATA Premier AD4S32008G22-SGN 8GB (1x 8GB) SODIMM System Memory, 3200MHz, DDR4, CL22",ADATA
570-AAMH,5397063811885,8.25,1958,instock,yes,DELL WM126 mouse Office RF Wireless Optical,DELL
URT-602K,5053118398731,0.73,3,instock,yes,RJ45 (M) to RJ45 (M) CAT5e 2m Black OEM Moulded Boot Copper UTP Network Cable,TARGET
21485892,5397231038847,25.31,17,instock,yes,"Norton 360 Plus Mobile 1 Device 1-year Subscription, Includes Secure VPN, Password Manager, Dark Web Monitoring and AI-Powered Scam Protection Across Email, Texts, Calls and Web, iOS and Android Retail Boxed",NORTON
N10P6,5397184978764,570.0,3,instock,yes,"Dell Pro QVS1260 Slim Desktop PC, Intel Core Ultra 5 225, 16GB DDR5-SDRAM, 512GB SSD, Windows 11 Pro with Keyboard and Mouse",DELL
BL109,4260052190814,7.0,28,instock,yes,"Be Quiet! PURE WINGS 3 140mm PWM High-Speed Case Fan, Rifle Bearing, Newly Designed Fan Blades And Re-Arranged Angle For Extraordinary Air Pressure, 3 Years Warranty",BEQUIET
TL-SG1048,0807030506089,163.6,1,instock,yes,TP-Link TL-SG1048 48-Port Metal Gigabit Rackmount Network Switch,TP-LINK
BW028EU,4260052193174,46.9,21,instock,yes,"be quiet! Pure Loop 3 Liquid CPU Cooler, Universal Socket, 280mm Radiator, 2 x Pure Wings 3 140mm PWM High Speed, 3-year manufacurer's warranty.",BEQUIET
SXS2000/2000G,0740617321333,323.61,2,instock,yes,"Kingston XS2000 USB 3.2 Gen 2x2 USB-C External SSD, Up to 2000MB/s Read & 2000MB/s Write Speeds",KINGSTON
36772,4002888367721,3.74,14,instock,yes,"Lindy 36772 2m 8K60Hz HDMI Cable, Black Line",LINDY
BW022,4260052191132,79.59,18,instock,yes,be quiet! Light Loop 360mm AIO Liquid Cooler - High-Performance ARGB All-in-One Water Cooling System with Triple Light Wings LX PWM Fans,BEQUIET
BP007EU,4260052191378,78.55,46,instock,yes,"be quiet! Power Zone 2 850W PSU - 80 PLUS Platinum, Semi-Passive Cooling, Pure Wings 3 Fan, PCIe 5.1/ATX 3.1 Compatibility, 10-Year Warranty",BEQUIET
SFYR2S/1T0,0740617349481,294.49,2,instock,yes,"Kingston FURY Renegade (SFYR2S/1T0 ) 1TB NVMe SSD, M.2 Interface, PCIe 5.0 x4 NVMe, 2280, Up to 14,200MB/s read, 11,000MB/s write, Limited 5-year warranty with free technical support.",KINGSTON
BL098,4260052188903,19.53,73,instock,yes,"be quiet! Silent Wings Pro 4 PWM Black Fan, 120mm, 3000RPM, 4-Pin PWM Fan Connector, Black Frame, Black Blades, Optimized Fan Blades for the Highest Performance for Radiators & Heat Sinks, 3 Mounting Options, 3 Speed Switch",BEQUIET
TAPO C220,4895252500943,22.5,24,instock,yes,TP-Link Tapo C220 Pan/Tilt AI Home Security Wi-Fi Camera,TP-LINK
EP2-32335,0196388538560,75.15,1,instock,yes,Microsoft 365 Family Medialess 1 Year Subscription 6 Users - Retail Boxed FY25H2,MICROSOFT
DR3650V-4G,8517620000,232.8,5,instock,yes,TP-Link Omada DR3650v-4G  AX3000 Wi-Fi 6 Gigabit Desktop DSL Gateway,TP-LINK
KCP556US8-16,740617334357,167.06,9,instock,yes,"Kingston KCP556US8-16 16GB (1x 16GB) DIMM System Memory, 5600MHz, DDR5, CL46",KINGSTON
B760M-X GEN5,4711581492356,61.46,9,instock,yes,"ASRock B760M-X Gen5 Intel 1700 Socket Motherboard, Micro-ATX, 2x DDR5 Slots, 2x M.2 Socket, 2.5GbE LAN, 1x DisplayPort / 1x HDMI Port",ASROCK
90-ASLA36-WAAGA5,4711581493568,100.59,4,instock,yes,"ASRock Steel Legend 360 LCD White AIO Liquid CPU Cooler, 360mm Radiator, Triple 120mm PWM ARGB Fans, LCD Display, Intel LGA1700/1851 & AMD AM5/AM4 Compatible",ASROCK
TED48G3200C2201,765441647787,36.0,8,instock,yes,Team ELITE 8GB No Heatsink (1x8GB) DDR4 3200MHz DIMM System Memory,TEAM
AHD710P-1TU31-CBL,4713218460400,68.17,20,instock,yes,"Adata HD710 Pro Durable 1TB USB 3.1 Portable External Hard Drive IP68 Waterproof, Shockproof, Dustproof, Blue",ADATA
EP2-32410,0196388539314,61.23,17,instock,yes,Microsoft Office 365 Personal 1 Year 1 User - Retail Boxed FY25H2,MICROSOFT
SG2218P,4897098689509,158.85,1,instock,yes,TP-Link Omada SG2218P 18-Port Gigabit Smart Switch with 16-Port PoE,TP-LINK
8X229A6,0197498433080,34.25,1503,instock,yes,Plantronics Blackwire 3225 Stereo USB-C Headset with 3.5mm Jack & USB-C/A Adapter (Bulk Pack- Non-Retail),PLANTRONICS
BL097,4260052188897,15.09,51,instock,yes,"be quiet! Silent Wings 4 PWM High Speed Black Fan, 140mm, 1900RPM, 4-Pin PWM Fan Connector, Black Frame, Black Blades, Optimized Fan Blades for High End Performance, 2 Mounting Options",BEQUIET
CPE710,6935364053345,48.96,6,instock,yes,TP-Link Pharos CPE710 5GHz AC 867Mbps 23dBi Outdoor CPE,TP-LINK
BW021,4260052191149,69.17,33,instock,yes,"be quiet! Light Loop 240mm AIO CPU Liquid Cooler, High-Performance ARGB Lighting, Dual 120mm PWM Fans, Ultra-Quiet Operation, Easy Maintenance, Intel/AMD Compatible, White",BEQUIET
21434702,5397231021184,29.93,131,instock,yes,"Norton 360 Advanced, Antivirus Software for 10 Devices, 1-year Subscription, Includes Secure VPN, Dark Web Monitoring and Password Manager, 200GB of Cloud Storage, PC/Mac/iOS/Android",NORTON
90-UXS120-GFGABA,4711581491083,112.14,12,instock,yes,"ASRock SL-1200GW 1200W ATX Power Supply Unit, 80 PLUS GOLD Certified, 135mm Striped Axial FDB Fan, High Efficiency PSU",ASROCK
BL106,4260052190784,6.63,61,instock,yes,"Be Quiet! PURE WINGS 3 120mm PWM High-Speed Case Fan, Rifle Bearing, Newly Designed Fan Blades And Re-Arranged Angle For Extraordinary Air Pressure, 3 Years Warranty",BEQUIET
KF432C16BBK2/16,740617319903,149.67,37,instock,yes,"Kingston FURY Beast KF432C16BBK2/16 16GB (2x 8GB) DIMM System Memory, 3200MHz, DDR4, CL16, Black, Intel XMP",KINGSTON
TL-SG1005P,6935364083229,27.85,15,instock,yes,TP-Link TL-SG1005P 5-Port Metal Gigabit Desktop PoE Switch with 4-Port PoE+ (65W),TP-LINK
ERT-602B,5053118467611,1.04,8,instock,yes,RJ45 (M) to RJ45 (M) CAT6 2m Blue OEM Moulded Boot Copper UTP Network Cable,TARGET
DTXM/64GB,740617326260,4.01,388,instock,yes,"Kingston DataTraveler ExodiaM DTXM/64GB USB Flash Drive, 64GB, USB 3.2, Blue / Black, Moving Cap Design",KINGSTON
NLMOB-C-LT-2M,055781249877,5.56,6,instock,yes,"TARGET NLMOB-C-LT-2M Data Cable, USB 2.0 Type-C (M) to Apple Lightning (M), 2m, White, MFI Certified, 9V 2.2A Charging Power, White PVC Jacket, OEM Polybag Packaging",TARGET
TM8FP6512G0C101,0765441048089,62.3,15,instock,yes,"Team MP33 (TM8FP6512G0C101) 512GB NVMe SSD, M.2 Interface, PCIe Gen3, 2280, Read 1600MB/s, Write 1000MB/s, 3 Year Warranty",TEAM
TAPO C510W,Tapo C510W,30.6,12,instock,yes,TP-Link Tapo C510W Outdoor Pan/Tilt Security Wi-Fi Camera,TP-LINK
USB3C-HDMI-1M,5055781241956,11.85,8,instock,yes,USB C TO HDMI 4K 60HZ 1 Meter Black Data Cable,TARGET
AHD710P-2TU31-CRD,4713218460431,84.45,18,instock,yes,"Adata HD710 Pro Durable 2TB USB 3.1 Portable External Hard Drive IP68 Waterproof, Shockproof, Dustproof, Red",ADATA
MA37BE,Â 6957939003203,29.71,10,instock,yes,Mercusys MA37BE BE6500 Tri-Band Wi-Fi 7 Bluetooth PCI Express Adapter,MERCUSYS
BZ003,4260052188521,8.89,45,instock,yes,"be quiet! (BZ003) MC1 Pro M.2 SSD Cooler, Integrated Heat Pipe, Single/Double Side Compatibility, 2280 Size",BEQUIET
SA400S37/240G,7406172612196,51.54,3,instock,yes,"Kingston A400 (SA400S37/240G) 240GB, 2.5 Inch SSD, SATA 3 Interface, Read 500MB/s, Write 350MB/s, 3 Year Warranty",KINGSTON
21485903,5397231038854,14.06,15,instock,yes,"Norton Mobile Scam Defence 1 Device 1-year Subscription,Includes AI-Powered Scam Protection Across Email, Texts, Calls and Web, iOS and Android Retail Boxed",NORTON
X870E TAICHI OCF,4711581492509,323.08,5,instock,yes,"ASRock X870E TAICHI OCF AMD AM5 Socket Motherboard, ATX, 2x DDR5 Slots, 6x M.2 Socket, Fitted I/O Shield, 5GbE LAN, Wi-Fi 7, 1x HDMI Port",ASROCK
AUV128-128G-RBE,4713435799444,7.37,40,instock,yes,"Adata UV128 128GB USB 3.2 Gen 1 Flash Drive, Capless Design, Black/Blue",ADATA
90-ACLA24-BAAGA6,4711581493469,51.48,4,instock,yes,"ASRock Challenger 240 Digital AIO Liquid CPU Cooler, 240mm Radiator, Dual 120mm PWM ARGB Fans, 3"" Digital Display, Intel LGA1700/1851 & AMD AM5/AM4 Compatible",ASROCK
36674,4002888366748,1.97,6,instock,yes,"LINDY 36674 Anthra Line USB Cable, USB 2.0 Type-A (M) to USB 2.0 Type-B (M), 3m, Black & Red, Supports Data Transfer Speeds up to 480Mbps, Robust PVC Housing, Nickel Connectors & Gold Plated Contacts, Retail Polybag Packaging",LINDY
BGW76,4260052192832,73.8,39,instock,yes,"be quiet! BGW50 Pure Base Pro 501 DX Full Tower Gaming Case, 1 x USB Type-C / 4 x USB 3.0, Tempered Glass Front Window Panel, 2 x Pure Wings Fans, Integrated ARGB Lighting, ATX / M-ATX / Mini-ITX Compatible",BEQUIET
B760M PRO RS,4710483942723,79.59,103,instock,yes,"ASRock B760M PRO RS Intel 1700 Socket Motherboard, Micro-ATX, 4x DDR5 Slots, 3x M.2 Socket, Fitted I/O Shield, 2.5GbE LAN, 1x DisplayPort / 1x HDMI Port",ASROCK
BK040,4260052192498,23.26,33,instock,yes,"be quiet! Pure Rock 3 LX CPU Cooler, Universal Socket, Pure Wings 3 PWM Fan, 2000RPM, only 31.2dB(A) at maximum fan speed, 190W TDP, 3-year manufacturer's warranty",BEQUIET
BW026,4260052192559,83.22,7,instock,yes,"be quiet! Silent Loop 3 420mm All-in-One Liquid CPU Cooler, ARGB Lighting, Silent Wings 4 Fans, 3-Chamber Pump, High-Performance Cooling for Intel & AMD CPUs",BEQUIET
H610M-HDV/M.2+ D5,4710483943478,43.0,437,instock,yes,"ASRock H610M-HDV/M.2+ D5 Intel 1700 Socket Motherboard, Micro-ATX, 2x DDR5 Slots, 1x M.2 Socket, 1x USB-C Port, GbE LAN, 1x D-Sub / 1x DisplayPort / 1x HDMI Port",ASROCK
EP2-32306,4255809918346,59.65,1000,instock,yes,Microsoft Office 365 Personal 2025 1 Year 1 User up to 5 devices - Electronic Download ESD,MICROSOFT
KF432S20IB/8,740617318449,74.23,18,instock,yes,"Kingston FURY Impact KF432S20IB/8 8GB (1x 8GB) SODIMM System Memory, 3200MHz, DDR4, CL20, Intel XMP",KINGSTON
36732,4002888367325,1.26,39,instock,yes,"Lindy 36732 1m USB 2.0 Type A to Micro-B Cable, Anthra Line",LINDY
SDCS3/256GB,740617348507,25.24,113,instock,yes,Kingston Canvas Select Plus 256GB Class 10 UHS-I Micro SD Card with Lifetime Warranty,KINGSTON
38510,4002888385107,44.2,3,instock,yes,Lindy 38510 10m HDMI (M) 2.1 Anthra Line 7680x4320@60Hz / 3840x2160@120Hz Fibre Optic Hybrid Cable - Black,LINDY
USB3C-901-2M,5055781245350,4.89,19,instock,yes,USB 3.1 Type-C (M) to USB 3.1 Type-C (M) 2m Black OEM Data Cable,TARGET
B760 PRO RS,4710483942044,78.01,2,instock,yes,"ASRock B760 PRO RS Intel 1700 Socket Motherboard, ATX, 4x DDR5 Slots, 3x M.2 Socket, Fitted I/O Shield, 2.5GbE LAN, 1x DisplayPort / 1x HDMI Port",ASROCK
EP2-36894,0196388569243,73.57,1000,instock,yes,"Microsoft 365 Family Medialess Latest Version - 1 Year Subscription 6 Users, up to 5 devices  - Electronic Download ESD",MICROSOFT
99DP-002LOCK,5053118326529,2.92,209,instock,yes,DisplayPort 1.2 (M) to DisplayPort 1.2 (M) 2m Black OEM Display Cable,TARGET
TAPO C720,4895252500219,80.7,4,instock,yes,TP-Link Tapo C720 Smart Floodlight Camera,TP-LINK
BK043,4260052192528,34.24,30,instock,yes,"be quiet! Pure Rock Pro 3 LX CPU Cooler, Universal Socket, 2 x Light Wings Fans, 2000RPM, only 34.8dB(A) at maximum fan speed, 250W TDP, 3-year manufacturer's warranty",BEQUIET
TL-SG105PE,6935364052751,38.7,19,instock,yes,TP-Link TL-SG105PE 5-Port Metal Gigabit Easy Smart PoE Switch with 4-Port PoE+ (65W),TP-LINK
BL096,4260052188880,13.47,4,instock,yes,"be quiet! Silent Wings 4 PWM Black Fan, 140mm, 1100RPM, 4-Pin PWM Fan Connector, Black Frame, Black Blades, Optimized Fan Blades for High End Performance, 2 Mounting Options",BEQUIET
RB-02-4GANGSWD,5055781240140,7.88,8,instock,yes,2m 4 Gang Surge Protected LED Indicator Individually Switched UK Mains Extension - White,TARGET
BK047,4260052193150,14.99,88,instock,yes,"be quiet! Pure Rock Slim 3 Fan CPU Cooler, Universal Socket, High Quality 100mm PWM Black Cooling Fan, 1700RPM, 3 Heat Pipes, 130W TDP, Intel 1851/ 1700 & AMD AM4/ AM5 Compatible",BEQUIET
ME80X,6957939001124,33.7,13,instock,yes,Mercusys ME80X AX3000 Wi-Fi Range Extender,MERCUSYS
ER605,6935364089597,36.21,54,instock,yes,TP-Link Omada ER605 (TL-R605) Omada Gigabit VPN Router,TP-LINK
90-ACLA36-BAAGA6,4711581493483,59.4,4,instock,yes,"ASRock Challenger 360 Digital AIO Liquid CPU Cooler, 360mm Radiator, Triple 120mm PWM ARGB Fans, 3? Digital Display, Intel LGA1700/1851 & AMD AM5/AM4 Compatible",ASROCK
KVR56S46BS6-8,740617334074,92.03,61,instock,yes,"Kingston ValueRAM KVR56S46BS6-8 8GB (1x 8GB) SODIMM System Memory, 5600MHz, DDR5, CL46",KINGSTON
ER706W,4895252500691,119.63,14,instock,yes,TP-Link Omada ER706W AX3000 WiFi 6 Gigabit VPN All-in-One Gateway Router,TP-LINK
X870 NOVA WIFI,4710483942754,195.43,9,instock,yes,"ASRock PHANTOM GAMING X870 Nova WiFi AMD Socket AM5 Motherboard, 4 x DDR5 Slots, 5x M.2 Socket, 5GbE LAN, Wi-Fi 7, 1x HDMI Port / 1x USB-C (USB4)",ASROCK
BM007,4260052192764,57.44,32,instock,yes,"be quiet! Dark Perk Ergo Lightweight Ergonomic 32000dpi Wireless Gaming Mouse with 2.4GHz Wireless, PixArt PAW3950 Sensor, 110 Hours Battery Life & 8000 Hz Polling Rate",BEQUIET
TM8PS7256G0C101,765441040960,41.59,29,instock,yes,"Team MS30 (TM8PS7256G0C101) 256GB, M.2 Sata Interface, PCIe Gen3, Read 550MB/s, Write 470MB/s, 3 Year Warranty",TEAM
HDHDPORT-005CAB,5055781214530,4.21,13,instock,yes,DisplayPort 1.2 (M) to HDMI 1.4 (F) Black OEM Converter Adapter,TARGET
EAP683 UR,8885020621945,125.93,5,instock,yes,TP-Link Omada AX6000 Ceiling Mount Dual-Band Wi-Fi 6 Ultra Range Access Point,TP-LINK
SXS1000/1000G,740617338515,151.29,8,instock,yes,"Kingston XS1000 (SXS1000/1000G) 1TB Portable External SSD, Read 1050MB/s, Write 1000MB/s, USB 3.2 Gen 2, 5 Year Warranty",KINGSTON
EAP723,8885020623048,67.41,183,instock,yes,TP-Link Omada EAP723 BE3600 Ceiling Mount Wi-Fi 7 Access Point,TP-LINK
LS105G,6935364085483,9.81,9,instock,yes,TP-Link LiteWave LS105G 5-Port 10/100/1000Mbps Metal Gigabit Desktop Network Switch,TP-LINK
KF432C16BBK2/64,740617319804,467.32,1,instock,yes,"Kingston FURY Beast KF432C16BBK2/64 64GB (2x 32GB) DIMM System Memory, 3200MHz, DDR4, CL16, Black, Intel XMP",KINGSTON
ST20000VE003,8719706436885,612.43,25,instock,yes,Seagate ST20000VE003 SkyHawk AI 20TB SATA Hard Drive 512MB Cache,SEAGATE
MPK-5,5053118011999,0.56,62,instock,yes,Target Non Slip Black Mouse Pad,TARGET
B850M PRO RS,4711581490345,83.54,2,instock,yes,"ASRock B850M Pro RS AMD AM5 Socket Motherboard, Micro-ATX, 4x DDR5 Slots, 3x M.2 Sockets, Fitted I/O Shield, 2.5GbE LAN, 1x DisplayPort / 1x HDMI Port",ASROCK
21432964,5397231019112,19.92,68,instock,yes,"Norton 360 Deluxe, Antivirus Software for 5 Devices, 1-year Subscription, Includes Secure VPN, Password Manager and 50GB of Cloud Storage, PC/Mac/iOS/Android, Retail Boxed",NORTON
C11CK65401,8715946702483,47.5,158,instock,yes,"Epson Expression Home XP-4200 C11CK65401 Inkjet Printer, Colour, Wireless, All-in-One, A4, 6.1cm LCD Screen, Duplex",EPSON
AHD710P-2TU31-CBK,4713218460424,83.29,30,instock,yes,"Adata HD710 Pro Durable 2TB USB 3.1 Portable External Hard Drive IP68 Waterproof, Shockproof, Dustproof, Black",ADATA
DTXM/128GB,740617326376,6.55,852,instock,yes,"Kingston DataTraveler ExodiaM DTXM/128GB USB Flash Drive, 128GB, USB 3.2, Red / Black, Moving Cap Design",KINGSTON
T253X7001T0C101,765441065628,89.95,43,instock,yes,"Team QX2 (T253X7001T0C101) 1TB 2.5 Inch SSD, Sata 3 Interface, Read 560MB/s, Write 500MB/s, 3 Year Warranty",TEAM
63DFKAT4UK,0196802905176,85.97,29,instock,yes,"Lenovo ThinkVision S27i-30, 27 Inch, Full HD (1920 x 1080), 100Hz, 4ms, 16:9, IPS, WLED Monitor, HDMI, VGA, Tilt Adjustable, 3 Year Warranty",LENOVO
BW029EU,4260052193181,53.33,36,instock,yes,"be quiet! Pure Loop 3 Liquid CPU Cooler, Universal Socket, 360mm Radiator, 3 x Pure Wings 3 120mm PWM High Speed, 3-year manufacurer's warranty.",BEQUIET
MPN-4,5053118005806,0.53,22,instock,yes,Target Non Slip Green Mouse Pad,TARGET
NLHDMI-HSV03,5055781225314,6.67,25,instock,yes,HDMI 1.4 (M) to SVGA & Audio (F) Black OEM Converter Adapter,TARGET
BP026EU,4260052192184,58.97,1,instock,yes,"be quiet! Pure Power 13 M 750W is ATX 3.1 compliant and PCIe 5.1 compatible, 10-year manufacturer's warranty",BEQUIET
TM8FP6256G0C101,0765441048096,39.57,9,instock,yes,"Team MP33 (TM8FP6256G0C101) 256GB NVMe M.2 Interface, PCIe Gen3, 2280, Read 1600MB/s, Write 1000MB/s, 3 Year Warranty",TEAM
ER7206,6935364072407,101.59,6,instock,yes,TP-Link Omada TL-ER7206 SafeStream Gigabit Multi-WAN VPN Router,TP-LINK
BW030EU,4260052193198.00,46.6,20,instock,yes,"be quiet! Pure Loop 3 LX Liquid CPU Cooler, Universal Socket, 240mm Radiator, 2 x Light  Wings LX PWM High Speed, Stylish ARGB cooling block featuring 10 included lighting foils, 3-year manufacurer's warranty.",BEQUIET
KCP432NS8/16,7406173114880,172.32,10,instock,yes,"Kingston KCP432NS8/16 16GB (1x 16GB) DIMM System Memory, 3200MHz, DDR4, CL22",KINGSTON
SA400S37/480G,0740617263442,79.59,82,instock,yes,"Kingston A400 (SA400S37/480G) 480GB, 2.5 Inch SSD, SATA 3 Interface, Read 500MB/s, Write 450MB/s, 3 Year Warranty",KINGSTON
B650M PRO RS,4710483943096,80.38,6,instock,yes,"ASRock B650M Pro RS AMD AM5 Socket Motherboard, Micro-ATX, 4x DDR5 Slots, 3x M.2 Sockets, Fitted I/O Shield, 2.5GbE LAN, 1x DisplayPort / 1x HDMI Port",ASROCK
BK036,4260052190746,57.9,118,instock,yes,"be quiet! Dark Rock Pro 5 CPU Cooler, INTEL/AMD Socket, 2 x Silent Wings Fans, 2000RPM, 7 Heat Pipes & Speed Switch",BEQUIET
AHV300-2TU31-CBL,4713218465030,65.35,1,instock,yes,"Adata H300 2TB USB 3.1 2.5 Inch Portable External Hard Drive, Blue",ADATA
DT70/64GB,740617305340,4.01,500,instock,yes,"Kingston DT70/64GB DataTraveler 64GB USB Flash Drive, USB 3.2,  USB-C, Gen1, 80MB/s, Clear Cap, Black, Retail.",KINGSTON
TL-SG1016,6935364020095,45.4,6,instock,yes,TP-Link TL-SG1016 16-Port Metal Gigabit Rackmount Network Switch,TP-LINK
ERT-602K,5053118762884,1.06,12,instock,yes,RJ45 (M) to RJ45 (M) CAT6 2m Black OEM Moulded Boot Copper UTP Network Cable,TARGET
90-ACLA24-WAAGA6,4711581493476,54.65,4,instock,yes,"ASRock Challenger 240 Digital AIO Liquid CPU Cooler, 240mm Radiator,White, Dual 120mm PWM ARGB Fans, 3"" Digital Display, Intel LGA1700/1851 & AMD AM5/AM4 Compatible",ASROCK
BK030,4260052188453,16.81,2,instock,yes,"be quiet! Pure Rock Slim 2 Fan CPU Cooler, Universal Socket, Pure Wings 2 92mm PWM Black Cooling Fan, 2000RPM, 3 Heat Pipes, 130W TDP, Slim & Compact Design, Intel LGA 1700 & AMD AM5 Compatible",BEQUIET
AHV620S-1TU31-CBK,4713218461100,65.15,16,instock,yes,"Adata AHV620S-1TU31-CBK 1TB USB 3.1 Black 2.5"" Portable External Hard Drive",ADATA
BP001EU,4260052191163,42.66,33,instock,yes,"be quiet! 550W PURE POWER 12, 80 PLUS Gold, ATX 3.1 compliant and PCIe 5.1 compatible,10-year manufacturer's warranty",BEQUIET
77DVHD-3302,5055781210211,1.63,21,instock,yes,HDMI 1.4 (M) to DVI-D (M) 2m Black OEM Display Cable,TARGET
99CDL2-1602,5055781209833,0.63,164,instock,yes,USB 2.0 A (M) to USB 2.0 Micro B (M) 1.8m Black OEM Data Cable,TARGET
21426550,5397231015589,10.61,389,instock,yes,"Norton 360 with Game Optimizer, Antivirus software for 3 Devices, 1-year subscription Includes Secure VPN, Dark Web Monitoring and Password Manager, 50GB of Cloud Storage, PC/Mac/iOS/Android",NORTON
90-APRA36-BAAGA6,4711581493537,46.73,3,instock,yes,"ASRock Pro 360 ARGB AIO Liquid CPU Cooler, 360mm Radiator, Triple 120mm PWM Fans, Addressable RGB, Intel LGA1700/1851 & AMD AM5/AM4 Compatible",ASROCK
99CDL2-1600,5055781239540,0.43,16,instock,yes,USB 2.0 A (M) to USB 2.0 Micro B (M) 0.5m Black OEM Data Cable,TARGET
USB3C-921,5055781233784,3.19,174,instock,yes,"TARGET USB3C-921 Data Cable, USB 3.1 Type-A (M) to USB 3.1 Type-C (M), 1m, Black, 10Gbps Data Transfer Rate, Supports up to 3A 20V (60W), USB Power Delivery v2.0, OEM Polybag Packaging",TARGET
B860I WIFI,4711581490321,98.51,32,instock,yes,"ASRock B860I WiFi Intel 1851 Socket Motherboard, Mini-ITX, 2x DDR5 Slots, 2x M.2 Socket, 2.5GbE + 1GbE LAN, Wi-Fi 6E, 1x DisplayPort / 1x HDMI Port",ASROCK
BW025,4260052192542,79.95,34,instock,yes,"be quiet! Silent Loop 3 360mm All-in-One Liquid CPU Cooler, ARGB Lighting, Silent Wings 4 Fans, 3-Chamber Pump, High-Performance Cooling for Intel & AMD CPUs",BEQUIET
KCP556SD8-32,740617335040,330.48,38,instock,yes,"Kingston KCP556SD8-32 32GB (1x 32GB) SODIMM System Memory, 5600MHz, DDR5, CL46",KINGSTON
BGW72,4260052191781,152.14,19,instock,yes,"be quiet! BGW72  Light Base 900 FX Full Tower Gaming Case - White, 1 x USB Type-C / 2 x USB 3.0,  Tempered Glass Front & Side Window Panel, 4 x Light Wings ARGB Fans, E-ATX / XL-ATX / ATX / M-ATX / Mini-ATX Compatible",BEQUIET
570-AAIR,0884116194750,5.85,120,instock,yes,"Dell MS116 Wired USB Mouse, 2-Buttons, 1000dpi and Optical Tracking, Ambidextrous Design for PC, Mac and Laptop, Black",DELL
USB3C-901-1H,5055781245367,5.67,10,instock,yes,USB 3.1 Type C (M) to Type C (M) Cable 1.5m Black OEM Data Cable,TARGET
TX13128GC01,4711430803746,11.38,9,instock,yes,"Team TX13128GC01 2 in 1 Dual OTG 128GB Flash Drive, X1 USB 3.2 Gen1, Type C & A, Plug and Play",TEAM
ERT-602W,5053118724967,1.09,4,instock,yes,RJ45 (M) to RJ45 (M) CAT6 2m White OEM Moulded Boot Copper UTP Network Cable,TARGET
RB-305,5055781217869,4.46,30,instock,yes,UK Mains to IEC Kettle 5m Black OEM Power Cable,TARGET
BL134,4260052192894,16.59,34,instock,yes,"be quiet! Light Wings 140mm PWM Reverse, ARGB Lighting, Ultra-Quiet Operation Max 25.5dB(A), High Airflow, 60,000 Hours",BEQUIET
KF560C36BBE2A-32,740617350302.00,339.59,2,instock,yes,"Kingston FURY Beast KF560C36BBE2A-32 32GB (1x 32GB) DIMM System Memory, 6000MHz, DDR5, CL36, Black, RGB, Intel XMP, AMD EXPO",KINGSTON
DTKN/64GB,740617309102,8.89,71,instock,yes,Kingston DataTraveler Kyson 64GB USB 3.2 Capless Metal USB Flash Drive,KINGSTON
MP500 KIT,6957939000530,24.7,39,instock,yes,Mercusys MP500 KIT AV1000 Gigabit Powerline Starter Kit (UK Plug),MERCUSYS
21485888,5397231038830,14.46,22,instock,yes,"Norton VPN 5 Device 1-year Subscription, Includes Change Location, Content Access, Auto Connect and Ad Tracker Blocking, PC/Mac/iOS/Android, Retail Boxed",NORTON
73416,4002888734165,6.56,111,instock,yes,"LINDY 73416 Power Adapter, USB, 24 pin USB-C, 20W, Fast Charge, Power Delivery 3.0, White",LINDY
X870 PRO-A WIFI,4710483942310,130.81,3,instock,yes,"ASRock X870 Pro-A WiFi AMD AM5 Socket Motherboard, 4 x DDR5 Slots, 3x M.2 Socket, 2.5GbE LAN, Wi-Fi 7, 1x HDMI Port / 2x USB-C (USB4)",ASROCK
BP012EU,4260052191880,45.97,4,instock,yes,"be quiet! System Power 11 750W is ATX 3.1 compliant and PCIe 5.1 compatible, 5-year manufacturer's warranty",BEQUIET
KCP432SD8/16,0740617310986,138.34,8,instock,yes,"Kingston KCP432SD8/16 16GB (1x 16GB) SODIMM System Memory, 3200MHz, DDR4, CL22",KINGSTON
ER8411,4897098683132,402.12,20,instock,yes,TP-Link Omada ER8411 VPN Router with 10G Ports,TP-LINK
MA530,6957939002183,3.51,120,instock,yes,Mercusys MA530 Bluetooth Nano USB Adapter,MERCUSYS
KF552C40BBK2-16,740617325959,185.68,10,instock,yes,"Kingston FURY Beast KF552C40BBK2-16 16GB (2x 8GB) DIMM System Memory, 5200MHz, DDR5, CL40, Black, Intel XMP",KINGSTON
90-APRA24-BAAGA6,4711581493513,41.98,4,instock,yes,"ASRock Pro 240 ARGB AIO Liquid CPU Cooler, 240mm Radiator, Dual 120mm PWM Fans, Addressable RGB, Intel LGA1700/1851 & AMD AM5/AM4 Compatible",ASROCK
ERT-605K,5053118007558,2.25,5,instock,yes,RJ45 (M) to RJ45 (M) CAT6 5m Black OEM Moulded Boot Copper UTP Network Cable,TARGET
ASU630SS-960GQ-R,4713218469199,87.94,148,instock,yes,"Adata Ultimate SU630 (ASU630SS-960GQ-R) 960GB 2.5 Inch SSD, SATA 3 Interface, Read 520MB/s, Write 450MB/s, 3 Year Warranty",ADATA
36471,4002888364713,2.36,150,instock,yes,Lindy 36471 1m HDMI (M) 2.0 High Speed Black Line 4096x2160@60Hz Cable with Ethernet - Black,LINDY
TL-SG108E,6935364021863,25.4,22,instock,yes,TP-Link TL-SG108E 8-Port Metal Gigabit Easy Smart Switch,TP-LINK
ER706W-4G,0840030705267,169.31,12,instock,yes,TP-Link Omada ER706W-4G 4G+ Cat6 AX3000 Gigabit VPN Router,TP-LINK
KVR32S22S8/16,0740617310894,158.77,20,instock,yes,"Kingston ValueRAM KVR32S22S8/16 16GB (1x 16GB) SODIMM System Memory, 3200MHz, DDR4, CL22",KINGSTON
KF552C40BB-16,740617324372,167.87,2,instock,yes,"Kingston FURY Beast KF552C40BB-16 16GB (1x 16GB) DIMM System Memory, 5200MHz, DDR5, CL40, Black, Intel XMP",KINGSTON
UD256GEX3L1-C,4711085947369,47.95,12,instock,yes,"Adata Premier Extreme 256GB microSDXC SD7.1 Express Card, Nintendo Switch 2 Ready",ADATA
BW024,4260052192535,65.22,29,instock,yes,"be quiet! Silent Loop 3 240mm All-in-One Liquid CPU Cooler, ARGB Lighting, Silent Wings 4 Fans, 3-Chamber Pump, High-Performance Cooling for Intel & AMD CPUs",BEQUIET
KW9-00664,889842965476,86.32,1000,instock,yes,Microsoft Windows 11 Home 64bit All Language ESD,MICROSOFT
MS105GP,6957939003609,18.3,39,instock,yes,Mercusys MS105GP 5-Port Gigabit Desktop Switch with  4-Port PoE+,MERCUSYS
LS1005G,0845973085469,8.25,149,instock,yes,TP-Link LiteWave LS1005G 5-Port 10/100/1000Mbps Gigabit Desktop Network Switch,TP-LINK
BL132,4260052192870,10.19,32,instock,yes,"be quiet! Light Wings LX 120mm PWM Reverse, Black, ARGB Lighting, High Airflow, 60,000 Hours, 3 year warranty",BEQUIET
36730,4002888367301,0.92,49,instock,yes,"Lindy 36730 0.2m USB 2.0 Type A to Micro-B Cable, Anthra Line",LINDY
BP011EU,4260052191873,33.2,140,instock,yes,"be quiet! System Power 11 650W is ATX 3.1 compliant and PCIe 5.1 compatible, 5-year manufacturer's warranty",BEQUIET
BP008EU,4260052191385,98.77,1,instock,yes,"be quiet! Power Zone 2 1000W PSU - 80 PLUS Platinum, Semi-Passive Cooling, Pure Wings 3 Fan, PCIe 5.1/ATX 3.1 Compatibility, 10-Year Warranty",BEQUIET
TG-3468,0777404566707,8.36,1,instock,yes,TP-Link TG-3468 Gigabit PCI Express Network Adapter,TP-LINK
B850 PRO-A WIFI,4711581490192,102.44,70,instock,yes,"ASRock B850 Pro-A WiFi AMD AM5 Socket Motherboard, ATX, 4x DDR5 Slots, 4x M.2 Sockets, 2.5GbE LAN, Wi-Fi 6E, 1x HDMI Port / 1x USB-C",ASROCK
TL-WR841N,1210002620659,24.9,20,instock,yes,TP-Link TL-WR841N N300 Wireless Cable Router,TP-LINK
KF552C40BB2A-32,740617350357,334.73,19,instock,yes,"Kingston FURY Beast KF552C40BB2A-32 32GB (1x 32GB) DIMM System Memory, 5200MHz, DDR5, CL40, Black, RGB, Intel XMP",KINGSTON
HDHDPORT-005-2M,5055781225361,4.65,42,instock,yes,DisplayPort (M) to HDMI (M) 2m Black OEM Display Cable,TARGET
41899,4002888418997,3.13,14,instock,yes,"LINDY 41899 USB Adapter, USB 3.2 Type-C (M) to USB 3.2 Type-A (F), Adapter, Black, Supports Data Transfer Speeds up to 10Gbps, Robust PVC Housing & Nickel Connectors, Retail Polybag Packaging",LINDY
36472,4002888364720,2.73,127,instock,yes,Lindy 36472 2m HDMI (M) 2.0 High Speed Black Line 4096x2160@60Hz Cable with Ethernet - Black,LINDY
KCP556UD8-32,740617334395,330.48,17,instock,yes,"Kingston KCP556UD8-32 32GB (1x 32GB) DIMM System Memory, 5600MHz, DDR5, CL46",KINGSTON
B850M-X WIFI R2.0,4711581490765,78.01,3,instock,yes,"ASRock B850M-X WiFi R2.0 AMD AM5 Socket Motherboard, Micro-ATX, 2x DDR5 Slots, 2x M.2 Sockets, 2.5GbE LAN, Wi-Fi 6E, 1x DisplayPort / 1x HDMI Port",ASROCK
UD512GEX3L1-C,4711085947376,102.02,4,instock,yes,"Adata Premier Extreme 512GB microSDXC SD7.1 Express Card, Nintendo Switch 2 Ready",ADATA
CDLDP40-01,5055781250231,6.41,65,instock,yes,"DisplayPort (M) to DisplayPort (M), DisplayPort 2.1, 1m, 8K60Hz Support, 2K240Hz (2560 x 1440) Support, UHBR10, 16k30Hz Support, 1080p Support 360Hz, Black",TARGET
TL-SG1210P,6935364052997,60.32,15,instock,yes,TP-Link TL-SG1210P 10-Port Metal Gigabit Desktop Switch with 8-Port PoE+ (63W),TP-LINK
DT70/128GB,740617305418,6.55,92,instock,yes,"Kingston DT70/128GB DataTraveler 128GB USB Flash Drive, USB 3.2,  USB-C, Gen1, 80MB/s, Cap Design, Black, Retail.",KINGSTON
TL-SG1008P,0845973021160,36.52,26,instock,yes,TP-Link TL-SG1008P 8-Port Metal Gigabit Desktop PoE Switch with 4-Port PoE+ (64W),TP-LINK
KF556C36BBEK2-32,740617330793,335.74,23,instock,yes,"Kingston FURY Beast KF556C36BBEK2-32 32GB (2x 16GB) DIMM System Memory, 5600MHz, DDR5, CL36, Black, Intel XMP, AMD EXPO",KINGSTON
BP010EU,4260052191866,30.7,1,instock,yes,"be quiet! System Power 11 550W is ATX 3.1 compliant and PCIe 5.1 compatible, 5-year manufacturer's warranty",BEQUIET
AGAMMIXS70B-2T-CS,4711085933072,208.45,3,instock,yes,"Adata XPG GAMMIX S70 Blade (AGAMMIXS70B-2T-CS) 2TB NVMe SSD, M.2 Interface, PCIe Gen4, 2280, Read 7400MB/s, Write 6700MB/s, 5 Year Warranty",ADATA
MB230-4G,6957939001834,37.9,7,instock,yes,Mercusys MB230-4G 4G+ Cat6 AC1200 Wireless Dual Band Gigabit Router,MERCUSYS
AUV128-64G-RBE,4713435797150,4.05,30,instock,yes,"Adata UV128 64GB USB 3.2 Gen 1 Flash Drive, Capless Design, Black/Blue",ADATA
EP2-06798,EP2-06798,88.42,1000,instock,yes,Microsoft Office Home 2024 Medialess - Electronic Download,MICROSOFT
TC14164GG01,0765441016255,4.72,32,instock,yes,Team C141 64GB USB 2.0 Green USB Flash Drive,TEAM
A520M-ITX/AC,4710483932045,65.4,29,instock,yes,"ASRock A520M-ITX/ac AMD AM4 Socket Motherboard, Mini-ITX, 2x DDR4 Slots, 1x M.2 Socket, GbE LAN, Wi-Fi 5, 1x DisplayPort / 1x HDMI Port",ASROCK
B760M-HDV/M.2,4710483943485,59.11,14,instock,yes,"ASRock B760M-HDV/M.2 Intel 1700 Socket Motherboard, Micro-ATX, 2x DDR5 Slots, 2x M.2 Sockets, 2.5GbE LAN, 1x D-Sub / 1x DisplayPort / 1x HDMI Port",ASROCK
DTX/256GB,0740617310023,15.2,109,instock,yes,Kingston DataTraveler Exodia 256GB USB 3.2 Blk/Pink USB Flash Drive,KINGSTON
X870 PRO RS,4710483949326,126.87,2,instock,yes,"ASRock X870 PRO RS AMD AM5 Socket Motherboard, ATX, 4x DDR5 Slots, 3x M.2 Sockets, Fitted I/O Shield, 2.5GbE LAN, 1x HDMI Port / 2x USB-C (USB4)",ASROCK
SFYR2S/4T0,0740617349504,591.4,5,instock,yes,"Kingston FURY Renegade (SFYR2S/4T0 ) 4TB NVMe SSD, M.2 Interface, PCIe 5.0 x4 NVMe, 2280, Up to 14,800MB/s read, 14,000MB/s write, Limited 5-year warranty with free technical support.",KINGSTON
BGW63,4260052190630,88.04,88,instock,yes,"be quiet! BGW63 Shadow Base 800 FX  Mid Tower Gaming Case, 1 x USB Type-C / 1 x USB 3.2, Tinted and Tempered Glass Side Window Panel, Air-permeable Front and Top Cover, 4 x Pre-Installed ARGB LED Fans, E-ATX / ATX / M-ATX / Mini-ITX Compatible",BEQUIET
KF432C16BB/8,740617319910,74.84,35,instock,yes,"Kingston FURY Beast KF432C16BB/8 8GB (1x 8GB) DIMM System Memory, 3200MHz, DDR4, CL16, Black, Intel XMP",KINGSTON
30454,4002888304542,2.22,3,instock,yes,Lindy 30454 0.5m UK 3 Pin Plug To Right Angle IEC C7 (Figure-8) 3 Amp Fuse Mains Extension Cable - Black,LINDY
ASU630SS-480GQ-R,4713218469182,42.49,20,instock,yes,"Adata Ultimate SU630 (ASU630SS-480GQ-R) 480GB 2.5 Inch SSD, SATA 3 Interface, 520MB/s Read, 450MB/s Write, 3 Year Warranty",ADATA
TD20,1210002609593,37.5,30,instock,yes,TP-Link TD20 Smart Video Doorbell Mini,TP-LINK
HDHDPORT-001CAB,5053118792010,3.96,7,instock,yes,DisplayPort 1.2 (M) to DVI-D (F) Black OEM Adapter,TARGET
SLEG-900-512GCS,4711085944146,67.3,40,instock,yes,"Adata Legend 900 (SLEG-900-512GCS) 512GB NVMe SSD, PCIe Gen4, M.2 Interface, 2280, Read 7000 MB/s, Write 5400 MB/s, Heatsink, 5 Year Warranty",ADATA
EAP653,4897098685235,58.41,642,instock,yes,TP-Link Omada EAP653 AX3000 Ceiling Mount WiFi 6 Access Point,TP-LINK
CDEX-702K,5711045545894,2.59,41,instock,yes,SVGA (M) to SVGA (M) 2m Black OEM Display Cable,TARGET
KVR32S22D8/16,740617296082,138.34,26,instock,yes,"Kingston ValueRAM KVR32S22D8/16 16GB (1x 16GB) SODIMM System Memory, 3200MHz, DDR4, CL22",KINGSTON
BW027EU,4260052193167,40.66,10,instock,yes,"be quiet! Pure Loop 3 Liquid CPU Cooler, Universal Socket, 240mm Radiator, 2 x Pure Wings 3 120mm PWM High Speed, 3-year manufacurer's warranty.",BEQUIET
X870 RIPTIDE WIFI,4710483949357,178.88,5,instock,yes,"ASRock X870 RIPTIDE WIFI AMD AM5 Socket Motherboard, ATX, 4x DDR5 Slots, 3x M.2 Sockets, Fitted I/O Shield, 2.5GbE LAN, Wi-Fi 7, 1x HDMI Port / 2x USB-C (USB4)",ASROCK
TM8PS7512G0C101,765441040977,56.59,72,instock,yes,"Team MS30 (TM8PS7512G0C101) 512GB, M.2 Sata Interface, PCIe Gen3, Read 550MB/s, Write 480MB/s, 3 Year Warranty",TEAM
BW031EU,4260052193204,58.91,28,instock,yes,"be quiet! Pure Loop 3 LX Liquid CPU Cooler, Universal Socket, 360mm Radiator, 3 x Light  Wings LX PWM High Speed, Stylish ARGB cooling block featuring 10 included lighting foils, 3-year manufacurer's warranty.",BEQUIET
36693,4002888366939,1.43,5,instock,yes,Lindy 36693 2m USB-A (M) 2.0 Anthra Line 480Mbps Cable - Black,LINDY
ERT-600R,5053118660371,0.54,6,instock,yes,RJ45 (M) to RJ45 (M) CAT6 0.5m Red OEM Moulded Boot Copper UTP Network Cable,TARGET
SMAR-980B-2TCS,4711658150837,252.79,3,instock,yes,"ADATA XPG MARS 980 BLADE (SMAR-980B-2TCS) 2TB NVMe SSD, M.2 Interface ,PCIe Gen 5, 2280,  Read 14,000MB/s,  Write 13,000MB/s, 5 Year Warranty",ADATA
BP005EU,4260052191200,69.8,59,instock,yes,"be quiet! 1000W PURE POWER 12, 80 PLUS Gold, ATX 3.1 compliant and PCIe 5.1 compatible,10-year manufacturer's warranty",BEQUIET
BL094,4260052188866,13.49,177,instock,yes,"be quiet! Silent Wings 4 PWM High Speed Black Fan, 120mm, 2500RPM, 4-Pin PWM Fan Connector, Black Frame, Black Blades, Optimized Fan Blades for High End Performance, 2 Mounting Options",BEQUIET
AUV128-256G-RBE,4713435796634,23.14,39,instock,yes,"Adata DashDrive UV128 256GB USB 3.0 Flash Drive, Black and Blue",ADATA
36675,4002888366755,2.61,39,instock,yes,Lindy 36675 5m USB-A (M) 2.0 To USB-B (M) 2.0 Anthra Line 480Mbps Cable - Black,LINDY
DTDUO3CG3/64GB,740617328219,13.06,30,instock,yes,"Kingston DataTraveler DTDUO3CG3/64GB 64GB MicroDuo USB OTG Flash Drive, 3C, USB-C and Type A",KINGSTON
MR27BE,6957939001728,51.02,8,instock,yes,Mercusys MR27BE BE3600 Dual-Band Wi-Fi 7 Router,MERCUSYS
TL-SG1218MP,6935364072155,121.14,4,instock,yes,TP-Link TL-SG1218MP 18-Port Metal Gigabit Rackmount PoE Switch with 16 PoE+ (250W),TP-LINK
BX80768245KF,5032037282109,125.0,21,instock,yes,"Intel Core Ultra 5 245KF 14 Core Processor, 14 Threads, 3.6GHz up to 5.2GHz, LGA 1851 Arrow Lake Processor, 24MB Cache,125w, 159w Maximum Turbo Power, No Graphics, No Cooler",INTEL
A620AM PRO-A,4711581490963,62.26,13,instock,yes,"ASRock A620AM PRO-A AMD Socket AM5 Motherboard, 4x DDR5 Slots, 3x M.2 Socket, 2.5GbE LAN, 1x HDMI Port",ASROCK
ALEG-710-2TCS,4711085939470,179.59,21,instock,yes,"Adata Legend 700 (ALEG-710-2TCS) 2TB NVMe SSD, M.2 Interface, PCIe Gen3, 2280, Read 2400MB/s, Write 1800MB/s, Heatsink, 3 Year Warranty",ADATA
X870 PRO RS WIFI,4710483949333,141.2,94,instock,yes,"ASRock X870 PRO RS WIFI AMD AM5 Socket Motherboard, ATX, 4x DDR5 Slots, 3x M.2 Sockets, Fitted I/O Shield, 2.5GbE LAN, Wi-Fi 7, 1x HDMI Port / 2x USB-C (USB4)",ASROCK
BL077,4260052188811,35.34,33,instock,yes,"be quiet! Light Wings PWM High Speed Addressable RGB Fan Pack, 120mm, 2500RPM, 4-Pin PWM Fan & 3-Pin ARGB Connectors, Black Frame, Black Blades, ARGB Lighting on Front & Rear, Addressable RGB Hub Included",BEQUIET
ERT-601R,5053118439328,0.72,10,instock,yes,RJ45 (M) to RJ45 (M) CAT6 1m Red OEM Moulded Boot Copper UTP Network Cable,TARGET
B760M-HDV/M.2 D4,4710483942020,51.85,186,instock,yes,"ASRock B760M-HDV/M.2 D4 Intel 1700 Socket Motherboard, Micro-ATX, 2x DDR4 Slots, 2x M.2 Sockets, GbE LAN, 1x D-Sub / 1x DisplayPort / 1x HDMI Port",ASROCK
AHV620S-2TU31-CWH,4713218463081,81.32,13,instock,yes,"Adata HV620S 2TB USB 3.1 2.5 Inch Portable External Hard Drive, White",ADATA
TL-SG116,693536408433,38.45,7,instock,yes,TP-Link TL-SG116 16-Port Metal Gigabit Desktop Network Switch,TP-LINK
BP021EU,4260052192030,155.71,71,instock,yes,"be quiet! DARK POWER 14, 1200W, 80 PLUS certified and Cybenetics efficiency, ATX 3.1 compliant, PCIe 5.1 compatible, backed by a 10-year manufacturer's warranty.",BEQUIET
KF556C40BBK4-128,0740617335194,1325.19,10,instock,yes,"Kingston FURY Beast KF556C40BBK4-128 128GB (4x 32GB) DIMM System Memory, 5600MHz, DDR5, CL40, Black, Intel XMP",KINGSTON
ARCHER T4E,1210002602426,16.5,40,instock,yes,TP-Link Archer T4E AC1200 Wi-Fi PCI Express Adapter,TP-LINK
KF564C32RSK2-32,0740617329780,355.16,16,instock,yes,"Kingston FURY Renegade KF564C32RSK2-32 32GB (2x 16GB) DIMM System Memory, 6400MHz, DDR5, CL32, Silver, Intel XMP",KINGSTON
OC200,6935364084233,74.07,221,instock,yes,TP-Link Omada OC200 Hardware Cloud Controller,TP-LINK
SNV3S/4000G,740617346602,379.56,18,instock,yes,"Kingston NV3 (SNV3S/4000G) 4TB NVMe SSD, M.2 Interface, PCIe Gen4, 2280, Read 6000 MB/s, Write 5000 MB/s, 3 Year Warranty",KINGSTON
88BT-103,5053118495737,0.54,1,instock,yes,RJ11 (M) to RJ11 (M) 3m White OEM Cable,TARGET
SDCG4/256GB,740617347999,43.73,3,instock,yes,"Kingston Canvas Go! Plus SDCG4/256GB 256GB Micro SD Card, UHS-1 (U3)",KINGSTON
UX3405CA-QL241W,4711387866801,869.89,10,instock,yes,"ASUS Zenbook 14 OLED UX3405CA-QL241W,14 Inch 1920 x 1200 OLED Touchscreen, Intel Core Ultra 5 225H Processor, 16GB RAM, 512GB SSD, Windows 11 Home",ASUS
SFYR2S/2T0,0740617349498,290.32,22,instock,yes,"Kingston FURY Renegade (SFYR2S/2T0 ) 2TB NVMe SSD, M.2 Interface, PCIe 5.0 x4 NVMe, 2280, Up to 14,700MB/s read, 14,000MB/s write, Limited 5-year warranty with free technical support.",KINGSTON
99CDL2-022,5055781239410,0.63,42,instock,yes,USB 2.0 A (M) to USB 2.0 A (F) 1.8m Black OEM Extension Data Cable,TARGET
DTKN/128GB,740617309119,14.47,61,instock,yes,Kingston DataTraveler Kyson 128GB USB 3.2 Capless Metal USB Flash Drive,KINGSTON
ERT-601B,5053118642643,0.73,1,instock,yes,RJ45 (M) to RJ45 (M) CAT6 1m Blue OEM Moulded Boot Copper UTP Network Cable,TARGET
BL133,4260052192887,6.9,3,instock,yes,"be quiet! Light Wings LX 120mm PWM Reverse, White, ARGB Lighting, High Airflow, 60,000 Hours, 3 year warranty",BEQUIET
ERT-600-HB,5055781211522,0.45,77,instock,yes,RJ45 (M) to RJ45 (M) CAT6 0.25m Blue OEM Moulded Boot Copper UTP Network Cable,TARGET
SKC3000S/1024G,0740617324433,149.53,37,instock,yes,"Kingston KC3000 (SKC3000S/1024G) 1TB NVMe SSD, M.2 Interface, PCIe Gen4, 2280, Read 7000MB/s, Write 6000MB/s, 5 Year Warranty",KINGSTON
A620AM-HVS,4711581490802,46.9,63,instock,yes,"ASRock A620AM-HVS AMD AM5 Socket Motherboard, Micro-ATX, 2x DDR5 Slots, 2x M.2 Socket, GbE LAN, 1x D-Sub / 1x HDMI Port",ASROCK
EAP725-WALL,1210002607582,101.06,26,instock,yes,TP-Link Omada EAP725-WALL BE3600 Wall Plate Wi-Fi 7 Access Point,TP-LINK
EP2-06606,EP2-06606,178.12,21,instock,yes,Microsoft Office 2024 Home & Business Software Latest Version - Electronic Download,MICROSOFT
SKC3000D/2048G,0740617324242,338.18,7,instock,yes,"Kingston KC3000 (SKC3000D/2048G) 2TB NVME M.2 Interface, PCIe 4.0, 2280 SSD, Read 7000MB/s, Write 7000MB/s, 5 Year Warranty",KINGSTON
64B5KAT1UK,0198156629012,65.48,38,instock,yes,"Lenovo ThinkVision S24-4e, Full HD (1920 x 1080), 100Hz, 4ms, 16:9, IPS, WLED Monitor, HDMI, VGA, Tilt Adjustable, 3 Year Warranty",LENOVO
TL-SL1218MP,6935364099817,85.9,5,instock,yes,TP-Link TL-SL1218MP 16-Port Metal 10/100Mbps + 2-Port Gigabit Unmanaged PoE Switch (192W),TP-LINK
NX.J7WEK.01J,4711474376428,398.92,30,instock,yes,"Acer Aspire Go AG15-42P-R995, 15.6 Inch Screen 1920 x 1080 (Full HD), AMD Ryzen 7, 5825U Processor, up to 4.5 GHz, Radeon Graphics, 16GB RAM, 512GB SSD QLC, Gigabit Ethernet, Wi-Fi 6, Windows 11 Home",ACER
URT-601B,5053118898316,0.47,250,instock,yes,RJ45 (M) to RJ45 (M) CAT5e 1m Blue OEM Moulded Boot Copper UTP Network Cable,TARGET
36964,4002888369640,6.15,1,instock,yes,Lindy 36964 3m HDMI (M) 2.0 High Speed Anthra Line 4096x2160@60Hz Cable with Ethernet - Black,LINDY
USB3C-901,5055781233777,4.61,12,instock,yes,USB 3.1 Type-C (M) to USB 3.1 Type-C (M) 1m Black OEM Data Cable,TARGET
T253X7002T0C101,394926439316,149.59,95,instock,yes,"Team QX2 (T253X7002T0C101) 2TB 2.5 Inch SSD, Sata 3 Interface, Read 560MB/s, Write 550MB/s, 3 Year Warranty",TEAM
KF432C16BB/32,740617319828,343.43,23,instock,yes,"Kingston FURY Beast KF432C16BB/32 32GB (1x 32GB) DIMM System Memory, 3200MHz, DDR4, CL16, Black, Intel XMP",KINGSTON
DTDUO3CG3/128GB,740617328165,16.13,125,instock,yes,"Kingston DataTraveler DTDUO3CG3/128GB 128GB MicroDuo USB OTG Flash Drive, 3C, USB-C and Type A",KINGSTON
A620AM-X,4711581490819,58.32,6,instock,yes,"ASRock A620AM-X AMD Socket AM5 Motherboard, 2x DDR5 Slots, 2x M.2 Socket, 2.5GbE LAN, 1x HDMI Port / 1x Display Port",ASROCK
36672,4002888366724,1.15,23,instock,yes,Lindy 36672 1m USB-A (M) 2.0 To USB-B (M) 2.0 Anthra Line 480Mbps Cable - Black,LINDY
KVR32S22D8/32,740617310924,225.59,9,instock,yes,"Kingston ValueRAM KVR32S22D8/32 32GB (1x 32GB) SODIMM System Memory, 3200MHz, DDR4, CL22",KINGSTON
AHD710P-2TU31-CYL,4713218460684,84.45,18,instock,yes,"Adata HD710 Pro Durable 2TB USB 3.1 Portable External Hard Drive IP68 Waterproof, Shockproof, Dustproof, Yellow",ADATA
BL124,4260052191620,27.62,9,instock,yes,"be quiet! Light Wings LX 120mm PWM High-Speed Fan, ARGB Lighting, Black, Ultra-Quiet Operation, High Airflow, Rifle Bearing, Daisy-Chaining Support, 3-Pack",BEQUIET
SKC3000S/512G,0740617324402,127.83,57,instock,yes,"Kingston KC3000 (SKC3000S/512G) 512GB NVMe SSD, M.2 Interface, PCie Gen4, 2280, Read 7000MB/s, Write 3900MB/s, 5 Year Warranty",KINGSTON
AUV128-32G-RBE,4713435796641,3.74,298,instock,yes,"Adata UV128 32GB USB 3.2 Gen 1 Flash Drive, Black and Blue",ADATA
SNV3S/2000G,740617344783,238.67,4,instock,yes,"Kingston NV3 (SNV3S/2000G) 2TB NVMe SSD, M.2 Interface, PCIe Gen4, 2280, Read 6000 MB/s, Write 5000 MB/s, 3 Year Warranty",KINGSTON
TL-SG1218MPE,6935364086930,133.6,6,instock,yes,TP-Link TL-SG1218MPE 18-Port Metal Gigabit Easy Smart PoE Switch with 16-Port PoE+ (250W),TP-LINK
TAPO P304M,8885020620276,24.9,19,instock,yes,"TP-Link Tapo P304M Smart Wi-Fi Power Strip, 4-Outlets, Matter",TP-LINK
AGAMMIXS70B-1T-CS,4711085933065,129.11,10,instock,yes,"Adata XPG GAMMIX S70 Blade (AGAMMIXS70B-1T-CS) 1TB NVME SSD, M.2 Interface, PCIe Gen4, 2280, Read 7400MB/s, Write 5500MB/s, Heatsink, 5 Year Warranty",ADATA
30331,4002888303316,3.09,36,instock,yes,"Lindy 30331 2m IEC C14 (Kettle) To IEC C13 (Kettle) Mains Extension Cable - Black, Perfect for use in Offices, Control Rooms, Digital Signage and Home Theatre Setups",LINDY
USB3C-DP-2M,5055781241918,8.66,10,instock,yes,USB-C to DisplyPort 4K 60HZ 2 Meter Black Data Cable,TARGET
TC14132GY01,0765441016248,3.84,116,instock,yes,Team C141 32GB USB 2.0 Yellow USB Flash Drive,TEAM
B550 PG RIPTIDE,4710483935190,74.07,7,instock,yes,"ASRock B550 PG RIPTIDE AMD AM4 Socket Motherboard, ATX, 4x DDR4 Slots, 2x M.2 Socket, 2.5GbE LAN, 1x HDMI Port",ASROCK
ALEG-710-512GCS,4711085937834,69.6,46,instock,yes,"Adata Legend 710 (ALEG-710-512GCS) 512GB NVMe SSD, M.2 Interface, PCIe Gen3, 2280, Read 2400MB/s, Write 1600MB/s, Heatsink, 3 Year Warranty",ADATA
C11CK46401,8715946698793,130.09,3,instock,yes,"Epson Expression Photo XP-8700 C11CK46401 Printer,  Colour, Wireless, All-in-One, A4, Dual Paper Tray",EPSON
36731,4002888367318,0.95,1,instock,yes,"Lindy 36731 0.5m USB 2.0 Type A to Micro-B Cable, Anthra Line",LINDY
SLEG-860-500GCS,4711085949486,72.51,323,instock,yes,"Adata Legend 860 (SLEG-860-500GCS) 500GB NVMe SSD, PCIe Gen4, M.2 Interface, 2280, Read 5000 MB/s, Write 3000 MB/s, Heatsink 5 Year Warranty",ADATA
SKC3000D/4096G,0740617324297,430.11,21,instock,yes,"Kingston KC3000 (SKC3000D/4096G) 4TB NVMe SSD, M.2 Interface, PCIe Gen4, 2280, Read 7000MB/s, Write 7000MB/s, 5 Year Warranty",KINGSTON
KM7321WGY-UK,5397184357446,54.5,630,instock,yes,"Dell KM7321W Premier Multi-Device Keyboard and Mouse Combo, 2.4GHz / Bluetooth 5.0 Wireless, 12 programmable keys for PC and Laptop, QWERTY UK English Layout, Sliver",DELL
MS105GS,6957939001322,8.45,43,instock,yes,Mercusys MS105GS 5 Port Gigabit Ethernet Network Switch Steel Case,MERCUSYS
SXS1000R/1000G,0740617343748,151.29,6,instock,yes,"Kingston XS1000 Red (SXS1000R/1000G) 1TB Portable External SSD, Read 1050MB/s, Write 1000MB/s, USB 3.2 Gen 2, 5 Year Warranty",KINGSTON
AHV620S-4TU31-CBK,4713218463715,97.84,4,instock,yes,"Adata HV620S 4TB USB 3.1 2.5 Inch Portable External Hard Drive, Black",ADATA
KF556C40BB-16,740617325713,167.87,135,instock,yes,Kingston FURY Beast KF556C40BB-16 16GB 5600MHz DDR5 DIMM System Memory,KINGSTON
36474,4002888364744,4.39,12,instock,yes,Lindy 36474 5m HDMI (M) 2.0 High Speed Black Line 4096x2160@60Hz Cable with Ethernet - Black,LINDY
36473,4002222364737,3.14,30,instock,yes,Lindy 36473 3m HDMI (M) 2.0 High Speed Black Line 4096x2160@60Hz Cable with Ethernet - Black,LINDY
64CBKAT6UK,0198158439534,52.94,37,instock,yes,"Lenovo ThinkVision S22-4e, Full HD (1920 x 1080), 100Hz, 4ms, 16:9, IPS, WLED Monitor, HDMI, VGA, Tilt Adjustable, 3 Year Warranty",LENOVO
BP025EU,4260052192177,54.55,79,instock,yes,"be quiet! Pure Power 13 M 650W is ATX 3.1 compliant and PCIe 5.1 compatible, 10-year manufacturer's warranty",BEQUIET
BL135,4260052192900,16.81,20,instock,yes,"be quiet! Light Wings 140mm PWM Reverse, White, ARGB Lighting, Ultra-Quiet Operation Max 25.5dB(A), High Airflow, 60,000 Hours",BEQUIET
BGW85,4260052193884,84.38,37,instock,yes,"be quiet! BGW85 Light Base 500 LX Mid Tower Gaming Case, 1 x USB Type-C / 2 x USB 3.2, Tempered Glass Front and Side Window Panel, Dual Chamber Layout, 4 x Pre-Installed ARGB Light Wings LX Fans, ATX, Micro-ATX, Mini-ITX Compatible",BEQUIET
90-APGA36-BAAGA5,4711581492455,110.87,4,instock,yes,"ASRock Phantom Gaming 360 LCD AIO Liquid CPU Cooler, 360mm Radiator, Triple 120mm PWM ARGB Fans, LCD Display, Intel LGA1700/1851 & AMD AM5/AM4 Compatible",ASROCK
570-AAIS,4053162963825,5.85,1076,instock,yes,"Dell MS116 Wired USB Mouse, 2-Buttons, 1000dpi and Optical Tracking, Ambidextrous Design for PC, Mac and Laptop, Black",DELL
SLEG-900-2TCS,4711085944160,199.56,56,instock,yes,"Adata Legend 900 (SLEG-900-2TCS) 2TB NVMe SSD, PCIe Gen4, M.2 Interface, 2280, Read 7000 MB/s, Write 5400 MB/s, Heatsink, 5 Year Warranty",ADATA
KCP432SS8/8,740617310993,65.59,11,instock,yes,"Kingston KCP432SS8/8 8GB (1x 8GB) SODIMM System Memory, 3200MHz, DDR4, CL22",KINGSTON
A520M-HDV,4710483932267,34.66,5,instock,yes,"ASRock A520M-HDV Super Alloy AMD AM4 Socket Motherboard, Micro-ATX, 2x DDR4 Slots, 1x M.2 Socket, GbE LAN, 1x D-Sub / 1x DVI-D / 1x HDMI Port",ASROCK
EAP615-WALL,4897098682128,61.08,17,instock,yes,TP-Link Omada EAP615-Wall AX1800 Wall Plate WiFi 6 Access Point,TP-LINK
BT-800,5053118003741,1.14,10,instock,yes,BT (M) to BT (F) and RJ11 (F) White OEM Direct Plug ADSL Micro Filter Adapter,TARGET
AHD710P-2TU31-CBL,4713218460677,82.44,9,instock,yes,"Adata HD710 Pro Durable 2TB USB 3.1 Portable External Hard Drive IP68 Waterproof, Shockproof, Dustproof, Blue",ADATA
TL-SF1005D,6935364083090,5.8,13,instock,yes,TP-Link SOHO TL-SF1005D 5-Port 10/100Mbps Desktop Switch,TP-LINK
MPR-2,5053118005813,0.54,41,instock,yes,Target Non Slip Red Mouse Pad,TARGET
KF556S40IB-16,0740617331677,169.49,30,instock,yes,"Kingston FURY Impact KF556S40IB-16 16GB (1x 16GB) SODIMM System Memory, 5600MHz, DDR5, CL40, Intel XMP",KINGSTON
AHD710P-1TU31-CRD,4713218460417,68.6,18,instock,yes,"Adata HD710 Pro Durable 1TB USB 3.1 Portable External Hard Drive IP68 Waterproof, Shockproof, Dustproof, Red",ADATA
ERT-600-HK,5055781211546,0.45,235,instock,yes,RJ45 (M) to RJ45 (M) CAT6 0.25m Black OEM Moulded Boot Copper UTP Network Cable,TARGET
YD3200C5FHBOX,730143309851,41.27,62,instock,yes,"AMD Ryzen 3 3200G 4 Core AM4 Processor 3.8GHz up to 4.0GHz Boost, 6MB Cache, 65W, with Wraith Stealth Cooler, Radeon Vega 8 Graphics   ",AMD
AHV620S-1TU31-CWH,4713218461803,65.15,20,instock,yes,"Adata HV620S 1TB USB 3.1 2.5 Inch Portable External Hard Drive, White",ADATA
ALEG-710-1TCS,4711085937841,107.7,50,instock,yes,"Adata Legend 710 (ALEG-710-1TCS) 1TB NVMe SSD, M.2 Interface, PCIe Gen3, 2280, Read 2400MB/s, Write 1800MB/s, Heatsink, 3 Year Warranty",ADATA
KF556S40IBK2-64,0740617331646,670.69,2,instock,yes,"Kingston FURY Impact KF556S40IBK2-64 64GB (2x 32GB) SODIMM System Memory, 5600MHz, DDR5, CL40, Intel XMP",KINGSTON
A620AM PRO RS,4711581490949,64.25,11,instock,yes,"ASRock A620AM PRO RS AMD Socket AM5 Motherboard, 4x DDR5 Slots, 3x M.2 Socket, 2.5GbE LAN, 1x HDMI Port/ 1x DisplayPort ",ASROCK
36771,4002888367714,3.02,16,instock,yes,Lindy 36771 1M HDMI (M) 2.1 Ultra High Speed Black Line 7680x4320@60Hz Cable - Black,LINDY
DTX/128GB,0740617309928,6.55,122,instock,yes,Kingston DataTraveler Exodia 128GB USB 3.2 Blk/Yellow USB Flash Drive,KINGSTON
BX80768225F,5032037282376,110.16,7,instock,yes,"Intel Core Ultra 5 225F 2.7GHz up to 4.9GHz 10 Core Processor, 14 Threads, LGA 1851 Arrow Lake Processor, 20MB Cache, 65w, Maximum Turbo Power 121W, No Graphics",INTEL
KVR56U46BD8-32,740617332865,330.48,13,instock,yes,"Kingston ValueRAM KVR56U46BD8-32 32GB (1x 32GB) DIMM System Memory, 5600MHz, DDR5, CL46",KINGSTON
KCP556SS6-8,740617335019,92.03,30,instock,yes,"Kingston KCP556SS6-8 8GB (1x 8GB) SODIMM System Memory, 5600MHz, DDR5, CL46",KINGSTON
ME10,6957939002268,9.55,26,instock,yes,Mercusys ME10 N300 Wi-Fi Range Extender,MERCUSYS
TL-SG108,0845973021153,16.7,40,instock,yes,TP-Link TL-SG108 8-Port Metal 10/100/1000Mbps Gigabit Desktop Network Switch,TP-LINK
BK039,4260052192481,20.35,2,instock,yes,"be quiet! Pure Rock 3 CPU Cooler, Universal Socket, Pure Wings 3 PWM Fan, 2000RPM, only 31.2dB(A) at maximum fan speed, 190W TDP, 3-year manufacturer's warranty",BEQUIET
EAP235-WALL,0845973088972,51.0,6,instock,yes,TP-Link Omada EAP235-Wall AC1200 Wireless MU-MIMO Gigabit Wall Plate Access Point,TP-LINK
ERT-600K,5053118002607,0.54,99,instock,yes,RJ45 (M) to RJ45 (M) CAT6 0.5m Black OEM Moulded Boot Copper UTP Network Cable,TARGET
SXS1000/2000G,0740617338508,250.8,3,instock,yes,"Kingston XS1000 (SXS1000/2000G) 2TB Portable External SSD, Read 1050MB/s, Write 1000MB/s, USB 3.2 Gen 2, 5 Year Warranty",KINGSTON
36915,4002888369152,3.79,23,instock,yes,Lindy 36915 0.5m USB-A (M) 3.2 To USB-C (M) 3.2 Black Line 10Gbps Cable - Black,LINDY
ERT-600B,5053118465525,0.54,3,instock,yes,RJ45 (M) to RJ45 (M) CAT6 0.5m Blue OEM Moulded Boot Copper UTP Network Cable,TARGET
MA86XH,6957939003500,24.1,29,instock,yes,Mercusys MA86XH AXE5400 Wi-Fi 6E High Gain Wireless USB Adapter,MERCUSYS
77HDMI-050,5055781240393,1.68,191,instock,yes,HDMI 1.4 (M) to HDMI 1.4 (M) 5m Black OEM Display Cable,TARGET
USB3C-DP-1M,5055781241963,7.55,7,instock,yes,USB-C to DisplayPort 4K 60HZ 1 Meter Black Data Cable,TARGET
AHD710P-1TU31-CYL,4713218460660,68.17,18,instock,yes,"Adata HD710 Pro Durable 1TB USB 3.1 Portable External Hard Drive IP68 Waterproof, Shockproof, Dustproof, Yellow",ADATA
30374,4002888303743,5.63,24,instock,yes,Lindy 30374 2.5m UK 3 Pin Plug To IEC C13 (Kettle) & IEC C5 (Clover) 10 Amp Mains Splitter Extension Cable - Black,LINDY
DELL-WD19S130W,5397184513972,123.0,0,outofstock,yes,DELL WD19S-130W Wired USB 3.2 Gen 2 (3.1 Gen 2) Type-C Black,DELL
KH304,6921271215204,6.27,185,instock,yes,Maiwo KH304 4 Port USB 3.0 Hub & Charger,MAIWO
GMX-DM100,6931858786386,18.97,6,instock,yes,"GameMax Dual Monitor Arm Stand LCD Desk Mount Freestanding For Two 13 Inch To 27 Inch Monitors, VESA Dimensions Of 75x75 mm or 100x100 mm, 180 Degrees Swivel, Black",GAMEMAX
31250011400,4710268256700,3.75,0,outofstock,yes,"Genius G-WMP100 Ergonomic Mouse Pad with Wrist Rest for Support and Comfort with Anti-Slip Rubber Base, Black",GENIUS
BA-002,6932391935736,16.2,130,instock,yes,Marvo Scorpion BA-002 Ranger 600G Waterproof 15.6 Inch Gaming Laptop Backpack (Black),MARVO
FN-40,6932391921951,9.56,97,instock,yes,Marvo Scorpion FN-40 Atlas 40 USB Powered RGB Laptop Cooling Stand (Black),MARVO
FN-41,6932391925522,11.17,94,instock,yes,Marvo Scorpion FN-41 Atlas 60 USB Powered Six Fan Laptop Cooling Stand (Black),MARVO
G48,6932391934975,5.16,226,instock,yes,Marvo Scorpion G48 Blaze XL Extra Large Size Non-Slip Microfibre Gaming Surface Mat (Black),MARVO
G49,6932391934951,3.29,284,instock,yes,Marvo Scorpion G49 Blaze L Large Size Non-Slip Microfibre Gaming Surface Mat (Black),MARVO
G51,6932391934906,5.16,148,instock,yes,Marvo Scorpion G51 Noob XL Extra Large Size Non-Slip Microfibre Gaming Surface Mat (Black),MARVO
G52,6932391934913,1.77,206,instock,yes,Marvo Scorpion G52 Noob L Large Size Non-Slip Microfibre Gaming Surface Mat (Black),MARVO
G53,6932391934920,2.1,280,instock,yes,Marvo Scorpion G53 Noob M Medium Size Non-Slip Microfibre Gaming Surface Mat (Black),MARVO
G55,6932391934968,2.58,152,instock,yes,Marvo Scorpion G55 Blaze M Medium Size Non-Slip Microfibre Gaming Surface Mat (Black),MARVO
GT-90,6932391927113,13.17,93,instock,yes,Marvo Scorpion GT-90 Pact 70 PlayStation/PC/Bluetooth Compatible Gaming Controller (Black),MARVO
HZ-10,6932391933619,8.85,175,instock,yes,Marvo Scorpion HZ-10 Kobe 30 USB RGB Gaming Headset Stand and Hub (Black),MARVO
K002-BK,6932391934982,2.79,29,instock,yes,Marvo Scorpion K002 Crest 60 Universal Padded Keyboard Wrist Rest Pad (Black),MARVO
K002-WH,6932391935040,2.96,11,instock,yes,Marvo Scorpion K002 Crest 60 Universal Padded Keyboard Wrist Rest Pad (White),MARVO
DOUBLE ARM,5053118960150,15.46,780,instock,yes,piXL Desk-Mounted Fully-Adjustable Dual Monitor Arm for Screens Up To 27 inch with VESA Mount & Built-In Cable Management,PIXL
SINGLE ARM,5053118718737,9.84,280,instock,yes,piXL Desk-Mounted Fully-Adjustable Single Monitor Arm for Screens up to 32 inch with VESA Mount & Built-In Cable Management,PIXL
USB-EASY-TRAN,649241924487,28.63,0,outofstock,yes,Plugable USB-EASY-TRAN Windows XP/Vista/7/8/8.1/10/11 PC to PC Transfer Cable,PLUGABLE
USBC-VAMETER3,819927012788,26.96,0,outofstock,yes,Plugable USBC-VAMETER3 Pass-Through USB-C VA Meter for High Power Devices,PLUGABLE
HZ08,5053118773408,11.31,0,outofstock,yes,"Prevo Aluminium Alloy Laptop Stand, Fit Devices from 11 to 17 Inches, Non-Slip Silicone, Height and Angle Adjustable",PREVO
LB001 15.6 BLACK,5053118260700,6.55,150,instock,yes,"Prevo 15.6 Inch Laptop Bag, Cushioned Lining, With Shoulder Strap, Black",PREVO
LB001 15.6 LIGHT GREY,5053118871463,6.55,115,instock,yes,"Prevo 15.6 Inch Laptop Bag, Cushioned Lining, With Shoulder Strap, Light Grey",PREVO
LB007 14 BLACK,5053118172928,6.14,427,instock,yes,"Prevo 14 Inch Laptop Sleeve, Side Pocket, Cushioned Lining, Black",PREVO
LB007 14 LIGHT GREY,5053118262186,6.14,0,outofstock,yes,"Prevo 14 Inch Laptop Sleeve, Side Pocket, Cushioned Lining, Light Grey",PREVO
LB007 15.6 BLACK,5053118684186,6.44,392,instock,yes,"Prevo 15.6 Inch Laptop Sleeve, Side Pocket, Cushioned Lining, Black",PREVO
LB007 15.6 LIGHTGREY,5053118148435,6.44,346,instock,yes,"Prevo 15.6 Inch Laptop Sleeve, Side Pocket, Cushioned Lining, Light Grey",PREVO
SCRPRO14,5053118462609,4.38,863,instock,yes,"prevo 14-Inch Laptop Privacy Screen/ Privacy Filter, Anti-Glare, Anti-Peep, Anti-Static, Blackout",PREVO
SCRPRO15,5053118440089,4.88,901,instock,yes,"prevo 15.6 Inch Laptop Privacy Screen/ Privacy Filter, Anti-Glare, Anti-Peep, Anti-Static, Blackout",PREVO
MPB-1,5053118011982,0.66,36,instock,yes,Target Non Slip Blue Mouse Pad,TARGET
TWAC-WR104,684753195222,8.33,0,outofstock,yes,Tecware Phantom Wrist Rest for Full Sized Keyboards Black,TECWARE
TWAC-WRTKL,684753195215,7.73,0,outofstock,yes,Tecware Phantom Wrist Rest for TKL Keyboards Black,TECWARE
INS-3AF-I-G,810354024634,15.47,27,instock,yes,Ubiquiti INS-3AF-I-G Instant Gigabit Passive PoE 48V to 24V Converter,UBIQUITI
32130,23942321309,8.21,14,instock,yes,Verbatim MYF-01 My Finder Bluetooth Item Finder 1 pack Black,VERBATIM
32131,23942321316,14.57,0,outofstock,yes,Verbatim MYF-02 My Finder Bluetooth Item Finder 2 Pack Black /White,VERBATIM
32132,23942321323,21.76,5,instock,yes,Verbatim MYF-03 My Finder Bluetooth Item Finder 3 Pack Black /White / Purple,VERBATIM
32134,23942321347,18.27,8,instock,yes,Verbatim MYFC-02BW My Finder Coin Bluetooth Item Finder 2 pack Black / White,VERBATIM
32340,0023942323402,14.56,0,outofstock,yes,Verbatim Cool 'n' Go AirJet Handheld Fan - Grey/Purple,VERBATIM
32341,0023942323419,14.56,3,instock,yes,Verbatim Cool 'n' Go AirJet Handheld Fan - White/Silver,VERBATIM
32342,0023942323426,12.67,0,outofstock,yes,Verbatim Cool 'n' Go Ice Touch Handheld Fan - Grey/Purple,VERBATIM
32343,0023942323433,12.67,22,instock,yes,Verbatim Cool 'n' Go Ice Touch Handheld Fan - White/Silver,VERBATIM
32344,0023942323444,14.84,0,outofstock,yes,"Verbatim Cool 'n' Go Aqua Breeze Handheld Fan, Portable Cooling with Refreshing Mist Spray - White/Silver",VERBATIM
32345,002394232451,14.84,0,outofstock,yes,"Verbatim Cool 'n' Go Aqua Breeze Handheld Fan, Portable Cooling with Refreshing Mist Spray - Grey/Purple",VERBATIM
3000241.1,5060192524703,11.47,79,instock,yes,"VonHaus Single Monitor Mount and Stand for 13-32 Inch Screens, VESA dimensions 75x75mm and 100x100mm",VONHAUS
3005116,4001439004191,17.54,63,instock,yes,"VonHaus Dual Monitor Stand for 13-32 Inch Screens, Twin Monitor Mount with Desk Clamp, Height Adjustable, Easy Assemble Stand with Full Tilt, Rotation & Swivel Arms, VESA 75x75 & 100x100mm",VONHAUS
CW-BACR2032-5B,4823108611581,1.85,73,instock,yes,Colorway Lithium Power Blister Pack of 5 Coin Cell CR2032 Batteries,COLORWAY
MN1604B2PP,5000394105522,3.55,12,instock,yes,Duracell Plus Power Alkaline Pack of 2 9V Battery,DURACELL
DURHR03B4-750SC,5000394090231,5.65,20,instock,yes,Duracell Rechargable Pack of 4 AAA 750mAh Rechargeable Batteries,DURACELL
DURHR6B4-1300SC,5000394039247,5.65,16,instock,yes,Duracell Recharge Plus Pack of 4 AA 1300mAh Rechargeable Batteries,DURACELL
MN2400B12SIMPLY,5000394093836,4.19,30,instock,yes,Duracell Simply Alkaline Pack of 12 AAA Batteries,DURACELL
MN2400B6SIMPLY,5000394111967,2.42,40,instock,yes,Duracell Simply Alkaline Pack of 6 AAA Batteries,DURACELL
MN1500B12SIMPLY,5000394026155,4.19,23,instock,yes,Duracell Simply Alkaline Pack of 12 AA Batteries,DURACELL
MN1500B6SIMPLY,5000394111943,2.38,2,instock,yes,Duracell Simply Alkaline Pack of 6 AA Batteries,DURACELL
ENERCR2032-FSB2,7638900248357,0.84,176,instock,yes,Energizer Lithium Pack of 2 Coin Cell CR2032 Batteries,ENERGIZER
32223,23942322238,28.34,17,instock,yes,Verbatim Charge 'n' Go Power Bank Magnetic Wireless Charging 20000mAh Black,VERBATIM
32225,23942322252,15.25,4,instock,yes,Verbatim Charge 'n' Go Essentials MagSafe Power Bank Wireless 5000mAh Black,VERBATIM
32227,23942322276,21.23,3,instock,yes,Verbatim Charge 'n' Go Essentials MagSafe Power Bank Wireless 10000mAh Black,VERBATIM
32269,23942322696,44.53,8,instock,yes,Verbatim Charge 'n' Go Power Bank 27000mAh 187.5W Grey,VERBATIM
32272,23942322726,20.62,0,outofstock,yes,Verbatim Charge'n'Go 2C & Display MagSafe Power Bank 10000 mAh Grey,VERBATIM
32273,23942322733,20.62,2,instock,yes,Verbatim Charge'n'Go 2C & Display MagSafe Power Bank 10000 mAh Silver,VERBATIM
49500,23942495000,0.49,165,instock,yes,Verbatim AAA Battery Alkaline 4 Pack Shrink Wrap,VERBATIM
49501,23942495017,0.62,172,instock,yes,Verbatim AA Battery Alkaline 4 Pack Shrink Wrap,VERBATIM
49502,23942495024,1.08,103,instock,yes,Verbatim AAA Battery Alkaline 8 Pack (Hangcard),VERBATIM
49503,23942495031,1.14,91,instock,yes,Verbatim AA Battery Alkaline 8 Pack (Hangcard),VERBATIM
49504,23942495048,2.86,110,instock,yes,Verbatim AAA Battery Alkaline 24 Pack (BOX),VERBATIM
49505,23942495055,3.49,106,instock,yes,Verbatim AA Battery Alkaline 24 Pack (BOX),VERBATIM
49531,23942495314,0.57,30,instock,yes,Verbatim CR2016 Battery Lithium 3V 4 Pack,VERBATIM
49532,23942495321,0.52,16,instock,yes,Verbatim CR2025 Battery Lithium 3V 4 Pack,VERBATIM
49533,23942495338,0.52,0,outofstock,yes,Verbatim CR2032 Battery Lithium 3V 4 Pack,VERBATIM
49534,23942495345,0.98,48,instock,yes,Verbatim CR2430 Battery Lithium 3V 4 Pack,VERBATIM
49535,23942495352,1.14,47,instock,yes,Verbatim CR2450 Battery Lithium 3V 4 Pack,VERBATIM
49874,23942498742,1.33,60,instock,yes,Verbatim AAA Battery Alkaline 10 Pack,VERBATIM
49875,23942498759,1.68,59,instock,yes,Verbatim AA Battery Alkaline 10 Pack,VERBATIM
49876,23942498766,2.11,55,instock,yes,Verbatim AAA Battery Alkaline 20 Pack,VERBATIM
49877,23942498773,2.66,47,instock,yes,Verbatim AA Battery Alkaline 20 Pack,VERBATIM
49920,23942499206,0.6,78,instock,yes,Verbatim AAA Battery Alkaline 4 Pack,VERBATIM
49921,23942499213,0.69,97,instock,yes,Verbatim AA Battery Alkaline 4 Pack,VERBATIM
49922,23942499220,0.95,29,instock,yes,Verbatim C Battery Alkaline 2 Pack,VERBATIM
49923,23942499237,1.39,35,instock,yes,Verbatim D Battery Alkaline 2 Pack,VERBATIM
49924,23942499244,0.77,46,instock,yes,Verbatim 9V Battery Alkaline 1 Pack,VERBATIM
49940,23942499404,0.6,27,instock,yes,Verbatim 23A (MN21/A23) Battery Alkaline 12V 2 Pack,VERBATIM
0-761345-92048-3,0761345920483,28.22,428,instock,yes,"Antec VSK-4000B-U3/U2 Mid Tower Case, 1 x USB 3.0 / 1 x USB 2.0, Galvanized Steel, Vented Side Panel, 1 x Pre-Installed Fans, ATX, Micro-ATX, Mini-ITX Compatible",ANTEC
0-761345-10272-8,0761345102728,161.92,9,instock,yes,"Antec 900 Full Tower Gaming Case, 1 x USB Type-C / 2 x USB 3.0, Tempered Glass Side Window Panel, 6 x Pre-Installed High- Performance PWM Fans, ATX, E-ATX, SS-CEB,SSI-EEB , Threadripper, (Supports Back-Connect Motherboards)",ANTEC
0-761345-10240-7,0761345102407,46.4,4,instock,yes,"Antec AX1000 Mid Tower Gaming Case, 1 x USB Type-C / 2 x USB 3.0, Tempered Glass Side Window Panel, High Airflow Mesh Front, 4 x Pre-Installed ARGB LED Fans, E-ATX, ATX, Micro-ATX , ITX Compatible",ANTEC
0-761345-10060-1,0761345100601,27.3,15,instock,yes,"Antec AX20 Case, Black, Mid Tower, 1 x USB 3.0 / 2 x USB 2.0, Tempered Glass Side Window Panel, Slanted Bar & Mesh Design for Massive Airflow, 3 x Pre-Installed RGB LED Fans, ATX, Micro ATX, Mini-ITX Compatible",ANTEC
0-761345-10029-8,0761345100298,56.41,0,outofstock,yes,"Antec Constellation C3 Mid Tower Gaming Case, 1 x USB Type-C / 1 x USB 3.0, Tempered Glass Front and Side Window Panel, Honeycomb Mesh for Smooth Airflow, 4 x Pre-Installed ARGB LED Fans, ATX, Micro-ATX, ITX Compatible",ANTEC
0-761345-10032-8,0761345100328,70.94,4,instock,yes,"ANTEC Constellation C3 White ARGB Case, 270 Full-View Tempered Glass, Dual Chamber, Tool-Free Design, 4 x ARGB PWM Fans With Built-In Fan Controller, ATX, Micro-ATX, ITX",ANTEC
0-761345-10225-4,0761345102254,69.49,483,instock,yes,"Antec Constellation C5 Curve Gaming Case, 1 x USB Type-C / 2 x USB 3.0, Tempered Glass Front and Side Window Panels, Dual Chamber Design, 4 x Pre-Installed ARGB LED Fans, Micro-ATX, ITX Compatible",ANTEC
0-761345-10226-1,0761345102261,59.72,9,instock,yes,"Antec Constellation C5 Curve Gaming Case, 1 x USB Type-C / 2 x USB 3.0, Tempered Glass Front and Side Window Panels, Dual Chamber Design, 4 x Pre-Installed ARGB LED Fans, Micro-ATX, ITX Compatible",ANTEC
0-761345-10034-2,0761345100342,72.15,0,outofstock,yes,"Antec Constellation C5 Mid Tower Gaming Case, 1 x USB Type-C / 2 x USB 3.0, Tempered Glass Frotn and Side Window Panel, Dual Chamber Design, 6 x Pre-Installed Reverse Fans, ATX, Micro-ATX, ITX Compatible",ANTEC
0-761345-10275-9,0761345102759,72.94,24,instock,yes,"Antec Constellation C6 Air Mid Tower Gaming Case, 1 x USB Type-C / 2 x USB 3.0, Curved Tempered Glass Front and Side Window Panel, Multi-Directional Air Intake, 3 x Pre-Installed PWM Fans, ATX, Micro-ATX, ITX Compatible",ANTEC
0-761345-10276-6,0761345102766,74.9,37,instock,yes,"Antec Constellation C6 Air Mid Tower Gaming Case, 1 x USB Type-C / 2 x USB 3.0, Curved Tempered Glass Front and Side Window Panel, Multi-Directional Air Intake, 3 x Pre-Installed PWM Fans, ATX, Micro-ATX, ITX Compatible",ANTEC
0-761345-10287-2,0761345102872,72.94,46,instock,yes,"Antec Constellation C6 Air Micro Tower Gaming Case, 1 x USB Type-C / 1 x USB 3.0, Curved Tempered Glass Front and Side Window Panel, Bottom-to-Top Vertical Airflow., 4 x Pre-Installed ARGB LED Fans, Micro-ATX, ITX Compatible",ANTEC
0-761345-10135-6,0761345101356,67.4,42,instock,yes,"Antec Constellation C7 Mid Tower Gaming Case, 1 x USB Type-C / 2 x USB 3.0, Tempered Glass Front and Side Window Panel, Vertical Airflow, 4 x Pre-Installed ARGB LED Fans, E-ATX (= 272mm), ATX, M-ATX, ITX Compatible",ANTEC
0-761345-10019-9,0761345100199,69.66,16,instock,yes,"ANTEC Constellation C8 Dual Chamber Case, Gaming, Black, Full Tower, 2 x USB 3.0 / 1 x USB Type-C, Seamless Left and Front Tempered Glass Side Panel, E-ATX, ATX, Micro ATX, ITX",ANTEC
0-761345-10022-9,0-761345-10022-9,91.49,15,instock,yes,"Antec Constellation C8 ARGB Full Tower Case - Premium Design, Dual Chamber Cooling, Tempered Glass Panels, and Advanced Connectivity",ANTEC
0-761345-10158-5,0761345101585,85.66,2,instock,yes,"Antec Constellation C8 Full TowerGaming Case, 1 x USB Type-C / 2 x USB 3.0, Curved Tempered Glass Front and Side Window Panel, Walnut Wood Rish Side, Dual Chanber Design, 0 x Pre-Installed Fans, E-ATX(280mm), ATX, M-ATX, ITX Compatible",ANTEC
0-761345-10021-2,0761345100212,49.66,16,instock,yes,"Antec Constellation C8 Full Tower Gaming Case, 1 x USB Type-C / 2 x USB 3.0, Tempered Glass Front and Side Window Panel, Dual Chamber design, 0 x Pre-Installed Fans, E-ATX (280mm), ATX, M-ATX, ITX Compatible",ANTEC
0-761345-80069-3,0761345800693,61.5,28,instock,yes,"Antec Core Micro Portable Handheld Gaming Console, Android-Powered Mobile Gaming System with 3.5"" IPS Screen, 8GB RAM, 256GB Storage, Lightweight Compact Design for On-the-Go, Casual & Retro Gaming (Black)",ANTEC
0-761345-10139-4,0761345101394,47.25,371,instock,yes,"Antec CX600M Trio Mini Tower Gaming Case, Tempered Glass Front, Top & Side Panels, Dual Chamber Design, 3 x Pre-Installed ARGB Fans, USB-C, USB 3.0 & USB 2.0, Micro-ATX/ITX, Black",ANTEC
0-761345-10141-7,0761345101417,51.55,4,instock,yes,"Antec CX600M Trio ARGB Mini Tower Gaming Case, White, Tempered Glass Panels, Dual Chamber Design, Vertical Cooling, Pre-Installed ARGB Fans, Water Cooling Support",ANTEC
0-761345-10217-9,0761345102179,41.89,10,instock,yes,"Antec CX60M ARGB Mini Tower Gaming Case, 1 x USB Type-C / 2 x USB 3.0, Tempered Glass Front and Side Window Panel, Water Cooling SUpport, 3 x Pre-Installed ARGB LED Fans, Micro-ATX, ITX Compatible",ANTEC
0-761345-10132-5,0761345101325,36.22,10,instock,yes,"Antec CX700 Mid Tower Gaming Case, 1 x USB Type-C / 1 x USB 3.0, Tempered Glass Front and Side Window Panel, Supports Vertical Cooling, 3 x Pre-Installed RGB LED Fans, ATX, Micro-ATX, ITX Compatible",ANTEC
0-761345-10254-4,0761345102544,45.25,0,outofstock,yes,"Antec CX705 ARGB Gaming Case Mid Tower,  1 x USB Type-C / 1 x USB 3.0 / 1 x USB 2.0, Tempered Glass Front and Side Window Panel, Vertical Cooling with Massive Air Intake, 5 x Pre-Installed ARGB LED Fans, ATX, Micro-ATX, ITX Compatible",ANTEC
0-761345-10170-7,0761345101707,26.95,0,outofstock,yes,"Antec CX800 Mid Tower Gaming Case, 1 x USB 3.0 / 2 x USB 2.0, Tempered Glass Front and Side Window Panel, Dual-Chamber design, 3 x Pre-Installed ARGB LED Fans , ATX, Micro ATX, Mini-ITX Compatible",ANTEC
0-761345-10171-4,0761345101714,37.59,24,instock,yes,"Antec CX800 Mid Tower Gaming Case, 1 x USB 3.0 / 2 x USB 2.0, Tempered Glass Front and Side Window Panel, Dual-Chamber design, 3 x Pre-Installed ARGB LED Fans , ATX, Micro ATX, Mini-ITX Compatible",ANTEC
0-761345-10137-0,0761345101370,32.86,23,instock,yes,"Antec CX800 Wood Mid Tower Gaming Case, 1 x USB Type-C / 1 x USB 3.0, Tempered Glass Front and Side Window Panel, Dual Chamber Design, 4 x Pre-Installed ARGB LED Fans, ATX, Micro-ATX, ITX Compatible",ANTEC
0-761345-10253-7,0761345102537,41.5,187,instock,yes,"Antec FLUX M Mini Tower Gaming Case, 1 x USB Type-C / 1 x USB 3.0, Tempered Glass Side Window Panel, Vertical Airflow Design, 3 x Pre-Installed RGB LED Fans & 3 PWM Reverse Fans, Micro-ATX, ITX Compatible",ANTEC
0-761345-10154-7,0761345101547,116.83,132,instock,yes,"Antec Flux PRO Full Tower Gaming Case, 1 x USB Type-C / 2 x USB 3.0, Tempered Glass Side Window Panel, Multi-Directional Vent Design, 6 x Pre-Installed ARGB LED Fans, E-ATX, ATX, Micro-ATX, ITX Compatible",ANTEC
0-761345-10156-1,0761345101561,95.34,4,instock,yes,"Antec Flux Pro Full Tower Gaming Case, 2 x USB 3.0 / 1 x USB Type-C Tempered Glass Side Window Panel, Antec Flux Airflow Channel, 6 Pre-Installed PWM Fans, E-ATX (=285mm), ATX, Micro-ATX, ITX Compatible ",ANTEC
0-761345-10241-4,0761345102414,64.22,19,instock,yes,"Antec FLUX Rear Mid Tower Gaming Case, 1 x USB Type-C / 2 x USB 3.0, Tempered Glass Side Window Panel, Multi-directional Vent Design, Walnut Wood Accents, 3 x Pre-Installed High-Performance PWM Fans , E-ATX (=330mm), ATX, Micro-ATX, ITX Compatible",ANTEC
0-761345-10177-6,0761345101776,71.77,25,instock,yes,"Antec FLUX SE Mid Tower Gaming Case, 1 x USB Type-C / 2 x USB 3.0, Metal Mesh with Walnu tWood Accents, 3 x Pre-Installed High-performance PWM Fans, E-ATX (=330mm), ATX, Micro-ATX, ITX Compatible",ANTEC
0-761345-10133-2,0761345101332,69.4,34,instock,yes,"Antec FLUX Mid Tower Gaming Case, 1 x USB Type-C / 2 x USB 3.0, Tempered Glass Side Window Panel, Multi-directional Vent Design, Walnut Wood Accents, 5 x Pre-Installed PWM Fans, E-ATX (=330mm), ATX, Micro-ATX, ITX Compatible",ANTEC
0-761345-10134-9,0761345101349,57.66,10,instock,yes,"Antec FLUX Mid Tower Gaming Case, 1 x USB Type-C / 2 x USB 3.0, Tempered Glass Side Window Panel, Multi-directional Vent Design, 5 x Pre-Installed PWM Fans, E-ATX (=330mm), ATX, Micro-ATX, ITX Compatible",ANTEC
0-761345-80104-1,0761345801041,54.34,71,instock,yes,"Antec P20CE Mid Tower Gaming Case, 1 x USB Type-C / 2 x USB 3.0, Tempered Glass Side Window Panel, Full-size Dust Filter, 3 x Pre-Installed PWM Fans, E-ATX, ATX, Micro-ATX, ITX Compatible",ANTEC
0-761345-80108-9,0761345801089,28.22,87,instock,yes,"Antec P20C Mid Tower Gaming Case, 1 x USB Type-C / 2 x USB 3.0, Tempered Glass Side Window Panel, Pin-Type Metal Front with Clip-On Dust Filter, 3 x Pre-Installed PWM Fans, E-ATX, ATX, Micro-ATX, ITX Compatible",ANTEC
0-761345-10256-8,0761345102568,44.93,21,instock,yes,"Antec P30 Air Mid-Tower Gaming Case, 1 x USB Type-C / 2 x USB 3.0, Tempered Glass Side Window Panel, Large Mesh Front with Premier Wood Accents, 3 x Pre-Installed PWM Fans, ATX, Micro-ATX , ITX Compatible",ANTEC
0-761345-10255-1,0761345102551,46.62,22,instock,yes,"Antec P30 Mid Tower Gaming Case, 1 x USB Type-C / 2 x USB 3.0, Tempered Glass Side Window Panel, Large metal mesh front panel with premium wood accents, 5 x Pre-Installed ARGB LED Fans, ATX, micro-ATX, ITX Compatible",ANTEC
0-761345-10258-2,0761345102582,39.9,151,instock,yes,"Antec P7S Mid Tower Gaming Case, 1 x USB Type-C / 2 x USB 3.0, Steel Side Panels With Sound-Dampening Foam, Dual Side Mesh Design, 4 x Pre-Installed PWM  Fans, ATX  Micro-ATX, ITX Compatible",ANTEC
0-761345-10169-1,0761345101691,82.55,10,instock,yes,"Antec Performance 1M Aventurine Mini-ITX Gaming Case, 1 x USB Type-C, Perforated Panel Design for Optimal Airflow  0 x Pre-Installed Fans,  SFX-L & SFX only, ITX Compatible",ANTEC
0-761345-10091-5,761345100915,54.25,24,instock,yes,"Antec Performance 1 FT Gaming Case, 1 x USB Type-C / 2 x USB 3.0, Tempered Glass  on Both Side Window Panels, Temperature Display,  4 x Pre-Installed Storm T3 PWM Fans, E-ATX, ATX, Micro-ATX, Mini-ITX Compatible",ANTEC
0-761345-92003-2,0761345920032,32.0,204,instock,yes,"Antec VSK2000-U3 Micro Tower Slim Case, 2 x USB 3.0, Totally Tool-less design, TFX PSU form factor required, 1 x Pre-Installed 92mm Temperature Controlled Fan, Micro-ATX, Mini-ITX Compatible",ANTEC
0-761345-92025-4,0761345920254,27.84,423,instock,yes,"Antec VSK-3000B-U3/U2 Micro Tower Gaming Case, 1 x USB 3.0 / 1 x USB 2.0, SGCC steel, Vented Side Panel, 1 x Pre-Installed 92mm Rear Exhaust Fan, Micro-ATX, Mini-ITX Compatible",ANTEC
0-761345-10232-2,0761345102322,21.44,0,outofstock,yes,"Antec VX310 ARGB Mid-Tower Gaming Case, 1 x USB 3.0 / 2 x USB 2.0, Tempered Glass Side Window Panel, High-Airflow Mesh Front , 3 x Pre-Installed ARGB LED Fans Included, ATX, Micro-ATX,ITX Compatible",ANTEC
0-761345-10234-6,0761345102346,28.96,10,instock,yes,"Antec VX320 ARGB Mid-Tower Gaming Case, 1 x USB 3.0/ 1 x USB 2.0, Tempered Glass Side Window Panel, Ventilated Front Grille, 4 x Pre-Installed ARGB LED Fans, ATX, Micro-ATX,ITX Compatible",ANTEC
BG021,4260052185414,64.1,39,instock,yes,"be quiet! BG021 Pure Base 600 Mid Tower Gaming Case, 2 x USB 3.2, Water Cooling Ready, Completely Sound Insulated, 2 x Pre-Installed Pure Wings 3 140mm Fans, ATX / M-ATX / Mini-ITX Compatible",BEQUIET
BG022,4260052185421,64.34,4,instock,yes,"be quiet! BG022 Pure Base 600 Silver Mid Tower Gaming Case, 1 x USB 3.2, Water Cooling Ready, 2 x Pre-Installed Pure Wings 3 140mm Fans, ATX / M-ATX / Mini-ITX Compatible",BEQUIET
BG039,4260052188378,100.5,98,instock,yes,"be quiet! BG039 Silent Base 802 Mid Tower Gaming Case, 1 x USB Type-C / 1 x USB 3.2, Front and Side Sound-Dampening Mats, 3 x Pre-Installed Pure Wings 2 140mm Fans, E-ATX (30.5 x 27.5cm) / ATX / M-ATX / Mini-ITX Compatible",BEQUIET
BG073,4260052191798,54.5,187,instock,yes,"be quiet! BG073 Pure Base 501 Mid Tower Gaming Case, 1 x USB Type-C / 2 x USB 3.0, Water Cooling Ready, 2 x Pre-Installed Pure Wings 3 140mm Fans, ATX / M-ATX / Mini-ITX Compatible",BEQUIET
BG074,4260052191804,57.5,266,instock,yes,"be quiet! BG074 Pure Base 501 Airflow Mid Tower Gaming Case, 1 x USB Type-C / 2 x USB 3.0, Water Cooling Ready, 2 x Pre-Installed Pure Wings 3 140mm Fans, ATX / M-ATX / Mini-ITX Compatible",BEQUIET
BG075,4260052191811,58.5,38,instock,yes,"be quiet! BG075 Pure Base 501 Airflow Mid Tower Gaming Case, 1 x USB Type-C / 2 x USB 3.0, Water Cooling Ready, 2 x Pre-Installed Pure Wings 3 140mm Fans, ATX / M-ATX / Mini-ITX Compatible",BEQUIET
BGW50,4260052190142,205.44,28,instock,yes,"be quiet! BGW50 Dark Base Pro 901 Full Tower Gaming Case, 1 x USB Type-C / 4 x USB 3.0, Tempered Glass Front Window Panel, 2 x Silent Wings Fans, Integrated ARGB Lighting. E-ATX / XL-ATX / ATX / M-ATX / Mini-ATX Compatible",BEQUIET
BGW67,4260052191736,116.55,73,instock,yes,"be quiet! BGW67 Light Base 600 LX Mid Tower Gaming Case, 1 x USB Type-C / 2 x USB 3.0, Tempered Glass Front & Side Window Panel, 4 x Light Wings ARGB Fans, ATX / M-ATX / Mini-ITX Compatible",BEQUIET
BGW68,4260052191743,124.5,3,instock,yes,"be quiet! BGW68 Light Base 600 LX Mid Tower Gaming Case, 1 x USB Type-C / 2 x USB 3.0, Tempered Glass Front & Side Window Panel, 4 x Light Wings ARGB Fans, ATX / M-ATX / Mini-ITX Compatible",BEQUIET
BGW71,4260052191774,144.5,84,instock,yes,"be quiet! BGW71 Light Base 900 FX Full Tower Gaming Case, 1 x USB Type-C / 2 x USB 3.0,  Tempered Glass Front & Side Window Panel, 4 x Light Wings ARGB Fans, E-ATX / XL-ATX / ATX / M-ATX / Mini-ATX Compatible",BEQUIET
BGW74,4260052191828,64.22,39,instock,yes,"be quiet! BGW74 Pure Base 501 Airflow Window Mid Tower Gaming Case, 1 x USB Type-C / 2 x USB 3.0, Sleek Front Panel and Airflow Cover, Water Cooling Ready,  2 x Pre-Installed Pure Wings 3 140mm Fans, ATX / M-ATX / Mini-ITX Compatible",BEQUIET
BGW75,4260052191835,65.0,5,instock,yes,"be quiet! BGW75 Pure Base 501 Airflow Window White Mid Tower Gaming Case, 1 x USB Type-C / 2 x USB 3.0, Sleek Front Panel and Airflow Cover, Water Cooling Ready,  2 x Pre-Installed Pure Wings 3 140mm Fans, ATX / M-ATX / Mini-ITX Compatible",BEQUIET
BGW78,4260052192856,82.1,59,instock,yes,"be quiet! BGW78 Pure Base 501 LX Mid Tower Gaming Case, 1 x USB Type-C / 2 x USB 3.0, Tempered Glass Side Panel, 4 x Pre-Installed Light Wings LX Fans, ATX / M-ATX / Mini-ITX Compatible",BEQUIET
CSCITACADEMY,5055492415370,26.55,3,instock,yes,CiT Academy Mid-Tower Office PC Case With USB Type C and 80mm Rear Black Fan and 500W Power Supply Included,CIT
CSCIT4URACK500,5055492407283,49.9,0,outofstock,yes,"CiT 4U Rackmount Server Case 500mm, Heavy-Duty Industrial Chassis with Lockable Front Door, Supports ATX/mATX, 8x Internal HDD Bays for Massive Storage, Black",CIT
CITWORK,5055492409089,12.5,166,instock,yes,"CiT Work Micro-ATX PC Case with USB 3.0, HD Audio, and Efficient Cooling. Compact Steel Design for Home and Office Builds",CIT
CSCITCOURSE,5055492412614,23.0,4,instock,yes,"CiT Course Case, Home & Business, Black, Micro Tower, 2 x USB 3.0 / 1 x USB 2.0, Brushed Aluminium Finish for a Refined and Tidy Look, Micro ATX, Mini-ITX",CIT
CSCITELITE,5055492406101,29.9,768,instock,yes,CiT Elite Micro Tower 1 x USB 3.0 / 1 x USB 2.0 Black Case with 500W PSU,CIT
CIT-S8I-AC,5055492415424,32.33,15,instock,yes,"CiT S8i SFF Micro-ATX PC Case - 8.3L Compact Desktop Chassis, Brushed Front, 1 x 80mm Fan, 2 x USB 3.0, TFX PSU Support, Black",CIT
JETSTREAM-SILVER,5055492400802,22.15,146,instock,yes,CiT Jet Stream Mid Tower 1 x USB 3.0 / 1 x USB 2.0 Black & Silver Case with 500W PSU,CIT
CIT-MENTOR,5055492415387,15.6,289,instock,yes,CiT Mentor Micro-ATX Office PC Case With USB Type C and 80mm Rear Black Fan Included,CIT
CSCITSILENTES,5055492413239,28.5,19,instock,yes,CIT Silent ES Black Mid-Tower Low Noise Computer Case with 2 x 120mm PWM Cooling Fans Included Sound Dampening Material,CIT
S014C,5055492416476,35.55,7,instock,yes,"CiT S014C Black Slim Micro ATX/ITX Desktop Case with 300W Power Supply, USB 2.0, USB 3.0 Type-A & Type-C Ports",CIT
2U400,5055492415103,89.19,5,instock,yes,"Codegen 2U400 Rackmount Server Case, 1 x USB 3.0  / 1 x USB 2.0, 380 MM Deep, 3 x 80 mm PWM Hydraulic Bearing, Micro ATX, Mini ITX Compatible",CODEGEN
CSCG4U600GP,5055492415257,135.0,0,outofstock,yes,"Codegen CSCG4U600GP 4U Rackmount Server Case, 1 x USB Type-C / 1 x USB 3.0  / 1 x USB 2.0, 600MM Deep, 2 x 80 mm PWM Hydraulic Bearing (rear), SSI-EEB, E-ATX, ATX, Micro-ATX, Mini-ITX Compatible",CODEGEN
R-CC360-BKAPM3-G-1,6933412774976,26.11,132,instock,yes,"DeepCool CC360 ARGB, Black, Mini Tower Chassis w/ Tempered Glass Window, 3x 120mm ARGB Fans, USB 3.0, mATX/mITX",DEEPCOOL
R-CC360-WHAPM3-G-1,6933412774945,28.81,20,instock,yes,"DeepCool CC360 ARGB WH, White, Mini Tower Chassis w/ Tempered Glass Window, 3x 120mm ARGB Fans, USB 3.0, mATX/mITX",DEEPCOOL
R-CC560-BKTAA4-G-2,6933412774570,31.83,87,instock,yes,"DeepCool CC560 ARGB V2 Case, Gaming, Black, Mid Tower, 1 x USB 3.0 / 1 x USB 2.0, Tempered Glass Side Window Panel, Abundant Airflow Performance, Addressable RGB LED Fans, ATX, Micro ATX, Mini-ITX",DEEPCOOL
R-CG330-BKNGM3-G,6933412765493,34.9,25,instock,yes,"DeepCool CG330 3F ARGB Dual-Chamber Micro-ATX Tower Case, Tempered Glass Panels, 3 x 120mm ARGB Fans, USB 3.0, ITX/Micro-ATX, Black",DEEPCOOL
R-CG330-WHNGM3-G,6933412765509,35.49,10,instock,yes,"DeepCool CG330 3F ARGB Dual-Chamber Micro-ATX Tower Case, Tempered Glass Panels, 3 x 120mm ARGB Fans, USB 3.0, ITX/Micro-ATX, White",DEEPCOOL
R-CG380-BKAGM3-G,6933412765455,36.22,0,outofstock,yes,"DeepCool CG380 3F Micro-ATX Gaming Case Black  Panoramic Tempered Glass Side Panel, Mesh Airflow Front, 3 Pre-Installed ARGB Fans, USB-C & USB-A Front I/O, Spacious SFF/mATX/ITX Build Support",DEEPCOOL
R-CG380-WHAGM3-G,6933412765462,36.22,23,instock,yes,"DeepCool CG380 3F Micro-ATX Gaming Case White  Panoramic Tempered Glass Side Panel, Mesh Airflow Front, 3 Pre-Installed ARGB Fans, USB-C & USB-A Front I/O, Spacious SFF/mATX/ITX Build Support",DEEPCOOL
R-CG530-BKNDA0-G-1,6933412765134,30.51,46,instock,yes,"DeepCool CG530 Dual-Chamber Mid Tower Case, Tempered Glass Panels, Advanced Cooling Support, Exceptional Cable Management, Black",DEEPCOOL
R-CG530-BKADA4-G-1,6933412765158,41.66,207,instock,yes,"DeepCool CG530 4F Mid-Tower Case with Tempered Glass Panels, 4 Pre-Installed ARGB Fans, and Optimal Airflow Support, Black",DEEPCOOL
R-CG530-WHADA4-G-1,6933412765165,44.31,51,instock,yes,"DeepCool CG530 4F Mid-Tower Case with Tempered Glass Panels, 4 Pre-Installed ARGB Fans, and Optimal Airflow Support, White",DEEPCOOL
R-CG530U-BKAGA4-G,6933412765592,48.3,85,instock,yes,"DeepCool CG530U 4F Case,Black, Mid- Tower, 2x USB 3.0, Tempered Glass Side Window Panel, ITX/Micro ATX/ATX",DEEPCOOL
R-CG530U-WHAGA4-G,6933412765608,49.5,32,instock,yes,"DeepCool CG530U 4F WH Case,White, Mid- Tower, 2x USB 3.0, Tempered Glass Side Window Panel, ITX/Micro ATX/ATX",DEEPCOOL
R-CG530-WHNDA0-G-1,6933412765141,34.9,36,instock,yes,"DeepCool CG530 Dual-Chamber Computer Case, Tempered Glass Panels, Advanced Cooling Support, Exceptional Cable Management, White",DEEPCOOL
R-CH160-BKNGM0-G,6933412765356,35.19,12,instock,yes,"DeepCool CH160 PLUS Micro-ATX Mini Tower PC Case, Tempered Glass, High-Airflow Mesh Design, USB-C & USB 3.0 Front I/O, Supports ATX PSU & 305mm GPU, Black",DEEPCOOL
R-CH160-WHNGM0-G,6933412765349,35.19,7,instock,yes,"DeepCool CH160 PLUS Micro-ATX Mini Tower PC Case, Tempered Glass, Mesh Airflow Design, 240mm Radiator Support, USB-C & USB 3.0 Front I/O, GPU up to 342mm, White",DEEPCOOL
R-CH170-BKNPI0D-G-1,6933412774228,43.94,32,instock,yes,"Deepcool CH170 Digital Mini-ITX Case - High Airflow, Supports Water Cooling, Ultra-Quiet Operation, Compact Design for Efficient Space Management",DEEPCOOL
R-CH170-WHNPI0D-G-1,6933412774211,40.7,31,instock,yes,"Deepcool CH170 Digital White Mini-ITX Case - High Airflow, Supports Water Cooling, Ultra-Quiet Operation, Compact Design for Efficient Space Management",DEEPCOOL
R-CH260-BKNGM0-G-1,6933412765233,38.65,43,instock,yes,"DeepCool CH260 Micro-ATX Case, High-Airflow Compact PC Case with Tempered Glass Panel, USB-C Port, Supports 360mm Radiator, ATX PSU, Black",DEEPCOOL
R-CH260-BKNWM0-G-1,69334127652333,39.5,0,outofstock,yes,"DeepCool CH260 Micro-ATX Mini Tower PC Gaming Case, Wood, Tempered Glass Side Panel USB Type-C High Airflow Supports ATX PSU & RTX GPUs Black",DEEPCOOL
R-CH260-WHNGM0-G-1,6933412765240,41.08,9,instock,yes,"DeepCool CH260 White Micro-ATX Case, High-Airflow Compact PC Case with Tempered Glass Panel, USB-C Port, Supports 360mm Radiator, ATX PSU, Black",DEEPCOOL
R-CH270-BKNDM0-G-1,6933412765257,49.55,16,instock,yes,"DeepCool CH270 Digital Micro-ATX Case, Mini-Tower PC Case with Tempered Glass Side Panel, USB-C Port, High Airflow Support for 360mm Radiator, ATX PSU, Black",DEEPCOOL
R-CH360-BKAPE3D-G-1,6933412774693,45.6,31,instock,yes,"DeepCool CH360 Digital Gaming Case Black Mid Tower with Tempered Glass Side Window Panel, Advanced Cooling, USB 3.0/USB-C Ports, Pre-Installed Fans, Micro ATX/Mini-ITX",DEEPCOOL
R-CH370-BKNAM1-G-1,6933412715061,30.68,33,instock,yes,"DeepCool CH370, Black, Mini Tower Chassis w/ Tempered Glass Window, 1x 120mm Fan, 2x USB 3.0, mATX/mITX",DEEPCOOL
R-CH690-BKNNA0D-G-1,6933412774037,55.34,46,instock,yes,"DeepCool CH690 Digital ATX Mid-Tower Case, High-Airflow PC Case with Semi-Glass Panel, USB-C Port, Support for 420mm Radiator, 450mm GPU, ATX PSU, Black",DEEPCOOL
R-CL6600-BKNNA0-G-1,6933412765295,106.5,40,instock,yes,"DeepCool CL6600 ARGB Modular Split-Chamber Mid-Tower ATX Case, Tempered Glass Panels,  Pre-installed 360mm ARGB Liquid Cooler, 2 x FL12R  SE ARGB Fans, USB 3.0, Mini-ITX/Mico-ATX/ATX, Black",DEEPCOOL
R-MACUBE110-BKNGM1N-G-1,6933412714385,24.86,150,instock,yes,"DeepCool MACUBE 110 Case, Home & Business, Black, Micro Tower, 2 x USB 3.0, Tempered Glass Side Window Panel, Micro ATX, Mini-ITX",DEEPCOOL
SIDE PANEL,SIDE PANEL,2.95,122,instock,yes,DeepCool MACUBE 110 Solid Side Panel (Steel) - Replacement Accessory,DEEPCOOL
R-MACUBE110-BKNGM1N-G-1 SOLID,6933412714385 SOLIDD,24.86,6,instock,yes,"DeepCool MACUBE 110 Case, Home & Business, Black, Micro Tower, 2 x USB 3.0, Solid Side Panel, Micro ATX, Mini-ITX",DEEPCOOL
DP-MATX-MATREXX30-SI,6933412714125,15.33,408,instock,yes,"DeepCool MATREXX 30 SI Case, Home & Business, Black, Mini Tower, 1 x USB 3.0 / 1 x USB 2.0, Micro ATX, Mini-ITX, System Integrator Chassis",DEEPCOOL
DP-MATX-MATREXX40-3FS,6933412714569,25.31,78,instock,yes,"DeepCool MATREXX 40 3FS Case, Gaming, Black, Micro Tower, 1 x USB 3.0 / 1 x USB 2.0, Tempered Glass Side Window Panel, Mesh Front Panel for Optimized Airflow, Tri-Colour LED Fans, Micro ATX, Mini-ITX",DEEPCOOL
R-MORPHEUS-WHAPA1-G-1,6933412774754,69.8,4,instock,yes,"DeepCool Morpheus Case, Gaming, White, Full Tower, 4 x USB 3.0 / 1 x USB Type-C, Tempered Glass Side Window Panel, 1x 420mm ARGB side fan, Mini-ITX / M-ATX / ATX / E-ATX",DEEPCOOL
CITCSSO14B,5055492405913,31.93,415,instock,yes,CiT S014B Thin Client Micro ATX 1 x USB 3.0 / 2 x USB 2.0 Black Case with 300W PSU,CIT
TWCA-FOGM2A-BKOLUK,810072523440,31.22,0,outofstock,yes,"TecWare Forge M2 mATX PC Case, Compact High Airflow Mesh Front Panel, 3 x ARGB Fans Included, Hinged Tempered Glass Door, Supports 240mm Radiator, mATX/ITX, Black",TECWARE
TWCA-FUS3-BK,810072523952,32.55,0,outofstock,yes,"TecWare Fusion 3 mATX Compact PC Case, High Airflow SFF Chassis, 3 Fans Included, Top-Mount ATX/SFX PSU Support, USB-C, Supports 280mm GPU & Dual Radiators, Black",TECWARE
AK-CBLD08-12BK,4710614539136,3.9,0,outofstock,yes,Akasa 1-to-2 Addressable RGB LED Splitter Cable,AKASA
0-761345-70003-0,0761345700030,37.5,21,instock,yes,"Antec RTX50 PCIe 5.0 Riser Cable with 90 degree Bracket Mount, Black,  Designed To Allow Vertical Mounting Of A Graphics Card",ANTEC
0-761345-70004-7,0761345700047,35.5,13,instock,yes,"Antec RTX50 PCIe 5.0 Riser Cable with 90 degree Bracket Mount, White,  Designed To Allow Vertical Mounting Of A Graphics Card",ANTEC
BGA05,4260052186602,4.2,12,instock,yes,"be quiet! HDD Cage, Mounting for One HDD or Two SSDs, Black & Orange Rubber Decouplings Included, Compatible with Most be quiet! Cases",BEQUIET
BGA11,4260052190159,4.5,20,instock,yes,"be quiet! HDD Cage 2, Perfect Mounting For One HDD Or Up To 2 SSDs, for Dark Base Pro 901 Case, 3 years manufacturer's warranty.",BEQUIET
CW-AD-AC,4823108616401,2.48,0,outofstock,yes,ColorWay Grey Adapter USB-A To Type-C,COLORWAY
CW-AD-CA,4823108616395,2.48,9,instock,yes,ColorWay Grey Adapter Type-C To USB-A,COLORWAY
DP-GH01-ARGB,6933412796107,7.88,18,instock,yes,DeepCool GH-01 A-RGB Addressable RGB GPU Stand Bracket,DEEPCOOL
R-SC790-BKNSNN-G,6933412796480,9.25,0,outofstock,yes,"DeepCool SC790 2-in-1 Addressable RGB & PWM Fan Hub, 6-Port, Connect up to 6 PWM ARGB 3-Pin Fans Simultaneously While Occupying Minimal Motherboard Headers, Magnetic for Easy Installation",DEEPCOOL
2.5X150MM BLACK,5053118811728,0.38,7626,instock,yes,Evo Labs Black Cable Ties 150 x 2.5mm 100 Pack,EVO LABS
2.5X200MM BLACK,5053118880076,0.52,6813,instock,yes,Evo Labs Black Cable Ties 200 x 2.5mm 100 Pack,EVO LABS
30446,4002888304467,2.61,11,instock,yes,Lindy 30446 1m UK 3 Pin Plug To Right Angle IEC C13 (Kettle) 5 Amp Fuse Mains Extension Cable - Black,LINDY
31319,4002888313193,6.28,7,instock,yes,Lindy 31319 0.5m USB-A (M) 2.0 To Lightening (M) MFi Certified 480Mbps Cable - Black,LINDY
31327,4002888313278,7.4,14,instock,yes,Lindy 31327 2m USB-A (M) 2.0 To Lightening (M) MFi Certified 480Mbps Cable - White,LINDY
33351,4002888333511,0.82,0,outofstock,yes,Lindy 33351 0.5m SATA (7 Pin) to 90 Deg SATA (7 Pin) Cable - Red/Black,LINDY
33352,4002888333528,0.88,19,instock,yes,"Lindy 33352 0.7m SATA (7 Pin) to 90 Deg SATA (7 Pin) Cable - Red/Black, Compatible With SATA III And Backwards Compatible With SATA I And II, 10 Year Warranty",LINDY
36272,4002888362726,6.97,6,instock,yes,Lindy 36272 2m HDMI (M) To DVI-D (M) Black Line 1920x1200@60Hz Max Resolution  - Black,LINDY
36493,4002888364935,6.12,9,instock,yes,Lindy 36493 3m DisplayPort (M) 1.2 Black Line 4096x2160@60Hz Cable - Black,LINDY
36701,4002888367011,0.97,25,instock,yes,Lindy 36701 0.5m USB-A (M) 2.0 To USB-A (F) 2.0 Anthra Line 480Mbps Extension Cable - Black,LINDY
36703,4002888367035,1.4,11,instock,yes,"Lindy 36703 2m USB 2.0 Type A Extension Cable, Anthra Line",LINDY
36733,4002888367332,1.48,34,instock,yes,Lindy 36733 2m USB-A (M) 2.0 To USB Micro-B (M) 2.0 Anthra Line 480Mbps Cable - Black,LINDY
36734,4002888367349,1.87,0,outofstock,yes,Lindy 36734 3m USB-A (M) 2.0 To USB Micro-B (M) 2.0 Anthra Line 480Mbps Cable - Black,LINDY
36886,4002888368865,3.03,6,instock,yes,Lindy 36886 1m USB-A (M) 2.0 To USB-C (M) 2.0 Anthra Line 480Mbps Cable - Black,LINDY
36887,4002888368872,4.15,17,instock,yes,Lindy 36887 2m USB-A (M) 2.0 To USB-C (M) 2.0 Anthra Line 480Mbps Cable - Black,LINDY
37002,4002888370028,17.01,2,instock,yes,"Lindy Black Line 37002 2m USB4 240W Cable, 24 pin USB-C (M) to 24 pin USB-C (M)",LINDY
37317,4002888373173,4.5,4,instock,yes,"Lindy 37317 2m 4K60Hz HDMI Cable, Ultra Flexible, UHD Resolutions up to 3840x2160@60Hz 4:4:4 8bit, Supports 3D, 4K,18Gbps, 10 Year Warranty",LINDY
38296,4002888382960,43.5,2,instock,yes,Lindy 38296 0.18m VGA & Audio (M) To DisplayPort (F) 1.2 USB Powered 1920x1080@60Hz Adapter Cable - Black,LINDY
42986,4002888429863,5.72,0,outofstock,yes,"LINDY 42986 4 Port USB Hub, 4 x USB 2.0 Type-A (F) Ports, Supports Data Transfer Rates of up to 480 Mbps, Plug and Play Installation, USB Bus-Powered with DC Socket for External Power Supply",LINDY
43308,4002888433082,55.43,4,instock,yes,"LINDY 43308 5m Active USB 3.2 Gen 2 C/C Cable, Data transfer rates up to 10Gbps, Supports video resolutions up to UHD 8K 7680x4320@60Hz including 4K 4096x2160@120Hz, 2 year warranty",LINDY
43412,4002888434126,8.43,4,instock,yes,"Lindy USB 3.2 Gen 1 Gigabit Ethernet Converter, Bus-Powered, No External Power Supply Required",LINDY
73425,4002888734257,8.87,0,outofstock,yes,"LINDY 73425 30W USB Type A & C Charger UK Plug, 3A, Power Delivery 3.0 + PPS, 2 Output Connectors (USB, 24 pin USB-C), White",LINDY
73427,4002888734271,15.96,2,instock,yes,LINDY 73427 65W USB Type C GaN Charger UK Plug,LINDY
73439,4002888734394,19.84,13,instock,yes,"Lindy 65W USB 2 x Type C GaN Charger, Input UK Plug, Output 2 x USB Type C Female, Black",LINDY
CAT6-BLK-10M,5053118849752,5.36,0,outofstock,yes,"Prevo CAT6-BLK-10M Network Cable, RJ45 (M) to RJ45 (M), CAT6, 10m, Black, Oxygen Free Copper Core, Sturdy PVC Outer Sleeve & Clip Protector, Retail Box Packaging",PREVO
CAT6-BLK-1M,5053118738964,1.09,194,instock,yes,"Prevo CAT6-BLK-1M Network Cable, RJ45 (M) to RJ45 (M), CAT6, 1m, Black, Oxygen Free Copper Core, Sturdy PVC Outer Sleeve & Clip Protector, Retail Box Packaging",PREVO
CAT6-BLK-20M,5053118281491,8.95,212,instock,yes,"Prevo CAT6-BLK-20M Network Cable, RJ45 (M) to RJ45 (M), CAT6, 20m, Black, Oxygen Free Copper Core, Sturdy PVC Outer Sleeve & Clip Protector, Retail Box Packaging",PREVO
CAT6-BLK-2M,5053118154351,1.46,724,instock,yes,"Prevo CAT6-BLK-2M Network Cable, RJ45 (M) to RJ45 (M), CAT6, 2m, Black, Oxygen Free Copper Core, Sturdy PVC Outer Sleeve & Clip Protector, Retail Box Packaging",PREVO
CAT6-BLK-3M,5053118621020,1.86,69,instock,yes,"Prevo CAT6-BLK-3M Network Cable, RJ45 (M) to RJ45 (M), CAT6, 3m, Black, Oxygen Free Copper Core, Sturdy PVC Outer Sleeve & Clip Protector, Retail Box Packaging",PREVO
CAT6-BLK-5M,5053118943429,2.73,0,outofstock,yes,"Prevo CAT6-BLK-5M Network Cable, RJ45 (M) to RJ45 (M), CAT6, 5m, Black, Oxygen Free Copper Core, Sturdy PVC Outer Sleeve & Clip Protector, Retail Box Packaging",PREVO
DP14-2M,5053118881431,3.94,468,instock,yes,"Prevo DP14-2M DisplayPort Cable, DisplayPort 1.4 (M) to DisplayPort 1.4 (M), 2m, Black & Grey, Supports Displays up to 8K@60Hz, Robust Braided Cable, Gold-Plated Connectors, Superior Design & Performance, Retail Box Packaging",PREVO
DPM-HDMIF-ADA,5053118526165,5.83,156,instock,yes,"Prevo DPM-HDMIF-ADA Display Converter Adapter, DisplayPort (M) to HDMI (F), 0.2m, Black & Silver, DisplayPort 1.4 & HDMI 2.0, Supports up to 4K@60Hz, Braided Cable, Retail Box Packaging",PREVO
HDMI-2.1-2M,5053118860696,2.97,129,instock,yes,"Prevo HDMI-2.1-2M HDMI Cable, HDMI 2.1 (M) to HDMI 2.1 (M), 2m, Black & Grey, Supports Displays up to 8K@60Hz, 99.9% Oxygen-Free Copper with Gold-Plated Connectors, Superior Design & Performance, Retail Box Packaging",PREVO
HDMI-2.1-3M,5053118999068,4.02,0,outofstock,yes,"Prevo HDMI-2.1-3M HDMI Cable, HDMI 2.1 (M) to HDMI 2.1 (M), 3m, Black & Grey, Supports Displays up to 8K@60Hz, 99.9% Oxygen-Free Copper with Gold-Plated Connectors, Superior Design & Performance, Retail Box Packaging",PREVO
HDMI-2.1-5M,5053118367430,5.4,295,instock,yes,"Prevo HDMI-2.1-5M HDMI Cable, HDMI 2.1 (M) to HDMI 2.1 (M), 5m, Black & Grey, Supports Displays up to 8K@60Hz, 99.9% Oxygen-Free Copper with Gold-Plated Connectors, Superior Design & Performance, Retail Box Packaging",PREVO
USB-LIGHTNING-2M,5053118375626,5.96,617,instock,yes,"Prevo USB-LIGHTNING-2M Lightning Cable, USB 2.0 A (M) to Apple Lightning (M), 2m, White, MFI Certified, Fast Charging up to 2.1A, Data Sync Rate up to 480Mbps, Superior Design & Performance, Retail Box Packaging",PREVO
QC70,5053118096965,5.56,0,outofstock,yes,"Prevo QC70 20W USB Type-C & USB Type-A Fast Charge Mains Charger with QC 3.0 for Laptops, Ultrabooks, Chromebooks, iPads, MacBooks, Smartphones, Tablets, Mobile Devices, Action Cameras, DSLRs",PREVO
QC72,5053118093193,14.97,0,outofstock,yes,"Prevo QC72 65W USB Type-C & USB Type-A Fast Charge Mains Charger with Qualcomm Quick Charge 3.0 and 1.5m 100W USB-C Cable for Laptops, Ultrabooks, Chromebooks, iPads, MacBooks, Smartphones, Tablets, Mobile Devices, Action Cameras, DSLRs",PREVO
TC015,5053118778700,2.26,30,instock,yes,"Prevo USB 2.0 60W C to C PVC cable, 20V/3A, 480Mbps, White, Superior Design & Performance, Retail Box Packaging",PREVO
TC016,5053118720785,3.87,668,instock,yes,"Prevo USB 3.2 100W C to C cable, 20V/5A, 10GB/20GB/s, White, Superior Design & Performance, Retail Box Packaging",PREVO
USBA-USBC-2M,5053118210385,2.78,408,instock,yes,"Prevo USBA-USBC-2M Data Cable, USB 2.0 Type-A (M) to USB 2.0 Type-C (M), 2m, Black, Fast Charging up to 2.1A / 5V, Nickel Plated Connectors, Superior Design & Performance, Retail Box Packaging",PREVO
USBA-USBB-2M,5053118271713,1.48,417,instock,yes,"Prevo USBA-USBB-2M USB Printer Cable, USB 2.0 Type-A (M) to USB 2.0 Type-B (M), 2m, Black, 480Mbps Transmission Rate, Suitable for Printers & Scanners, Retail Box Packaging",PREVO
USBC-DP-ADA,5053118949520,4.85,16,instock,yes,"Prevo USBC-DP-ADA Display Converter Adapter, USB Type-C (M) to DisplayPort (F), 0.2m, Black & Silver, DisplayPort 1.4, Supports up to 8K@30Hz, Braided Cable, Retail Box Packaging",PREVO
USBC-HDMI-ADA,5053118252705,7.96,502,instock,yes,"Prevo USBC-HDMI-ADA Display Converter Adapter, USB Type-C (M) to HDMI (F), 0.2m, Black & Silver, HDMI 2.0, Supports up to 4K@60Hz, Braided Cable, Retail Box Packaging",PREVO
USBM-USBF-3M-3.0,5053118826005,1.71,376,instock,yes,"Prevo USBM-USBF-3M USB 3.0 Extension Cable, USB 3.0 Type-A (M) to USB Type-A (F), 3m, Black, Up to 5Gbps Transmission Rate, Retail Box Packaging",PREVO
USBM-USBF-5M-3.0,5053118095531,2.3,928,instock,yes,"Prevo USBM-USBF-5M USB 3.0 Extension Cable 5M, 5Gbps SuperSpeed USB-A Male to Female Extender for Laptops, PC, Gaming Consoles & VR, Black, Retail Box",PREVO
12CF1-1PW128-30R,12CF1-1PW128-30R,7.43,93,instock,yes,Replacement 12VHPWR 12+4Pin PCIE 5.0 to 2x8Pin (6+2P) Power Cable 10cm Braided,TARGET
12CF1-1PW138-30R,12CF1-1PW138-30R,8.12,77,instock,yes,Replacement 12VHPWR 12+4Pin PCIE 5.0 to 3x8Pin (6+2P) Power Cable 10cm Braided,TARGET
12CF1-1PW148-30R,12CF1-1PW148-30R,8.34,12,instock,yes,Replacement 12VHPWR 12+4Pin PCIE 5.0 to 4x8Pin (6+2P) Power Cable 10cm Braided,TARGET
2TT-102,5053118262070,0.64,17,instock,yes,3.5mm (M) Stereo Plug to 3.5mm (F) Stereo Socket 2m Black OEM Cable,TARGET
2TR-302,5053118009552,0.67,16,instock,yes,3.5mm (M) Stereo Jack to 2 x RCA Plug (M + M) 2m Black OEM Cable,TARGET
2TT-01,5053118015058,0.49,19,instock,yes,3.5mm (M) Stereo Plug to 3.5mm (M) Stereo Plug 1m Black OEM Cable,TARGET
4OPT-101,5055781201592,1.8,11,instock,yes,TOSLINK Digital Optical (M) to Digital Optical (M) 1m Black OEM Cable,TARGET
USB3C-921H,5055781245343,3.64,5,instock,yes,USB 3.1 Type C (M) to Type C (M) Cable 0.5m Black OEM Data Cable,TARGET
99CDL2-023,5056162954264,0.94,12,instock,yes,"TARGET 99CDL2-023 Data Cable, USB 2.0 Type-A (M) to USB 2.0 Type-A (F), 3m Black, USB Extension Cable, OEM Polybag Packaging",TARGET
AD-426,5055781205156,1.28,11,instock,yes,"VGA Adapter Cable DB-9 (9-Pin Male) D-Sub Connection to a 15-pin Female High-Density VGA/SVGA Port, Gold Contacts, 0.21m, Grey",TARGET
99CDL2-0622,5053118548266,0.95,50,instock,yes,USB 2.0 A (M) to USB 2.0 Mini B (M) 1.8m Black OEM Data Cable,TARGET
77DVHD-3303,5055781210235,1.97,17,instock,yes,HDMI 1.4 (M) to DVI-D (M) 3m Black OEM Display Cable,TARGET
77HDMI-030,5053118017366,1.7,24,instock,yes,HDMI 1.4 (M) to HDMI 1.4 (M) 3m Black OEM Display Cable,TARGET
CDLMDP-102,5053118521313,2.88,13,instock,yes,DisplayPort 1.2 (M) to Mini DisplayPort 1.2 (M) 2m White OEM Display Cable,TARGET
77HDPT-VGACAB01,5051868969362,4.97,9,instock,yes,"TARGET HDHDPORT-VGACAB Converter Adapter, DisplayPort 1.2 (M) to VGA (F), 0.15m Cabled Adapter, Black, 2048x1152 Max Resolution Support, Supports up 1080p at 50/60hz",TARGET
USB3C-DVI-1M,3561124122025,11.9,10,instock,yes,USB-C TO DVI 4K 30HZ 1 Meter Black Data Cable,TARGET
USB3C-DVI-2M,5055781241895,12.86,10,instock,yes,USB-C TO DVI 4k 30HZ 2 Meter Black Data Cable,TARGET
ELEC4WAY2M,5024996152173,3.35,32,instock,yes,2m 4 Gang UK Mains Extension - White,TARGET
ELEC6WAY2M,0378277000000,3.95,66,instock,yes,2m 6 Gang UK Mains Extension - White,TARGET
ERT-600-HR,5055781211560,0.5,20,instock,yes,RJ45 (M) to RJ45 (M) CAT6 0.25m Red OEM Moulded Boot Copper UTP Network Cable,TARGET
ERT-600-HW,5055781211584,0.5,20,instock,yes,RJ45 (M) to RJ45 (M) CAT6 0.25m White OEM Moulded Boot Copper UTP Network Cable,TARGET
ERT-600W,5053118435641,0.62,38,instock,yes,RJ45 (M) to RJ45 (M) CAT6 0.5m White OEM Moulded Boot Copper UTP Network Cable,TARGET
ERT-601K,5053118331264,0.78,39,instock,yes,RJ45 (M) to RJ45 (M) CAT6 1m Black OEM Moulded Boot Copper UTP Network Cable,TARGET
ERT-601W,5053118326727,0.78,37,instock,yes,RJ45 (M) to RJ45 (M) CAT6 1m White OEM Moulded Boot Copper UTP Network Cable,TARGET
ERT-601,5053118531923,0.78,15,instock,yes,RJ45 (M) to RJ45 (M) CAT6 1m Grey OEM Moulded Boot Copper UTP Network Cable,TARGET
ERT-605W,5053118524109,2.28,30,instock,yes,RJ45 (M) to RJ45 (M) CAT6 5m White OEM Moulded Boot Copper UTP Network Cable,TARGET
ERT-610W,5053118542530,4.18,8,instock,yes,RJ45 (M) to RJ45 (M) CAT6 10m White OEM Moulded Boot Copper UTP Network Cable,TARGET
EU-290,EU-290,0.59,193,instock,yes,EU 2 Pin Plug To IEC C5 60cm  Mains Extension Cable - Black,TARGET
HDHD-RA270,5055781214561,1.48,100,instock,yes,"Target HDMI Right Angled Male To Female Adapter, Due To The Position Of The HDMI Port It Can Make 270 On Some Devices",TARGET
77HDMI-018,5053118628876,1.3,33,instock,yes,HDMI 1.4 (M) to HDMI 1.4 (M) 1.8m Black OEM Display Cable,TARGET
USB3C-HDMI-2M,5055781241901,12.64,5,instock,yes,USB-C TO HDMI 4K 60HZ 2 Meter Black Data Cable,TARGET
NLMOB4-5001WD,5055781251221,7.18,7,instock,yes,Target USB4 1m 40Gbps USB-C Cable with 240W Power Delivery and Display Support - Retail Boxed,TARGET
NLMOB-913BDWT,5055781252297,4.97,8,instock,yes,"NEWlink 1.2m 3-in-1 USB Charging Cable, USB-A To USB Micro, USB-A To USB-C, USB-A to Lightning - White",TARGET
RB-05M04SPD,5060229123794,8.56,9,instock,yes,5m 4 Gang Surge Protected LED Indicator UK Mains Extension - White,TARGET
RB-250,5053118013191,2.09,7063,instock,yes,1.8m UK 3 Pin Plug To IEC C13 (Kettle) 5 Amp Fuse Mains Extension Cable - Black,TARGET
RB-290,5053118015751,2.09,7680,instock,yes,1.8m UK 3 Pin Plug To IEC C5 (Clover) 5 Amp Fuse Mains Extension Cable - Black,TARGET
RB-333W,5055781225536,3.85,9,instock,yes,UK Mains to 2 x IEC Kettle 1.8m Black OEM Power Splitter Cable,TARGET
RB-522,5055781218323,1.09,18,instock,yes,3-Pin Fan (F) to 2 x 3-Pin Fan (M + M) 0.15m OEM Internal Splitter Cable,TARGET
RB-02M04SPD,5055781240188,5.83,0,outofstock,yes,2m 4 Gang Surge Protected LED Indicator UK Mains Extension - White,TARGET
RB-05M06SPD,5055781240263,9.17,4,instock,yes,5m 6 Gang Surge Protected LED Indicator UK Mains Extension - White,TARGET
RB-02M04SPDBLK,5055781251092,5.93,2,instock,yes,2m 4 Gang Surge Protected LED Indicator UK Mains Extension - Black,TARGET
URT-600-HK,5055781221408,0.39,0,outofstock,yes,RJ45 (M) to RJ45 (M) CAT5e 0.25m Black OEM Moulded Boot Copper UTP Network Cable,TARGET
URT-600-HB,5055781221385,0.39,31,instock,yes,RJ45 (M) to RJ45 (M) CAT5e 0.25m Blue OEM Moulded Boot Copper UTP Network Cable,TARGET
URT-600-HW,5055781221446,0.39,50,instock,yes,RJ45 (M) to RJ45 (M) CAT5e 0.25m White OEM Moulded Boot Copper UTP Network Cable,TARGET
URT-600K,5053118000856,0.45,77,instock,yes,RJ45 (M) to RJ45 (M) CAT5e 0.5m Black OEM Moulded Boot Copper UTP Network Cable,TARGET
URT-600B,5053118173994,0.45,11,instock,yes,RJ45 (M) to RJ45 (M) CAT5e 0.5m Blue OEM Moulded Boot Copper UTP Network Cable,TARGET
URT-600W,5053118288452,0.45,25,instock,yes,RJ45 (M) to RJ45 (M) CAT5e 0.5m White OEM Moulded Boot Copper UTP Network Cable,TARGET
URT-600,5053118192704,0.45,4,instock,yes,RJ45 (M) to RJ45 (M) CAT5e 0.5m Grey OEM Moulded Boot Copper UTP Network Cable,TARGET
URT-601K,5053118628760,0.53,187,instock,yes,RJ45 (M) to RJ45 (M) CAT5e 1m Black OEM Moulded Boot Copper UTP Network Cable,TARGET
URT-601W,5053118918656,0.53,47,instock,yes,RJ45 (M) to RJ45 (M) CAT5e 1m White OEM Moulded Boot Copper UTP Network Cable,TARGET
URT-602B,5055781221737,0.74,23,instock,yes,RJ45 (M) to RJ45 (M) CAT5e 2m Blue OEM Moulded Boot Copper UTP Network Cable,TARGET
URT-602W,5053118890389,0.74,0,outofstock,yes,RJ45 (M) to RJ45 (M) CAT5e 2m White OEM Moulded Boot Copper UTP Network Cable,TARGET
URT-603K,5053118308785,1.01,20,instock,yes,RJ45 (M) to RJ45 (M) CAT5e 3m Black OEM Moulded Boot Copper UTP Network Cable,TARGET
URT-603W,5053118507270,1.01,15,instock,yes,RJ45 (M) to RJ45 (M) CAT5e 3m White OEM Moulded Boot Copper UTP Network Cable,TARGET
URT-605K,5053118015027,1.63,38,instock,yes,RJ45 (M) to RJ45 (M) CAT5e 5m Black OEM Moulded Boot Copper UTP Network Cable,TARGET
URT-605W,5053118321739,1.63,15,instock,yes,RJ45 (M) to RJ45 (M) CAT5e 5m White OEM Moulded Boot Copper UTP Network Cable,TARGET
URT-610K,5053118497502,2.68,22,instock,yes,RJ45 (M) to RJ45 (M) CAT5e 10m Black OEM Moulded Boot Copper UTP Network Cable,TARGET
URT-610W,5053118478136,2.68,5,instock,yes,RJ45 (M) to RJ45 (M) CAT5e 10m White OEM Moulded Boot Copper UTP Network Cable,TARGET
URT-625K,5053118408829,6.15,12,instock,yes,RJ45 (M) to RJ45 (M) CAT5e 25m Black OEM Moulded Boot Copper UTP Network Cable,TARGET
99CDL2-0122,5053118015140,0.69,26,instock,yes,USB 2.0 A (M) to USB 2.0 A (M) 2m Black OEM Data Cable,TARGET
USB3C-951,5053118712698,2.79,23,instock,yes,USB 3.0 A (F) to USB 3.1 C (M) 0.15m Black OEM Data Adapter,TARGET
USB3-MICROSRT-BLK,5055781225932,1.7,12,instock,yes,USB 3.0 A (M) to USB 3.0 Micro B (M) 0.75m Black OEM Data Cable,TARGET
USB3-MICROSRT-BLUE,5055781233821,1.7,5,instock,yes,USB 3.0 A (M) to USB 3.0 Micro B (M) 0.75m Blue OEM Data Cable,TARGET
USB3C-921-2M,5055781241031,4.36,8,instock,yes,"TARGET USB3C-921-2M Data Cable, USB 3.1 Type-A (M) to USB 3.1 Type-C (M), 2m, Black, 5Gbps Data Transfer Rate, Supports up to 3A 20V (60W), USB Power Delivery v2.0, OEM Polybag Packaging",TARGET
USB4-5100ETP,5055781250972,5.27,8,instock,yes,"Target USB4 40Gbps 240W EPR C-C Cable 5 Amp, Power Delivery, High-Speed Data Transfer, USB Type-C Connector, USB4 Certified, 1 Meter Length, Black",TARGET
UT-899250E,5055781246906,0.89,30,instock,yes,RJ45 (F) to RJ45 (F) White OEM Coupler Adapter,TARGET
USB3C-VGA-1M,5055781241932,9.94,10,instock,yes,USB-C to VGA 1080P 60HZ  1 Meter Black Data Cable,TARGET
USB3C-VGA-2M,5055781241888,10.36,9,instock,yes,USB C to VGA 1080P 60HZ  2 Meter Black Data Cable,TARGET
CG441D 3M,4895182213067,2.38,81,instock,yes,"VCOM DVI-D (M) to DVI-D (M) (24+1 pin) 3m Black Retail Packaged Display Cable, Works with Flat Panel Displays, Digital CRT Monitors, Projectors, and HDTVs",VCOM
30186,23942301868,31.55,8,instock,yes,"Verbatim Charge 'n' Travel 70W 2C Retractable Universal Travel Adapter Black, Fast Charging up to 70W",VERBATIM
30190,23942301905,48.32,6,instock,yes,"Verbatim Charge 'n' Travel 170W Universal Travel Adapter Black, Charge Up To 6 Devices AT Once",VERBATIM
30238,23942302384,16.3,0,outofstock,yes,"Verbatim Mini GaN Charger with Display, 65W 3-Port + 60W USB-C to USB-C Cable",VERBATIM
30239,23942302391,21.2,0,outofstock,yes,"Verbatim Mini GaN Charger 100W With Display, 100W 3-Port + 100W USB-C to USB-C Cable",VERBATIM
30240,23942302407,24.52,16,instock,yes,"Verbatim Mini GaN Charger 140W With Display, 140W 4-Port + 140W USB-C to USB-C Cable",VERBATIM
31850,23942318507,8.4,10,instock,yes,"Verbatim Sync & Charge USB-C to USB-C 60W Magnetic Cable 120cm Grey, Supports PD 3.0 and QC 3.0",VERBATIM
31859,23942318590,8.4,14,instock,yes,"Verbatim Sync & Charge USB-C to USB-C 60W Magnetic Cable 120cm Black, Supports PD 3.0 and QC 3.0",VERBATIM
32200,23942322009,8.41,0,outofstock,yes,Verbatim GNC-35 GaN Charger 35W with 1 x USB-C PD 35W / 1 x USB-A QC 3.0 (EU/UK/US),VERBATIM
32201,23942322016,14.26,4,instock,yes,Verbatim GNC-65 GaN Charger 65W with 2 x USB-C PD 65W / 1 x USB-A QC 3.0 (EU/UK/US),VERBATIM
32202,23942322023,26.28,13,instock,yes,Verbatim GNC-100 GaN Charger 100W with 2 x USB-C PD 100W / 1 x USB-C PD 65W / 1 x USB-A QC 3.0 (EU/UK/US),VERBATIM
32203,23942322030,36.82,16,instock,yes,Verbatim GNC-140 GaN Charger 140W with 2 x USB-C PD 140W / 1 x USB-C PD 20W / 1 x USB-A QC 3.0 (EU/UK/US),VERBATIM
32204,23942322047,44.95,7,instock,yes,Verbatim GNC-200 GaN Charger 200W with 2 x USB-C PD 100W / 1 x USB-C PD 65W / 1 x USB QC 3.0 (EU/UK/US),VERBATIM
32205,23942322054,58.72,9,instock,yes,Verbatim (32205) GNC-240 GaN Charger 240W With 1 X USB-C 140W /1 X USB-C 100W / 1 X USB-C 65W / 1 X USB-A QC 3.0 (EU/UK/US),
32217,23942322177,28.46,6,instock,yes,Verbatim GaN Wall Charger 65W 2 Port with Retractable Cable,VERBATIM
32391,23942323914,3.84,34,instock,yes,"Verbatim Essentials Sync & Charge USB-C to C Cables (2 pack) Black & White, 1m, 60W PD, 480Mbps, USB Power Delivery 3.0 Supports Up To 60W Fast Charging",VERBATIM
32392,23942323921,4.26,25,instock,yes,"Verbatim Essentials Sync & Charge USB-C to Lightning Cables (2 pack) Black & White, 1m, 27W PD, 480Mbps, USB Power Delivery 3.0 Supports Up To 27W Charging Power",VERBATIM
32393,23942323938,2.86,44,instock,yes,"Verbatim Essentials Sync & Charge USB-A to C Cables (2 pack) Black & White,1m,18W QC, 480Mbps, Quick Charge 3.0 Support Up To 18W Charging",VERBATIM
32394,23942323945,2.94,28,instock,yes,"Verbatim Essentials 3-in-1 Sync & Charge Cable USB-A to Micro-B, USB-C and Lightning, 1m, 18W QC, 480Mbps, Quick Charge 3.0 Support Up To 18W Charging Power",VERBATIM
32409,23942324096,4.95,0,outofstock,yes,"Verbatim Essentials Sync & Charge 3m USB-C to C Cable, 100W PD, 480Mbps, USB Power Delivery 3.0 Supports Up To 100W Fast Charging",VERBATIM
49543,23942495437,10.83,9,instock,yes,Verbatim UTA-01 Universal Travel Adapter with 2 x USB-A Ports 12W,VERBATIM
49544,23942495444,14.63,17,instock,yes,Verbatim UTA-02 Universal Travel Adapter with 1 x USB-C PD 20W / 1 x USB-A QC 3.0,VERBATIM
49545,23942495451,15.9,15,instock,yes,Verbatim UTA-03 Universal Travel Adapter with 1 x USB-C PD 30W & QC 3.0 / 2 x USB-C / 2 x USB-A,VERBATIM
32200003400,4710268246435,10.3,136,instock,yes,"Genius FaceCam 1000X HD WebCam V2, 1280x720, True-to-life HD 720p with Built-in Microphone, For Skype, FaceTime, Hangouts, WebEx, USB Connection, Black",GENIUS
960-001063,5099206064201,14.25,11,instock,yes,"Logitech C270 HD Webcam, HD 720p/30fps, Widescreen HD Video Calling, HD Light Correction, Noise-Reducing Mic, For Skype, FaceTime, Hangouts, WebEx, PC/Mac/Laptop/Macbook/Tablet, Black",LOGITECH
960-001065,5099206064225,16.75,0,outofstock,yes,"Logitech C310 HD Webcam, HD 720p/30fps, Widescreen HD Video Calling, HD Light Correction, Noise-Reducing Mic, For Skype, FaceTime, Hangouts, WebEx, PC/Mac/Laptop/Macbook/Tablet, Black",LOGITECH
960-001252,5099206082199,42.22,0,outofstock,yes,"Logitech C920S HD Pro Webcam, Full HD 1080p/30fps Video Calling, Clear Stereo Audio, HD Light Correction, Privacy Shutter, Streaming, Works With Skype,Zoom,FaceTime - Black",LOGITECH
49578,23942495789,16.95,26,instock,yes,Verbatim AWC-01 Full HD 1080p Autofocus Webcam with Microphone,VERBATIM
49579,23942495796,17.55,41,instock,yes,Verbatim AWC-02 Full HD 1080p Autofocus Webcam with Microphone and Light,VERBATIM
49580,23942495802,37.22,24,instock,yes,Verbatim AWC-03 Ultra HD 4K Autofocus Webcam with Dual Microphone,VERBATIM
AK-ICR-27,4710614536357,17.87,33,instock,yes,"Akasa USB 3.0 Multi Card Reader, Supports CF/MS/SD/MicroSD UHS-II Cards, 3.5"", Internal USB 3.0 Connector, Black, for PC",AKASA
AK-ICR-07,4710614530515,11.2,2,instock,yes,Akasa AK-ICR-07 Internal 6-Slot Multi Card Reader with USB port,AKASA
31240002400,4710268261162,5.05,262,instock,yes,"Genius 4 Port USB-C Hub, 4 x USB 3.0 Type-A (F) Ports, Plug and Play Installation",GENIUS
31240003400,4710268261186,11.27,0,outofstock,yes,"Genius USB Type-C 5-In-1 Hub Docking Station with USB-C 100W Power Delivery, USB-C 3.0, 2x USB A 3.0, 4K HDMI, PC, Laptop, Tablets, iPad, MacBook, iMac Compatible",GENIUS
501R,5053118223910,12.27,0,outofstock,yes,"Prevo C501R 4-In-1 USB-C Networking Hub Docking Station with RJ-45 Gigabit Ethernet, 60W Passthrough, USB-A USB 3.0, 4K HDMI for PC, Laptop, Tablet - Windows & Mac iOS Compatible",PREVO
C605A,5053118334364,10.87,0,outofstock,yes,"Prevo C605A 6-In-1 USB-C 4K Media and Data Transfer Hub Docking Station with 60W Passthrough, USB-C, HDMI, SD, USB-A  for PC, Laptop, Tablet - Windows and Mac iOS Compatible",PREVO
CR311,5053118397369,3.25,0,outofstock,yes,"Prevo CR311 USB 3.0 Card Reader, High-speed Memory Card Adapter Supports SD/Micro SD/TF/SDHC/SDXC/MMC, Compatible with Windows, OS, Black",PREVO
CR312,5053118322750,4.95,90,instock,yes,"Prevo CR312 USB 2.0, USB Type-C and Lightning Connection, Card Reader, High-speed Memory Card Adapter Supports SD/Micro SD/TF/SDHC/SDXC/MMC, Compatible with Windows, Mac OS and Android, Black",PREVO
32146,23942321460,54.85,5,instock,yes,"Verbatim Share My Screen USB-C Wireless Display Adapter 1080P With Hub WDA-01, Built-In Hub With 2 x USB-A Ports And SD/microSD Slots",VERBATIM
32147,23942321477,64.25,6,instock,yes,"Verbatim Share My Screen USB-C Wireless Display Adapter 4K With Hub, Extra USB-A Port For Other Essential Devices",VERBATIM
32152,23942321521,27.32,5,instock,yes,Verbatim USB-C Pro Multiport Hub 9 Port CMH-09,VERBATIM
32153,23942321538,49.4,6,instock,yes,Verbatim USB-C Pro Multiport Hub 13 Port CMH-13,VERBATIM
32154,23942321545,39.44,13,instock,yes,Verbatim USB-C Pro Multiport Hub 14 Port CMH-14,VERBATIM
32155,23942321552,10.85,1,instock,yes,"Verbatim USB-C Essentials Multiport Hub 4 Port Hub HDMI, USB-C PD, USB-A 3.2 Gen 1, USB-A, Supports Up To 100W Power Delivery",VERBATIM
32156,23942321569,12.96,6,instock,yes,"Verbatim USB-C Essentials Multiport Hub 6 Port With Card Reader, Supports Up To 100W Power Delivery, SD/MicroSD Slots Supports Read / Write Speeds Of Up To 40MB/s and 30MB/s ",VERBATIM
32171,23942321712,64.23,4,instock,yes,Verbatim USB-C Pro Docking Station 15 Port CDS-15,VERBATIM
32172,23942321729,131.54,4,instock,yes,"Verbatim USB-C PRO Docking Station 17 Port CDS-17, Supports Triple HDMI Outputs (up to 8K Resolution), Dual DisplayPorts, Gigabit Ethernet, SD/microSD Card Reader, Multi-Device USB 3.2 Data Transferring",VERBATIM
AK-T565-5G,4710679550817,6.43,0,outofstock,yes,"AKASA AK-T565-5G T5 Pro-Grade+ Thermal Compound Syringe, 5g, Grey, Ultra-Performance with Hybrid Silicone & Nano-Diamond Particles, Non-Curing, Non-Electrically Conductive, Includes Spreader & Cleaning Wipes",AKASA
AK-TCW-02,4710679550350,3.86,9,instock,yes,Akasa Pack of 10 Thermal Interface Material (TIM) Cleaning Wipes,AKASA
712-000075,712-000075,7.28,0,outofstock,yes,AMD Wraith Prism AM4 Socket 96mm 2700RPM PWM RGB LED OEM Fan CPU Cooler,AMD
COCITACAMD,5055492416278,4.5,48,instock,yes,Low Profile CPU Cooler With 92mm PWM Fan For AMD Platform,AMD
COCITACAMDWRAITH,5055492416902,4.76,28,instock,yes,Low Profile AMD CPU Cooler With 90mm PWM Fan,AMD
COCITACINTEL,5055492416285,3.92,5,instock,yes,Low Profile CPU Cooler With 92mm PWM Fan For Intel Platform,INTEL
0-761345-10913-0,0761345109130,12.95,157,instock,yes,"ANTEC A400i Fan CPU Cooler, Universal Socket, 120mm Neon Light Effect Silent RGB PWM Fan, 1800RPM, 4 Direct-Touch Copper Heatpipes, Intel LGA 1700 Bracket Included",ANTEC
0-761345-70002-3,0761345700023,6.46,47,instock,yes,"Antec ARGB & Fan Controller - 5 PWM Fan Ports, 5 ARGB LED Ports, SATA Power, Compact Design, 2-Year Warranty",ANTEC
0-761345-40046-6,0761345400466,15.76,4,instock,yes,Antec Connect 120 ARGB 3-Pack 120mm PWM Fans with Daisy Chain Design and Vibration-Absorbing Pads,ANTEC
0-761345-40048-0,0761345400480,15.93,20,instock,yes,Antec Connect 120 ARGB Reverse 3-Pack 120mm PWM Fans with Daisy Chain Design and Vibration-Absorbing Pads,ANTEC
0-761345-77702-5,0761345777025,4.44,21,instock,yes,"Antec Fusion 120mm ARGB, Black, Upto 2000RPM, 57.93CFM Airflow, 31.24dB Max, 4-pin PWM 3-pin LED",ANTEC
0-761345-40052-7,0761345400527,15.6,4,instock,yes,"Antec NOVA 120 PWM Fan, White, High-Performance Cooling with Fluid Dynamic Bearing, Precise Three-Phase Speed Control, Industrial-Grade Metal Construction, and Dustproof Design",ANTEC
0-761345-40059-6,0761345400596,33.66,39,instock,yes,"Antec Orbit 120 ARGB 120 mm PWM Fan Triple Pack  - 120 mm x 28 mm, Fluid Dynamic Bearing, 200-2000 RPM, 66.72 CFM, aRGB Lighting, Anti-Vibration Pads",ANTEC
0-761345-40034-3,0761345400343,4.9,369,instock,yes,"Antec P12R ARGB Reverse PWM 120mm Fan - 4-Pin, Black, High-Airflow Cooling, 9-Blade Design with Anti-Vibration Pads",ANTEC
0-761345-40065-7,0761345400657,44.15,10,instock,yes,"Antec Skeleton 240 ARGB Liquid CPU Cooler, Universal Socket, Black, 240mm Radiator, PWM up to 2000 RPM Cooling Fans, Addressable RGB LED Lighting  ",ANTEC
0-761345-40066-4,0761345400664,55.02,24,instock,yes,"Antec Skeleton 360ARGB Liquid CPU Cooler, Universal Socket, Black, 360mm Radiator, PWM up tp 2000 RPMCooling Fans, Addressable RGB LED Lighting ",ANTEC
0-761345-40067-1,0761345400671,45.22,14,instock,yes,"Antec Skeleton 360ARGB Liquid CPU Cooler, Universal Socket, White, 360mm Radiator, PWM up tp 2000 RPMCooling Fans, Addressable RGB LED Lighting ",ANTEC
0-761345-74042-5,0761345740425,37.5,52,instock,yes,"ANTEC Symphony 360 AiO Liquid CPU Cooler, Universal Socket, White, 360mm Radiator, PWM 1600RPM Cooling Fans, Addressable RGB LED Lighting with Chromatic ARGB Lighting Pump Head",ANTEC
0-761345-76000-3,0761345760003,6.39,269,instock,yes,"ANTEC T120 Fan CPU Cooler, Universal Socket, 120mm Chromatic Silent RGB Fan, 1500RPM, Massive Black Aluminium Fins for Enhanced Cooling Performance, Designed for Small Form Factor Cases",ANTEC
0-761345-40032-9,0761345400329,15.55,0,outofstock,yes,Antec Tranquil 120 ARGB 3-Pack Case Fans with Controller - 120mm High Performance PWM Fans with Addressable RGB Lighting and Fan Control Hub,ANTEC
0-761345-40036-7,0761345400367,4.64,0,outofstock,yes,"Antec Tranquil 140 ARGB PWM Case Fan - Fluid Dynamic Bearing, 450-1500 RPM, Black",ANTEC
0-761345-40060-2,0761345400602,15.8,20,instock,yes,"Antec Vision 120mm ARGB - 3 PK, Black, Up to 1800RPM, 44.5CFM Airflow, 29dB Max, 4-pin ARGB 3-pin ",ANTEC
0-761345-40061-9,0761345400619,15.8,26,instock,yes,"Antec Vision 120mm Reverse ARGB Fan 3 Pack Black, 1500RPM, 37.2CFM, 27.5dB, 4-Pin PWM / 3-Pin ARGB",ANTEC
0-761345-40056-5,0761345400565,36.4,37,instock,yes,"Antec Vortex Lum 360 ARGB White CPU Liquid Cooler - Intel & AMD Compatible, 3 x 120mm ARGB Fans, Suspended Spiral Pump Head, Enhanced Cooling Performance",ANTEC
0-761345-74049-4,0761345740494,43.33,23,instock,yes,"ANTEC Vortex 360 ARGB AiO Liquid CPU Cooler, White, Universal Socket, 360mm Radiator, PWM 2000RPM Fusion ARGB Cooling Fans, Addressable RGB LED Lighting with Suspended Spiral Pump Head Design",ANTEC
0-761345-40064-0,0761345400640,158.76,14,instock,yes,"Antec Vortex View 360 Black AIO Liquid CPU Cooler, Massive 5-Inch Rotatable IPS LCD Display, 9th Gen Asetek Pump for 400W TDP, Triple 120mm PWM Fans,  ARGB Backglow",ANTEC
90-ACLA36-WAAGA6,4711581493506,67.89,0,outofstock,yes,"ASRock Challenger 360 Digital White AIO Liquid CPU Cooler, 360mm Radiator, Triple 120mm PWM ARGB Fans, 3? Digital Display, Intel LGA1700/1851 & AMD AM5/AM4 Compatible",ASROCK
BK024,4260052187319,40.1,0,outofstock,yes,"be quiet! Dark Rock Slim Fan CPU Cooler, Universal Socket, Silent Wings 3 120mm PWM Black Cooling Fan, 1500RPM, 4 Heat Pipes, 180W TDP, Compact Construction to Stop Blocking Memory Slots, Intel LGA 1700 & AMD AM5 Compatible",BEQUIET
BK035,4260052190739,44.1,167,instock,yes,"be quiet! Dark Rock 5 CPU Cooler, INTEL/AMD Socket, Silent Wings 4 120mm PWM fan, 2100RPM, 6 Advanced High-Performance Heat Pipes",BEQUIET
BK037,4260052190753,58.8,32,instock,yes,"be quiet! Dark Rock Elite CPU Cooler, Universal Socket, 2 x Silent Wings Fans, 2000RPM, 7 x Heat Pipes, 280W TDP, ARGB & Speed Switch",BEQUIET
BK041,4260052192504,27.9,54,instock,yes,"be quiet! Pure Rock Pro 3 CPU Cooler, Universal Socket, 2 x Pure Wings Fans, 2000RPM, only 34.8dB(A) at maximum fan speed, 250W TDP, 3-year manufacturer's warranty",BEQUIET
BK042,4260052192511,31.2,18,instock,yes,"be quiet! Pure Rock Pro 3 CPU Cooler, Black, Universal Socket, 2 x Pure Wings Fans, 2000RPM, only 34.8dB(A) at maximum fan speed, 250W TDP, 3-year manufacturer's warranty",BEQUIET
BL072,4260052188767,16.24,0,outofstock,yes,"be quiet! Light Wings PWM Addressable RGB Fan, 120mm, 1700RPM, 4-Pin PWM Fan & 3-Pin ARGB Connectors, Black Frame, Black Blades, ARGB Lighting on Front & Rear",BEQUIET
BL075,4260052188798,15.35,11,instock,yes,"be quiet! Light Wings PWM High Speed Addressable RGB Fan, 140mm, 2200RPM, 4-Pin PWM Fan & 3-Pin ARGB Connectors, Black Frame, Black Blades, ARGB Lighting on Front & Rear",BEQUIET
BL093,4260052188859,14.48,25,instock,yes,"be quiet! Silent Wings 4 PWM Black Fan, 120mm, 1600RPM, 4-Pin PWM Fan Connector, Black Frame, Black Blades, Optimized Fan Blades for High End Performance, 2 Mounting Options",BEQUIET
BL099,4260052188910,21.1,50,instock,yes,"be quiet! Silent Wings Pro 4 PWM Black Fan, 140mm, 2400RPM, 4-Pin PWM Fan Connector, Black Frame, Black Blades, Optimized Fan Blades for the Highest Performance for Radiators & Heat Sinks, 3 Mounting Options, 3 Speed Switch",BEQUIET
BW016,4260052190678,55.5,0,outofstock,yes,"be quiet! Pure Loop 2 120mm AIO CPU Water Cooler, Universal Socket, 120mm Radiator, Pure Wings 3 120mm PWM high-speed fan, 2100RPM, ARGB, 3-year manufacturers warranty",BEQUIET
BZ002,4260052188514,6.95,46,instock,yes,"be quiet! (BZ002) MC1 M.2 SSD Cooler, Single/Double Side Compatibility, 2280 Size",BEQUIET
COCITFANHALO120B,5055492414649,2.88,0,outofstock,yes,CIT Halo 120mm Infinity ARGB Black 4-Pin PWM High-Performance PC Cooling Fan with Addressable RGB Lighting and Superior Airflow,CIT
R-AG300-BKNNMN-G,6933412727897,9.46,165,instock,yes,"DeepCool AG300 Fan CPU Cooler, Universal Socket, Efficient 92mm PWM Cooling Black Fan, 3050RPM, 3 Heat Pipes, 150W Heat Dissipation Power, Unique Matrix Fin Design, Intel LGA 1700 Bracket Included",DEEPCOOL
R-AG400-BKNNMN-G-1,6933412727590,14.15,229,instock,yes,"DeepCool AG400 Fan CPU Cooler, Universal Socket, High Efficiency 120mm PWM Cooling Black Fan, 2000RPM, 4 Heat Pipes, 220W Heat Dissipation Power, Unique Matrix Fin Design, Intel LGA 1700 Bracket Included",DEEPCOOL
R-AG400-BKAMMN-GJD,6933412729310,14.94,344,instock,yes,"DeepCool AG400 Black ARGB V2 CPU Air Cooler, 120mm PWM Fan, 4 Direct Touch Heat Pipes, Addressable RGB, LGA1851/1700/1200, AM5/AM4 Compatible, High-Performance Single Tower Cooler",DEEPCOOL
R-AG400-BKNPMG2-G,6933412730026,13.91,186,instock,yes,DeepCool AG400 G2 CPU Air Cooler 120mm PWM Fan 4 Heatpipes Intel LGA1851/1700 AMD AM5/AM4 Black,DEEPCOOL
R-AG500-BKAMMN-GJD,6933412729334,19.97,46,instock,yes,"DeepCool AG500 BK ARGB CPU Air Cooler, 240W TDP, 120mm PWM Fan, 5 Copper Heatpipes, Addressable RGB Lighting, Intel & AMD Compatible, Black",DEEPCOOL
R-AG620-BKAMMN-GJD,6933412729242,19.9,691,instock,yes,"DeepCool AG620 BK ARGB V2 Dual-Tower CPU Air Cooler with 120mm ARGB Fans, Compatible with Intel LGA 1851/1700/1200/115x & AMD AM5/AM4, High-Performance Quiet Cooling, Matte Black",DEEPCOOL
R-AK400-BKAPMN-G,6933412728832,28.55,41,instock,yes,"DeepCool AK400 Digital Pro CPU Air Cooler, ARGB Fan & Digital Display, 120mm PWM Fan, 4 Copper Heatpipes, Quiet Operation, Intel & AMD Compatible Black",DEEPCOOL
R-AK400G2-BKNNMN-GJD-1,6933412729679,27.19,45,instock,yes,"DeepCool AK400 G2 DIGITAL NYX CPU Cooler, Black, 1 x 120mm Fan,  4 x advanced  Copper Heatpipes, Intel/AMD",DEEPCOOL
R-AK400-WHNNMN-G-1,6933412727422,16.89,63,instock,yes,"DeepCool AK400 WH Fan CPU Cooler, Universal Socket, High Performance 120mm Silent Hydro Bearing PWM White Fan, 1850RPM, 4 Heat Pipes, Unique Matrix Fin Design, White Version, Intel LGA 1700 Bracket Included",DEEPCOOL
R-AK400-BKNNMN-G-2,6933412727804,20.46,209,instock,yes,"DeepCool AK400 Zero Dark Fan CPU Cooler, Universal Socket, High Performance 120mm Silent Hydro Bearing PWM Black Fan, 1850RPM, 4 Heat Pipes, Unique Matrix Fin Design, All Black, Intel LGA 1700 Bracket Included",DEEPCOOL
R-AK620-BKADMN-G,6933412728221,39.55,24,instock,yes,"DeepCool AK620 Digital CPU Cooler, Black, 2x 120mm Fan, Dual Tower, ARGB, 6x Direct Touch Copper Heatpipes, Intel/AMD",DEEPCOOL
R-AK620-BKAPMN-G,6933412728818,45.82,31,instock,yes,"DeepCool AK620 Digital Pro CPU Air Cooler, Dual-Tower with Digital Display, 120mm FDB Fans, ARGB Lighting, 6 Copper Heatpipes, LGA1700/AM5 Compatible, High-Performance Quiet Cooling for Gaming PCs",DEEPCOOL
R-AK620G2-BKNNMN-GJD-1,6933412729716,41.2,66,instock,yes,"DeepCool AK620 G2 DIGITAL NYX Dual Tower CPU Cooler, Black, 2 x 120mm Fan,  6 x advanced  Copper Heatpipes, Intel/AMD",DEEPCOOL
R-AK620-BKNNMT-G-1,6933412727842,30.85,760,instock,yes,"DeepCool AK620 ZERO DARK CPU Cooler, 2x120mm Fan, 1850rpm, 68.99 CFM, PWM, Aluminium Fins, Copper Heatpipes, Intel/AMD",DEEPCOOL
R-AK700-BKNNMN-GJD-1,6933412729624,35.38,25,instock,yes,"DeepCool AK700 DIGITAL NYX CPU Cooler, Black, 1 x 120mm Fan,  7 x advanced  Copper Heatpipes, Intel/AMD",DEEPCOOL
R-AN600-BKNNMN-G,6933412728146,25.4,79,instock,yes,"DeepCool AN600 Low-Profile CPU Cooler, 1x 120mm  PWM Fans, Aluminium Fins, Copper Base, 6x Heatpipes, Intel/AMD",DEEPCOOL
R-ASN4-BKNVNN-GJD,6933412729761,59.5,152,instock,yes,"DeepCool ASSASSIN VC ELITE Black Dual-Tower CPU Cooler  Vapor Chamber Base, 7 Heatpipes, 300W TDP, Quiet Dual Fans (140mm + 120mm), Dual Performance/Quiet Modes, Universal Socket Support",DEEPCOOL
R-ASN4-BKNVMD-G,6933412729136,78.22,77,instock,yes,"DeepCool Assassin IV VC Vision Dual-Fan CPU Air Cooler with 140mm & 120mm Fans, Vapour Chamber Base, Digital Display for Real-Time Monitoring, Intel & AMD Compatible",DEEPCOOL
R-ASN4-BKNNMT-G,6933412728092,58.5,24,instock,yes,"DeepCool ASSASSIN IV Universal Socket 140mm PWM 1400RPM Black Fan CPU Cooler, armed with seven heat pipes and newly designed 120 and 140mm FDB fans",DEEPCOOL
R-ASN4-WHNNMT-G,6933412728382,59.9,15,instock,yes,"DeepCool ASSASSIN IV Universal Socket 140mm PWM 1400RPM Fan CPU Cooler, White, armed with seven heat pipes and newly designed 120 and 140mm FDB fans",DEEPCOOL
R-ASN4-WHNVNN-GJD,6933412729433,61.4,19,instock,yes,"DeepCool ASSASSIN VC ELITE White Dual-Tower CPU CoolerVapor Chamber Base, 7 Heatpipes, 300W TDP, Quiet Dual Fans (140mm + 120mm), Dual Performance/Quiet Modes, Universal Socket Support",DEEPCOOL
R-EDF120-BKAPR17-G-1,6933412797005,3.38,185,instock,yes,"DeepCool CG530 Bulk Reverse Fan - High Performance, Silent Operation, Fluid Dynamic Bearing, Black",DEEPCOOL
R-FD12-BKNPN1-G,6933412710912,7.5,1,instock,yes,"DeepCool FD12 120mm PWM Case Fan, High Airflow, Low Noise, Hydro Bearing, Daisy-Chain 8-Pin Connector, Black, Single Pack",DEEPCOOL
R-FD12-BKNPN3-G,6933412710929,18.53,61,instock,yes,"DeepCool FD12 120mm Case Fan 3-Pack, PWM Control, High Airflow, Low Noise, Hydro Bearing, Black, Anti-Vibration Pads, 4-Pin Connector",DEEPCOOL
R-FD12-WHNPN3-G,6933412710943,17.9,6,instock,yes,"DeepCool FD12 120mm Case Fan 3-Pack, PWM Control, High Airflow, Low Noise, Hydro Bearing, White, Anti-Vibration Pads, 4-Pin Connector",DEEPCOOL
R-FD12-BKAPN1-G,6933412710868,9.5,41,instock,yes,DeepCool FD12 120mm ARGB case fan,DEEPCOOL
R-FD12-BKAPN3-G,6933412710899,15.9,35,instock,yes,DeepCool FD12 120mm ARGB 3 in 1 case fan,DEEPCOOL
R-FD12-WHAPN3-G,6933412710905,22.74,13,instock,yes,DeepCool FD12 120mm ARGB 3 in 1 case fan White,DEEPCOOL
R-FL12-BKAPN1-G,6933412711063,11.9,3,instock,yes,"DeepCool FL12 120mm PWM Fan - High Performance, Low Noise, Fluid Dynamic Bearing, 36 ARGB LEDs, 500-2150 RPM, 55 CFM Airflow, 4-Pin PWM Control",DEEPCOOL
R-FL12-BKAPN3-G,6933412711087,36.5,49,instock,yes,"DeepCool FL12 120mm PWM 3 Pack Fan - High Performance, Low Noise, Fluid Dynamic Bearing, 36 ARGB LEDs, 500-2150 RPM, 55 CFM Airflow, 4-Pin PWM Control",DEEPCOOL
R-FL12R-BKAPN3-G,6933412785132,39.95,18,instock,yes,"DeepCool FL12 120mm PWM 3 Pack Reverse Fan - High Performance, Low Noise, Fluid Dynamic Bearing, 36 ARGB LEDs, 500-2150 RPM, 55 CFM Airflow, 4-Pin PWM Control",DEEPCOOL
R-FL12R-WHAPN3-G,6933412785149,37.9,12,instock,yes,"DeepCool FL12 120mm PWM 3 Pack Reverse White Fan - High Performance, Low Noise, Fluid Dynamic Bearing, 36 ARGB LEDs, 500-2150 RPM, 55 CFM Airflow, 4-Pin PWM Control",DEEPCOOL
R-FL12-WHAPN3-G,6933412711094,33.5,20,instock,yes,"DeepCool FL12 120mm PWM 3 Pack White Fan - High Performance, Low Noise, Fluid Dynamic Bearing, 36 ARGB LEDs, 500-2150 RPM, 55 CFM Airflow, 4-Pin PWM Control",DEEPCOOL
R-LE240-BKAMMC-G-2,6933412729211,39.45,287,instock,yes,"DeepCool LE240 V2 240mm Liquid CPU Cooler, Dual 120mm ARGB Fans, Anti-Leak Tech, Quiet Pump, High Performance for Intel & AMD Sockets",DEEPCOOL
R-LE240-WHAMMN-G-2,6933412729297,39.45,67,instock,yes,"DeepCool LE240 V2 White 240mm Liquid CPU Cooler, Dual 120mm ARGB Fans, Anti-Leak Tech, Quiet Pump, High Performance for Intel & AMD Sockets",DEEPCOOL
R-LE360-BKAMMC-G-2,6933412729228,44.95,270,instock,yes,"DeepCool LE360 V2 360mm Liquid CPU Cooler, Triple 120mm ARGB Fans, Anti-Leak Tech, Quiet High-Performance Pump, Compatible with Intel & AMD Sockets",DEEPCOOL
R-LE360-WHAMMN-G-2,6933412729303,48.44,41,instock,yes,"DeepCool LE360 V2 White 360mm Liquid CPU Cooler, Triple 120mm ARGB Fans, Anti-Leak Tech, Quiet High-Performance Pump, Compatible with Intel & AMD Sockets",DEEPCOOL
R-LM240-BKDMMC-1,6933412729457,41.55,28,instock,yes,"DeepCool LM240 Liquid CPU Cooler with 2.4"" IPS Display, 240mm AIO, Dual 120mm ARGB Fans, Anti-Leak Technology, PWM Pump, Intel LGA 1851/1700 & AMD AM5 Compatible, Black",DEEPCOOL
R-LM240-WHDMMC-1,6933412729464,41.55,33,instock,yes,"DeepCool LM240 White Liquid CPU Cooler with 2.4"" IPS Display, 240mm AIO, Dual 120mm ARGB Fans, Anti-Leak Technology, PWM Pump, Intel LGA 1851/1700 & AMD AM5 Compatible, White",DEEPCOOL
R-LM360-BKDMMC-1,6933412729471,52.42,123,instock,yes,"DeepCool LM360 Liquid CPU Cooler with 2.4"" IPS Display, 360mm AIO, Triple 120mm ARGB Fans, Anti-Leak Technology, PWM Pump, Intel LGA 1851/1700 & AMD AM5 Compatible, Black",DEEPCOOL
R-LM360-WHDMMC-1,6933412729488,53.23,20,instock,yes,"DeepCool LM360 Liquid CPU Cooler with 2.4"" IPS Display, 360mm AIO, Triple 120mm ARGB Fans, Anti-Leak Technology, PWM Pump, Intel LGA 1851/1700 & AMD AM5 Compatible, White",DEEPCOOL
R-LS520-BKAMNT-G-1,6933412727484,49.2,23,instock,yes,"DeepCool LS520 Premium AiO Liquid CPU Cooler, Universal Socket, 240mm Radiator, PWM 2250RPM Cooling Fans, Addressable RGB LED Lighting, Fully Customizable Infinity Mirror Cap Design, Black Version",DEEPCOOL
R-LS520-BKNNMM-G-1,6933412728429,48.64,4,instock,yes,"DeepCool LS520S Zero Dark All In One Liquid CPU Cooler, 240mm Radiator, 2 x 120mm Deepcool Fans, Intel/AMD",DEEPCOOL
R-LS720-BKNNMM-G-1,6933412728412,55.56,3,instock,yes,"DeepCool LS720 SE Zero Dark All In One Liquid CPU Cooler, 360mm Radiator, 3x 120mm DeepCool Fans, Intel/AMD",DEEPCOOL
R-LX550-BKDSNC-G-1,6933412728771,43.48,49,instock,yes,"DeepCool Mystique 240 CPU Cooler, Personalized Cooling with 2.8"" TFT LCD Screen and Enhanced Pump Performance, 5 year warranty",DEEPCOOL
R-LX550-BKADSNC-G-1,6933412728870,77.9,5,instock,yes,"DeepCool Mystique 240 CPU Cooler, ARGB, Personalized Cooling with 2.8"" TFT LCD Screen and Enhanced Pump Performance, 5 year warranty",DEEPCOOL
R-LX750-BKDSNMP-G-1,6933412728764,52.91,2,instock,yes,"DeepCool Mystique 360 CPU Cooler, Personalized Cooling with 2.8"" TFT LCD Screen and Enhanced Pump Performance, 5 year warranty",DEEPCOOL
R-LX750-BKADSNC-G-1,6933412728887,98.9,18,instock,yes,"DeepCool Mystique 360 CPU Cooler, ARGB, Personalized Cooling with 2.8"" TFT LCD Screen and Enhanced Pump Performance, 5 year warranty",DEEPCOOL
R-SPT360-BKDSMP-G-1,6933412729631,99.89,22,instock,yes,"DeepCool Spartacus 360 AIO Liquid CPU Cooler, 360mm Radiator, 3 x 120mm PWM Fans, 3.4"" LCD Display Pump, ARGB Lighting, Intel LGA1851/1700 & AMD AM5/AM4, Black",DEEPCOOL
R-SPT420-BKDSMP-G-1,6933412729648,122.22,12,instock,yes,"DeepCool SPARTACUS 420 Liquid CPU Cooler, Triple 120mm ARGB Fans, Anti-Leak Tech, Gen 6 Pump, Compatible with Intel & AMD Sockets",DEEPCOOL
R-XE010A-BKNN0-G,6933412796824,8.5,9,instock,yes,"DeepCool USB HUB 4 ports, Easy Setup, Plug-and-play, Windows, macOS Compatibility, Connecting Multiple USB Devices, Black",DEEPCOOL
DP-TIM-Z10-1,6933412700104,2.93,45,instock,yes,"DeepCool Z10 Thermal Compound Syringe, 5g, Cobalt Blue, Industrial Grade Thermal Interface, High Thermal Conductivity",DEEPCOOL
DP-TIM-Z3-2,6933412700036,1.94,241,instock,yes,"DeepCool Z3 Thermal Compound Syringe, 6.5g, Silver Grey, High Performance with Excellent Thermal Conductivity, High Compatibility for Most CPU Coolers",DEEPCOOL
DP-TIM-Z5-2,6933412700043,2.14,576,instock,yes,"DeepCool Z5 Thermal Compound Syringe, 7g, Silver Grey, High Performance with Excellent Thermal Conductivity, Recommended for use with High Performance CPU Coolers",DEEPCOOL
GP-AORUS WATERFORCE II 240,4719331553999,54.61,0,outofstock,yes,"Gigabyte Aorus Waterforce II 240 Liquid AIO Cooler, 240mm Radiator with Dual 120mm ARGB Fans, 330* Rotatable Block, Intel LGA 1700 & AMD AM5 Compatible",GIGABYTE
GP-AORUS WATERFORCE II 360,4719331554002,67.1,0,outofstock,yes,"Gigabyte Aorus Waterforce II 360 AIO Liquid Cooler, 360mm Radiator with 3x ARGB Fans, Intel/AMD Compatible, 330* Rotatable Block, Advanced Cooling",GIGABYTE
GP-GIGABYTE GME 360,4719331555337,58.55,0,outofstock,yes,"GIGABYTE GP-GIGABYTE Gaming 360 All-in-One Liquid CPU Cooler with 360mm Radiator, ARGB Lighting, Teflon Tubing and Magnetic Rotating Cover",GIGABYTE
M23901-001,6097207418350.,6.47,0,outofstock,yes,Intel Laminar RM1 Copper Heat Sink Aluminum CPU Cooler with Fan for LGA 1700 CPU,INTEL
SUM3548,5056170335485,3.67,0,outofstock,yes,"4"" USB Mini Desk Fan, Portable, Single-Speed, Adjustable Tilt, Compact Tabletop Fan for Office, Home & Laptop Use (White)",OXYCOOL
A310 LP 4G,4710483943867,88.1,0,outofstock,yes,"ASRock Intel Arc A310 Low Profile 4GB GDDR6 Graphics Card, 2000 MHz Base Clock, Dual Fan, 1x DisplayPorts / 1x HDMI Port",ASROCK
A750 CL SE 8GO,4710483946813,172.49,41,instock,yes,"ASRock Intel Arc A750 Challenger SE OC 8GB GDDR6 Graphics Card, 2200 MHz Base Clock, Dual Fan, 3x DisplayPorts / 1x HDMI Port",ASROCK
B570 CL 10GO,4711581490048,190.61,8,instock,yes,"ASRock Intel Arc B570 Challenger OC 10GB GDDR6 Graphics Card, 2600 MHz Base Clock, Dual Fan, 3x DisplayPorts / 1x HDMI Port",ASROCK
B580 CL 12GO,4711581490031,245.21,3,instock,yes,"ASRock Intel Arc B580 Challenger OC 12GB GDDR6 Graphics Card, 2740 MHz Base Clock, Dual Fan, 3x DisplayPorts / 1x HDMI Port",ASROCK
B70 CT 32G,4711581492363,1032.1,0,outofstock,yes,"ASRock Intel ARC Pro B70 Creator 32GB Professional Graphics Card, 256 XMX Engines, Single Fan, 4x DisplayPorts",ASROCK
RX9070 CL 16G,4711581490475,477.49,3,instock,yes,"ASRock AMD Radeon RX 9070 Challenger OC 16GB GDDR6 Graphics Card, 3584 Streams, 2520 MHz Boost Clock, Triple Fan, RGB, 3x DisplayPorts / 1x HDMI Port",ASROCK
RX9070GRE SLD 12GO,4711581491229,416.81,9,instock,yes,"ASRock AMD Radeon RX 9070 GRE Steel Legend Dark OC 12GB GDDR6 Graphics Card, 3072 Streams, 2340MHz Core Clock, Triple Fan, 3x DisplayPorts / 1x HDMI Port",ASROCK
RX9070XT SL 16G,4711581490451,572.99,27,instock,yes,"ASRock AMD Radeon RX 9070 XT Steel Legend 16GB GDDR6 Graphics Card, 4096 Streams, 2970MHz Boost Clock, Triple Fan, 3x DisplayPorts / 1x HDMI Port",ASROCK
RX9070XT SLD 16G,4711581490697,560.52,5,instock,yes,"ASRock AMD Radeon RX 9070 XT Steel Legend Dark 16GB GDDR6 Graphics Card, 4096 Streams, 2970MHz Boost Clock, Triple Fan, 3x DisplayPorts / 1x HDMI Port",ASROCK
RX9070XT TC 16GO,4711581490444,567.68,4,instock,yes,"ASRock AMD Radeon RX 9070 XT Taichi 16GB OC GDDR6 Graphics Card, 4096 Streams, 3100MHz Boost Clock, Triple Fan, 3x DisplayPorts / 1x HDMI Port",ASROCK
RX9060XT CL 16GO,4711581491205,345.9,0,outofstock,yes,"ASRock AMD Radeon RX 9060 XT Challenger OC 16GB GDDR6 Graphics Card, 2048 Streams, 3290MHz Boost Clock, Dual Fan, 2x DisplayPorts / 1x HDMI Port",ASROCK
RX9060XT SL 16GO,4711581490857,350.05,19,instock,yes,"ASRock AMD Radeon RX 9060 XT Steel Legend OC 16GB GDDR6 Graphics Card, 2048 Streams, 3320MHz Boost Clock, Triple Fan, 2x DisplayPorts / 1x HDMI Port",ASROCK
RX7600 CL 8GO,4710483942037,225.32,10,instock,yes,"ASRock AMD Radeon RX 7600 Challenger 8GB OC Graphics Card, 8GB GDDR6, 2048 Streams, 2695 MHz Boost Clock, Dual Fan, 3x DisplayPorts / 1x HDMI Port",ASROCK
GV-N506TEAGLEOC ICE-16GD,0889523049341,400.55,0,outofstock,yes,"Gigabyte NVIDIA GeForce RTX 5060 Ti EAGLE OC ICE 16BG GDDR7 Graphics Card, 4608 CUDA Cores, 2617 MHz Core Clock, Dual Fan, 3x DisplayPorts / 1x HDMI Port",GIGABYTE
GV-N5050GAMING OC-8GD,4719331356750,227.64,4,instock,yes,"Gigabyte NVIDIA GeForce RTX 5050 GAMING OC 8GB, GDDR6 Graphics Card, 2560 Cuda Core, 2532MHz Core Clock, Triple Fan, 2x DisplayPorts / 2x HDMI Ports",GIGABYTE
GV-N5050OC-8GL,4719331356736,225.15,9,instock,yes,"Gigabyte NVIDIA GeForce RTX 5050 OC Low Profile 8G, GDDR6 Graphics Card, 2560 Cuda Core, 2587MHz Core Clock, Triple Fan, 2x DisplayPorts / 2x HDMI Ports",GIGABYTE
GV-N5050WF2OC-8GD,4719331356743,222.45,10,instock,yes,"Gigabyte NVIDIA GeForce RTX 5050 WINDFORCE OC 8GB, GDDR6 Graphics Card, 2560 Cuda Core, 2587MHz Core Clock, Windforce cooling system, Dual Fan, 2x DisplayPorts / 2x HDMI Ports",GIGABYTE
GV-N506TAERO OC-16GD,0889523049310,409.79,0,outofstock,yes,"Gigabyte NVIDIA GeForce RTX 5060 Ti AERO OC 16GB GDDR7 Graphics Card, 4608 CUDA Cores, 2647 MHz Core Clock, Triple Fan, 3x DisplayPorts / 1x HDMI Port",GIGABYTE
GV-N506TAERO OC-8GD,0889523049327,314.07,10,instock,yes,"Gigabyte NVIDIA GeForce RTX 5060 Ti AERO OC 8GB GDDR7 Graphics Card, 4608 CUDA Cores, 2647 MHz Core Clock, Triple Fan, 3x DisplayPorts / 1x HDMI Port",GIGABYTE
GV-N506TEAGLE OC-16GD,0889523034330,395.71,0,outofstock,yes,"Gigabyte NVIDIA GeForce RTX 5060 Ti Eagle OC 16GB GDDR7 Graphics Card, 4608 CUDA Cores, 2617 MHz Core Clock, Dual Fan, 3x DisplayPorts / 1x HDMI Ports",GIGABYTE
GV-N506TGAMING OC-16GD,4719331356026,414.83,0,outofstock,yes,"Gigabyte NVIDIA GeForce RTX 5060 Ti Gaming OC 16GB GDDR7 Graphics Card, 4608 CUDA Cores, 2647 MHz Core Clock, Triple Fan, RGB, 3x DisplayPorts / 1x HDMI Ports",GIGABYTE
GV-N506TWF2MAX-OC-16GD,4719331356255,394.25,0,outofstock,yes,"Gigabyte NVIDIA GeForce RTX 5060 Ti Windforce Max OC 16GB GDDR7 Graphics Card, 4608 CUDA Cores, 2587 MHz Core Clock, Dual Fan, 3x DisplayPorts / 1x HDMI Ports",GIGABYTE
GV-N506TWF2OC-16GD,4719331356064,397.65,0,outofstock,yes,"Gigabyte NVIDIA GeForce RTX 5060 Ti Windforce OC 16GB GDDR7 Graphics Card, 4608 CUDA Cores, 2587 MHz Core Clock, Dual Fan, 3x DisplayPorts / 1x HDMI Ports",GIGABYTE
GV-N1030D4-2GL,4719331303280,78.43,37,instock,yes,"Gigabyte NVIDIA GeForce GT 1030 2GB DDR4 Low Profile Graphics Card, 384 CUDA Cores, 1379 MHz Core Clock, Single Fan, 1x DVI-D / 1x HDMI Ports",GIGABYTE
GV-N3050WF2OCV2-6GD,719331355081,161.56,25,instock,yes,"Gigabyte NVIDIA GeForce RTX 3050 WINDFORCE OC V2 6GB GDDR6 Graphics Card, 2304 CUDA Cores, 1477 MHz Core Clock, Dual Fan, 2x DisplayPorts / 2x HDMI Ports",GIGABYTE
GV-N3050WF2OCV2-8GD,4719331314798,196.36,17,instock,yes,"Gigabyte NVIDIA GeForce RTX 3050 WINDFORCE OC V2 8GB GDDR6 Graphics Card, 2560 CUDA Cores, 1792 MHz Core Clock, Dual Fan, 2x DisplayPorts / 2x HDMI",GIGABYTE
GV-N5050D6-8GD,4719331356972,214.38,6,instock,yes,"Gigabyte NVIDIA GeForce RTX 5050 D6 8GB GDDR6 Graphics Card, 2560 CUDA Cores, 2572 MHz Core Clock, Single Fan, 2x DisplayPorts / 2x HDMI Ports",GIGABYTE
GV-N5060EAGLE OC-8GD,4719331356439,236.24,0,outofstock,yes,"Gigabyte NVIDIA GeForce RTX 5060 EAGLE OC 8G GDDR7 Graphics Card, 3840 CUDA Cores, 2550 MHz Core Clock, Dual Fan, 3x DisplayPorts / 1x HDMI Port",GIGABYTE
GV-N5060EAGLEOC ICE-8GD,4719331356446,248.26,15,instock,yes,"Gigabyte NVIDIA GeForce RTX 5060 EAGLE OC ICE 8GB GDDR7 Graphics Card, 3840 CUDA Cores, 2550 MHz Core Clock, Dual Fan, White, 3x DisplayPorts / 1x HDMI Port",GIGABYTE
GV-N5060EAGLEMAX OC-8GD,4719331356729,250.48,11,instock,yes,"Gigabyte NVIDIA GeForce RTX 5060 EAGLE MAX OC 8GB GDDR7 Graphics Card, 3840 CUDA Cores, 2550 MHz Core Clock, Triple Fan, 3x DisplayPorts / 1x HDMI Ports",GIGABYTE
GV-N5060AERO OC-8GD,4719331356415,256.59,5,instock,yes,"Gigabyte NVIDIA GeForce RTX 5060 Aero OC 8GB GDDR7 Graphics Card, 3840 CUDA Cores, 2595 MHz Core Clock, Triple Fan, 3x DisplayPorts / 1x HDMI Port",GIGABYTE
GV-N5060GAMING OC-8GD,4719331356408,252.76,9,instock,yes,"Gigabyte NVIDIA GeForce RTX 5060 Gaming OC 8GB GDDR7 Graphics Card, 3840 CUDA Cores, 2595 MHz Core Clock, Triple Fan, RGB, 3x DisplayPorts / 1x HDMI Ports",GIGABYTE
GV-N5060OC-8GL,4719331356422,256.75,29,instock,yes,"Gigabyte NVIDIA GeForce RTX 5060 OC Low Profile OC 8GB GDDR7 Graphics Card, 3840 CUDA Cores, 2512 MHz Core Clock, Triple Fan, 3x DisplayPorts / 1x HDMI Port",GIGABYTE
GV-N5060WF2MAX OC-8GD,4719331356699,237.31,0,outofstock,yes,"Gigabyte NVIDIA GeForce RTX 5060 WINDFORCE MAX OC 8G GDDR7 Graphics Card, 3840 CUDA Cores, 2512 MHz Core Clock, Dual Fan, 3x DisplayPorts / 1x HDMI Ports",GIGABYTE
GV-N5060WF2OC-8GD,4719331356323,238.87,19,instock,yes,"Gigabyte NVIDIA GeForce RTX 5060 WINDFORCE OC 8GB GDDR7 Graphics Card, 3840 CUDA Cores, 2512MHz Core Clock, Dual Fan, 3x DisplayPorts / 1x HDMI Ports",GIGABYTE
GV-N506TEAGLE OC-8GD,0889523049365,284.95,6,instock,yes,"Gigabyte NVIDIA GeForce RTX 5060 Ti EAGLE OC 8GB GDDR7 Graphics Card, 4608 CUDA Cores, 2617MHz Core Clock, Dual Fan, 3x DisplayPorts / 1x HDMI Ports",GIGABYTE
GV-N506TEAGLEMAX OC-16GD,4719331356620,400.55,0,outofstock,yes,"Gigabyte NVIDIA GeForce RTX 5060 Ti EAGLE MAX OC 16GB GDDR7 Graphics Card, 4608 CUDA Cores, 2617 MHz Core Clock, Triple Fan, 3x DisplayPorts / 1x HDMI Ports",GIGABYTE
GV-N506TEAGLEMAX OC-8GD,4719331356637,285.87,22,instock,yes,"Gigabyte NVIDIA GeForce RTX 5060 Ti EAGLE MAX OC 8GB GDDR7 Graphics Card, 4608 CUDA Cores, 2617 MHz Core Clock, Triple Fan, 3x DisplayPorts / 1x HDMI Ports",GIGABYTE
GV-N506TGAMING OC-8GD,0889523049297,301.48,4,instock,yes,"Gigabyte NVIDIA GeForce RTX 5060 Ti Gaming OC 8GB GDDR7 Graphics Card, 4608 CUDA Cores, 2647 MHz Core Clock, Triple Fan, RGB, 3x DisplayPorts / 1x HDMI Ports",GIGABYTE
GV-N506TEAGLEOC ICE-8GD,0889523049358,293.28,4,instock,yes,"Gigabyte NVIDIA GeForce RTX 5060 Ti EAGLE OC ICE 8GB GDDR7 Graphics Card, 4608 CUDA Cores, 2617 MHz Core Clock, Dual Fan, 3x DisplayPorts / 1x HDMI Port",GIGABYTE
GV-N506TWF2-16GD,0889523050057,384.43,0,outofstock,yes,"GeForce RTX 5060 Ti WINDFORCE 16GB GDDR7 Graphics Card, 4608 CUDA Cores, 2572 MHz Core Clock, Dual Fan, 3x DisplayPorts / 1x HDMI Port",GIGABYTE
GV-N506TWF2MAX OC-8GD,4719331356682,285.08,18,instock,yes,"Gigabyte NVIDIA GeForce RTX 5060 Ti Windforce Max OC 8GB GDDR7 Graphics Card, 4608 CUDA Cores, 2587 MHz Core Clock, Dual Fan, 3x DisplayPorts / 1x HDMI Ports",GIGABYTE
GV-N5070AERO OC-12GD,4719331355852,475.71,3,instock,yes,"Gigabyte NVIDIA GeForce RTX 5070 AERO OC 12GB GDDR7 Graphics Card, 6144 CUDA Cores, 2625 MHz Core Clock, Triple Fan, White, RGB, 3x DisplayPorts / 1x HDMI Port",GIGABYTE
GV-N5070EAGLEOC ICE-12GD,4719331355777,459.54,0,outofstock,yes,"Gigabyte NVIDIA GeForce RTX 5070 EAGLE OC ICE SFF 12GB GDDR7 Graphics Card, 6144 CUDA Cores, 2587 MHz Core Clock, Triple Fan, White, 3x DisplayPorts / 1x HDMI Port",GIGABYTE
GV-N5070EAGLE OC-12GD,4719331355760,455.48,0,outofstock,yes,"Gigabyte NVIDIA GeForce RTX 5070 EAGLE OC SFF 12GB GDDR7 Graphics Card, 6144 CUDA Cores, 2587 MHz Core Clock, Triple Fan, 3x DisplayPorts / 1x HDMI Port",GIGABYTE
GV-N5070GAMING OC-12GD,0889523048207,461.54,7,instock,yes,"Gigabyte NVIDIA GeForce RTX 5070 GAMING OC 12GB GDDR7 Graphics Card, 6144 CUDA Cores, 2625 MHz Core Clock, Triple Fan, RGB, 3x DisplayPorts / 1x HDMI Port",GIGABYTE
GV-N507TAORUS M-16GD,4719331355678,798.68,5,instock,yes,"Gigabyte NVIDIA GeForce RTX 5070 Ti AORUS MASTER 16GB GDDR7 Graphics Card,  8960 CUDA Cores, 2588 MHz Core Clock, Triple Fan, RGB, 3x DisplayPorts / 1x HDMI Port",GIGABYTE
GV-N507TAERO OC-16GD,4719331355876,757.5,10,instock,yes,"Gigabyte NVIDIA GeForce RTX 5070 Ti AERO OC 16GB GDDR7 Graphics Card, 8960 CUDA Cores, 2588 MHz Core Clock, Triple Fan, White, RGB, 3x DisplayPorts / 1x HDMI Port",GIGABYTE
GV-N507TEAGLEOC ICE-16GD,4719331355869,715.04,18,instock,yes,"Gigabyte NVIDIA GeForce RTX 5070 Ti EAGLE OC ICE SFF 16GB GDDR7 Graphics Card, 8960 CUDA Cores, 2542 MHz Core Clock, Triple Fan, White, 3x DisplayPorts / 1x HDMI Port",GIGABYTE
GV-N507TEAGLE OC-16GD,4719331355883,739.62,9,instock,yes,"Gigabyte NVIDIA GeForce RTX 5070 Ti EAGLE OC SFF 16GB GDDR7 Graphics Card, 8960 CUDA Cores, 2542 MHz Core Clock, Triple Fan, 3x DisplayPorts / 1x HDMI Port",GIGABYTE
GV-N507TGAMING OC-16GD,4719331355562,764.44,7,instock,yes,"Gigabyte NVIDIA GeForce RTX 5070 Ti GAMING OC 16GB GDDR7 Graphics Card, 8960 CUDA Cores, 2588 MHz Core Clock, Triple Fan, RGB, 3x DisplayPorts / 1x HDMI Port",GIGABYTE
GV-N507TWF3OC-16GD,4719331355579,713.31,22,instock,yes,"Gigabyte NVIDIA GeForce RTX 5070 Ti WINDFORCE OC SFF 16GB GDDR7 Graphics Card, 8960 CUDA Cores, 2497 MHz Core Clock, Triple Fan, 3x DisplayPorts / 1x HDMI Port",GIGABYTE
GV-N5070WF3OC-12GD,4719331355715,462.42,30,instock,yes,"Gigabyte NVIDIA GeForce RTX 5070 WINDFORCE OC SFF 12GB GDDR7 Graphics Card, 6144 CUDA Cores, 2542 MHz Core Clock, Triple Fan, 2x DisplayPorts / 2x HDMI Ports",GIGABYTE
GV-N507TWF3OCV2-16GD,4719331357023,698.97,8,instock,yes,"Gigabyte NVIDIA GeForce RTX 5070 Ti WINDFORCE OC V2 16GB GDDR7 Graphics Card, 8960 CUDA Cores, 2497 MHz Core Clock, Triple Fan, 3x DisplayPorts / 1x HDMI Port",GIGABYTE
GV-N5080AORUS M-16GD,4719331355586,1095.12,19,instock,yes,"Gigabyte NVIDIA GeForce RTX 5080 AORUS MASTER 16GB GDDR7 Graphics Card, 10752 CUDA Cores, 2805 MHz Core Clock, Triple Fan, RGB, 3x DisplayPorts / 1x HDMI Port",GIGABYTE
GV-N5080AORUSM ICE-16GD,4719331355692,1095.17,0,outofstock,yes,"Gigabyte NVIDIA GeForce RTX 5080 AORUS MASTER ICE 16GB GDDR7 Graphics Card, 10752 CUDA Cores, 2805 MHz Core Clock, Triple Fan, White, RGB, 3x DisplayPorts / 1x HDMI Port",GIGABYTE
GV-N5080AERO OC-16GD,4719331355555,1029.29,7,instock,yes,"Gigabyte NVIDIA GeForce RTX 5080 AERO OC SFF 16GB GDDR7 Graphics Card, 10752 CUDA Cores, 2730 MHz Core Clock, Triple Fan, White, RGB, 3x DisplayPorts / 1x HDMI Ports",GIGABYTE
GV-N5080GAMING OC-16GD,4719331355494,981.85,14,instock,yes,"Gigabyte NVIDIA GeForce RTX 5080 GAMING OC 16GB GDDR7 Graphics Card, 10752 CUDA Cores, 2730 MHz Core Clock, Triple Fan, RGB, 3x DisplayPorts / 1x HDMI Port",GIGABYTE
GV-N5080WF3OC-16GD,4719331355845,937.54,11,instock,yes,"Gigabyte NVIDIA GeForce RTX 5080 WINDFORCE OC SFF 16GB GDDR7 Graphics Card, 10752 CUDA Cores, 2670 MHz Core Clock, Triple Fan, 3x DisplayPorts / 1x HDMI Port",GIGABYTE
GV-N5090AORUS M-32GD,4719331355807,2550.23,0,outofstock,yes,"Gigabyte NVIDIA GeForce RTX 5090 AORUS MASTER 32G Graphics Card, 32GB GDDR7, 21760 CUDA Cores, 2655 MHz Core Clock, Triple Fan, RGB, 3x DisplayPorts / 1x HDMI Port",GIGABYTE
GV-N5090AORUSM ICE-32GD,4719331355906,2558.47,0,outofstock,yes,"Gigabyte NVIDIA GeForce RTX 5090 AORUS MASTER ICE 32G Graphics Card, 32GB GDDR7, 21760 CUDA Cores, 2655 MHz Core Clock, Triple Fan, White, RGB, 3x DisplayPorts / 1x HDMI Port",GIGABYTE
GV-N5090AORUSST ICE-32GD,4719331356576,2639.64,0,outofstock,yes,"Gigabyte NVIDIA GeForce RTX 5090 AORUS STEALTH ICE 32G Graphics Card, 32GB GDDR7, 21760 CUDA Cores, 2655 MHz Core Clock, Triple Fan, White, RGB, 3x DisplayPorts / 1x HDMI Port",GIGABYTE
GV-N5090AORUSX W-32GD,4719331355968,2708.81,0,outofstock,yes,"Gigabyte NVIDIA GeForce RTX 5090 AORUS XTREME WATERFORCE 32G Graphics Card, 32GB GDDR7, 21760 CUDA Cores, 2655 MHz Core Clock, Watercooled, RGB, 3x DisplayPorts / 1x HDMI Port",GIGABYTE
GV-N5090AORUSX WB-32GD,4719331355944,2667.64,0,outofstock,yes,"Gigabyte NVIDIA GeForce RTX 5090 AORUS XTREME WATERFORCE WB 32G Graphics Card, 32GB GDDR7, 21760 CUDA Cores, 2655 MHz Core Clock, Watercooled, RGB, 3x DisplayPorts / 1x HDMI Port",GIGABYTE
GV-N5090GAMING OC-32GD,4719331355791,2517.89,0,outofstock,yes,"Gigabyte NVIDIA GeForce RTX 5090 GAMING OC 32G Graphics Card, 32GB GDDR7, 21760 CUDA Cores, 2550 MHz Core Clock, Triple Fan, RGB, 3x DisplayPorts / 1x HDMI Port",GIGABYTE
GV-N5090WF3OC-32GD,4719331355838,2462.12,0,outofstock,yes,"Gigabyte NVIDIA GeForce RTX 5090 WINDFORCE OC 32G Graphics Card, 32GB GDDR7, 21760 CUDA Cores, 2467 MHz Core Clock, Triple Fan, 3x DisplayPorts / 1x HDMI Port",GIGABYTE
GV-N710D3-2GL V2,4719331316464,42.91,36,instock,yes,"Gigabyte NVIDIA GeForce GT 710 2GB DDR3 Low Profile Graphics Card, 954 MHz Core Clock, Single Fan, 1x DVI-D / 1x D-Sub / 1x HDMI Ports",GIGABYTE
GV-R9060XTGAMING OC-8GD,4719377595657,272.82,0,outofstock,yes,"Gigabyte Radeon RX 9060 XT GAMING OC 8GB GDDR6 Graphics Card, 2048 Streams, 3320 MHz Boost Clock, Triple Fan, RGB, 2x DisplayPorts / 2x HDMI Ports",GIGABYTE
GV-R9060XTGAMING-8GD,4719331356361,268.6,0,outofstock,yes,"Gigabyte Radeon RX 9060 XT GAMING 8GB GDDR6 Graphics Card, 2048 Streams, 3130 MHz Boost Clock, Triple Fan, RGB, 2x DisplayPorts / 1x HDMI Ports",GIGABYTE
GV-R906XGAMINGOCICE-16GD,4719331357047,340.76,0,outofstock,yes,"Gigabyte Radeon RX 9060 XT GAMING ICE OC 16GB GDDR6 Graphics Card, 2048 Streams, 3320 MHz Boost Clock, Triple Fan, RGB, 2x DisplayPorts / 1x HDMI Ports",GIGABYTE
GV-R9070GAMING OC-16GD,4719331355531,476.54,9,instock,yes,"Gigabyte AMD Radeon RX 9070 GAMING OC 16GB GDDR6 Graphics Card, 3584 Streams, 2700 MHz Core Clock, Triple Fan, RGB, 2x DisplayPorts / 2x HDMI Port",GIGABYTE
GV-R907GREGAMING OC-12GD,4719331356262,407.88,14,instock,yes,"Gigabyte AMD Radeon RX 9070 GRE GAMING OC 12GB GDDR6 Graphics Card, 3072 Streams, 2340 MHz Core Clock, Triple Fan, 2x DisplayPorts / 2x HDMI Port",GIGABYTE
GV-R9070XTAORUS E-16GD,4719331355517,587.12,5,instock,yes,"Gigabyte AMD Radeon RX 9070 XT ELITE 16GB GDDR6 Graphics Card, 4096 Streams, 2570 MHz Core Clock, Triple Fan, RGB, 2x DisplayPorts / 2x HDMI Ports",GIGABYTE
GV-R9070XTGAMING-16GD,4719331356149,532.45,0,outofstock,yes,"Gigabyte AMD Radeon RX 9070 XT GAMING 16GB GDDR6 Graphics Card, 4096 Streams, 2400 MHz Core Clock, Triple Fan, RGB, 2x DisplayPorts / 2x HDMI Ports",GIGABYTE
GV-R9070XTGAMING OC-16GD,4719331355524,534.34,0,outofstock,yes,"Gigabyte AMD Radeon RX 9070 XT GAMING OC 16GB GDDR6 Graphics Card, 4096 Streams, 2520 MHz Core Clock, Triple Fan, RGB, 2x DisplayPorts / 2x HDMI Ports",GIGABYTE
GV-R907XGAMINGOCICE-16GD,4719331357030,550.34,0,outofstock,yes,"Gigabyte AMD Radeon RX 9070 XT GAMING OC ICE 16GB GDDR6 Graphics Card, 4096 Streams, 2520 MHz Core Clock, Triple Fan, RGB, 2x DisplayPorts / 2x HDMI Ports",GIGABYTE
900-5G190-2570-000,812674025469,1062.43,0,outofstock,yes,"NVIDIA RTX 4000 ADA 20GB Professional Graphics Card, 6144 CUDA Cores, 192 Tensor, 48 RT, Single Fan, 4x DisplayPort - Retail",NVIDIA
900-5G153-2200-000,5054444713663,6469.78,0,outofstock,yes,"NVIDIA RTX PRO 6000 Max-Q Blackwell Workstation Edition 96GB Professional Graphics Card, 24064 CUDA Cores, 752 Tensor, 188 RT, Dual Fan, 4x DisplayPort - OEM",NVIDIA
900-5G144-2200-000,5054444687421,6458.88,0,outofstock,yes,"NVIDIA RTX PRO 6000 Blackwell Workstation Edition 96GB Professional Graphics Card, 24064 CUDA Cores, 752 Tensor, 188 RT, Dual Fan, 4x DisplayPort - OEM",NVIDIA
900-5G172-2260-000,8592978562342,108.48,0,outofstock,yes,"NVIDIA RTX A400 Ampere 4GB Professional Graphics Card, 768 CUDA Cores, 24 Tensor, 6 RT, Single Fan, 4x Mini DisplayPort - OEM",NVIDIA
VCG5060T8DFXPB1-O,751492795652,260.12,31,instock,yes,"PNY NVIDIA GeForce RTX 5060 Ti DUAL OC 8GB GDDR7 Graphics Card, 4608 CUDA Cores, 2407MHz Core Clock, Dual Fan, 3 x DisplayPort / 1x HDMI Port",PNY
VCG508016DFSXPB1-O,751492812113,872.32,4,instock,yes,"PNY NVIDIA GEFORCE RTX 5080 SLIM OC 16GB GDDR7 Graphics Card, 10752 Cuda Cores, 2295 MHz Core Clock, Dual Fan, 3x DisplayPorts/ 1 x HDMI Port",PNY
VCG50608DFXPB1,4718006459017,236.12,0,outofstock,yes,"PNY NVIDIA GeForce RTX 5060 8GB GDDR7 Graphics Card, 3840 CUDA Cores, 2280 MHz Core Clock, Dual Fan, 3x DisplayPorts / 1x HDMI Port",PNY
VCG50608SFXPB1,0751492797090,237.1,7,instock,yes,"PNY NVIDIA GeForce RTX 5060 8GB GDDR7 Graphics Card, 3840 CUDA Cores, 2280 MHz Core Clock, Single Fan, 3x DisplayPorts / 1x HDMI Port",PNY
VCG508016TFXXPB1-O,0751492794242,934.18,17,instock,yes,"PNY NVIDIA GEFORCE RTX 5080 ARGB EPIC-X RGB OC 16GB, GDDR7 Graphics Card, 10752 Cuda Cores, 2.3GHz Core Clock, Triple Fan, 3 x Display Ports/ 1 x HDMI Port",PNY
VCG508016TFXPB1-O,0751492794266,872.61,31,instock,yes,"PNY NVIDIA GEFORCE RTX 5080 OC 16GB, GDDR7 Graphics Card, 10752Cuda Cores, 2295 MHz Core Clock, Triple Fan, 3 x Display Ports/ 1 x HDMI Port",PNY
VCG507012TFXPB1-O,0751492794464,442.14,0,outofstock,yes,"PNY NVIDIA GeForce RTX 5070 OC 12GB GDDR7 Graphics Card, 6144 CUDA Cores, 2160 MHz Core Clock, Triple Fan, 3x DisplayPorts / 1x HDMI Port",PNY
AHD710P-4TU31-CBK,4713218461209,145.59,0,outofstock,yes,"Adata HD710 Pro Durable 4TB USB 3.1 Portable External Hard Drive, IP68 Waterproof, Shockproof, Dustproof, Black",ADATA
AHD710P-5TU31-CBK,4713218463074,158.52,7,instock,yes,"Adata HD710 Pro Durable 5TB USB 3.1 Portable External Hard Drive, IP68 Waterproof, Shockproof, Dustproof, Black",ADATA
ALEG-700-1TCS,4711085938190,99.59,438,instock,yes,"Adata Legend 700 (ALEG-700-1TCS) 1TB NVMe SSD, M.2 Interface, PCIe Gen3, 2280, Read 2000MB/s, Write 1600MB/s, Heatsink, 3 Year Warranty",ADATA
ALEG-710-256GCS,4711085939463,46.59,5,instock,yes,"Adata Legend 710 (ALEG-710-256GCS) 256GB NVMe SSD, M.2 Interface, PCIe Gen3, 2280, Read 2100MB/s, Write 1600MB/s, Heatsink, 3 Year Warranty",ADATA
SLEG-860-1000GCS,4711085949493,115.56,417,instock,yes,"Adata Legend 860 (SLEG-860-1000GCS) 1TB NVMe SSD, PCIe Gen4, M.2 Interface, 2280, Read 5000 MB/s, Write 3000 MB/s, Heatsink 5 Year Warranty",ADATA
SLEG-860-2000GCS,4711085949509,185.96,5,instock,yes,"Adata Legend 860 (SLEG-860-2000GCS) 2TB NVMe SSD, PCIe Gen4, M.2 Interface, 2280, Read 6000 MB/s, Write 5000 MB/s, Heatsink 5 Year Warranty",ADATA
SC750-1000G-CCBK,4711085948304,112.59,8,instock,yes,"ADATA SC750 (SC750-1000G-CCBK) 1TB USB-C Portable SSD USB 3.2 Gen 2 Up to 1000 MB/s Black Titanium Compatible with Windows, iOS, Android, PlayStation, XBox & Handheld Consoles",ADATA
SLEG-900P-4TCS,4711658153616,322.18,0,outofstock,yes,"Adata Legend (SLEG-900P-4TCS) 900 PRO PCIe Gen4 x4 M.2 2280 Solid State Drive,  R/W speed up to 7,400/6,500 MB/s, 5-year limited warranty",ADATA
ASU630SS-240GQ-R,4713218469175,29.54,55,instock,yes,"Adata Ultimate SU630 (ASU630SS-240GQ-R) 240GB 2.5 Inch SSD, SATA 3 Interface, Read 520MB/s, Write 450MB/s, 3 Year Warranty",ADATA
SNV3S/1000G,740617344790,119.54,117,instock,yes,"Kingston NV3 (SNV3S/1000G) 1TB NVMe SSD, M.2 Interface, PCIe Gen4, 2280, Read 6000 MB/s, Write 4000 MB/s, 3 Year Warranty",KINGSTON
SNV3S/500G,740617344806,83.99,125,instock,yes,"Kingston NV3 (SNV3S/500G) 500GB NVMe SSD, M.2 Interface, PCIe Gen4, 2280, Read 6000 MB/s, Write 2200 MB/s, 3 Year Warranty",KINGSTON
NT01NV3000-500-E4X,6926337234328,55.02,0,outofstock,yes,"NETAC NV3000 (NT01NV3000-500-E4X) 500GB NVMe SSD, M.2 Interface, PCIe Gen3, 2280, Read 3300MB/s, Write 2400MB/s, Heatsink, 5 Year Warranty",NETAC
NT01SA500-128-S3X,6926337235684,14.21,0,outofstock,yes,"Netac SA500 (NT01SA500-128-S3X) 128GB 2.5 Inch SSD, Sata 3 Interface, Read 500MB/s,Write 400MB/s, 3 Year Warranty",NETAC
NT01SA500-256-S3X,6926337235707,13.95,0,outofstock,yes,"Netac SA500 (NT01SA500-256-S3X) 256GB 2.5 Inch SSD, Sata 3 Interface, Read 520MB/s, Write 450MB/s, 3 Year Warranty",NETAC
P210S256G25,0814914026809,31.9,59,instock,yes,"Patriot P210 (P210S256G25) 256GB 2.5 Inch SSD, Sata 3 Interface, Read 500MB/s, Write 400MB/s, 3 Year Warranty",PATRIOT
P210S512G25,0814914026816,54.95,69,instock,yes,"Patriot P210 (P210S512G25) 512GB 2.5 Inch SSD, Sata 3 Interface, Read 520MB/s, Write 430MB/s, 3 Year Warranty",PATRIOT
P300P256GM28,0814914026540,46.95,328,instock,yes,"Patriot P300 (P300P256GM28) 256GB NVMe SSD, M.2 Interface, PCIe Gen3, 2280, Read 1700MB/s, Write 1100MB/s, 3 Year Warranty",PATRIOT
P300P512GM28,0814914026557,59.26,0,outofstock,yes,"Patriot P300 (P300P512GM28) 512GB NVMe SSD, M.2 Interface, PCIe Gen3, 2280, Read 1700MB/s, Write 1100MB/s, 3 Year Warranty",PATRIOT
P400LP1KGM28H,4711378424133,116.1,0,outofstock,yes,"Patriot P400 Lite (P400LP1KGM28H) 1TB PCIe Gen4 x4. M.2 2280 SSD, Read/write speeds up to 3,500MB/s, 2,700MB/s, 5 Year Warranty",PATRIOT
PBE120GS25SSDR,0814914027738,19.95,317,instock,yes,"Patriot Elite (PBE120GS25SSDR) 120GB 2.5 Inch SSD, Sata 3 Interface, Read 450MB/s, Write 320MB/s,3 Year Warranty",PATRIOT
PBE240GS25SSDR,0814914027745,22.35,141,instock,yes,"Patriot Elite (PBE240GS25SSDR) 240GB 2.5 Inch SSD, Sata 3 Interface, Read 450MB/s, Write 320MB/s,3 Year Warranty",PATRIOT
PBE480GS25SSDR,0814914027752,46.59,56,instock,yes,"Patriot Elite (PBE480GS25SSDR) 480GB 2.5 Inch SSD, Sata 3 Interface, Read 450MB/s, Write 320MB/s, 3 Year Warranty",PATRIOT
SSD7CS900-250-RB,751492629940,35.54,188,instock,yes,"PNY CS900 (SSD7CS900-250-RB) 250GB 2.5"" SATA III SSD",PNY
SSD7CS900-500-RB,751492629957,61.95,137,instock,yes,"PNY CS900 (SSD7CS900-500-RB) 500GB 2.5 Inch SSD, Sata 3 Interface, Read 450MB/s, Write 320MB/s, 3 Year Warranty",PNY
M280CS1030-250-RB,751492642444,42.59,252,instock,yes,"PNY CS1030 (M280CS1030-250-RB) 250GB SSD, PCIe Gen3 x4 Interface,Max Read 2500MB/s, MaxWrite 1100MB/s, 5 Year Limited Warranty",PNY
M280CS1030-500-RB,751492641621,69.59,267,instock,yes,"PNY (M280CS1030-500-RB) CS1030 M.2 NVMe 500GB SSD, PCIe Gen3 x4, Sequential Read of up to 2,000 MB/s and Write of up to 1,100 MB/s",PNY
SSD7CS900-1TB-RB,751492636412,95.29,0,outofstock,yes,"PNY CS900 (SSD7CS900-1TB-RB) 1TB 2.5 Inch SSD, Sata 3 Interface, Read 450MB/s, Write 320MB/s, 3 Year Warranty",PNY
MZ-V9P1T0BW,8806094215021,189.59,29,instock,yes,"Samsung 990 PRO(MZ-V9P1T0BW) 1TB NVMe SSD, PCIe Gen4, M.2 Interface, 2280, Read 7450 MB/s, Write 6900 MB/s, 5 Year Warranty",SAMSUNG
MZ-V9P2T0BW,8806094215038,290.59,8,instock,yes,"Samsung 990 PRO(MZ-V9P2T0BW) 2TB NVMe SSD, PCIe Gen4, M.2 Interface, 2280, Read 7450 MB/s, Write 6900 MB/s, 5 Year Warranty",SAMSUNG
MZ-V9P4T0BW,8806094947205,498.2,2,instock,yes,"Samsung 990 PRO(MZ-V9P4T0BW ) 4TB NVMe SSD, PCIe Gen4, M.2 Interface, 2280, Read 7450 MB/s, Write 6900 MB/s, 5 Year Warranty",SAMSUNG
MZ-77E1T0B/EU,8806090545917,248.59,25,instock,yes,"Samsung 870 EVO (MZ-77E1T0B/EU) 1TB 2.5 Inch SSD, Sata 3 Interface, Read 560MB/s, Write 530MB/s, 5 Year Warranty",SAMSUNG
MZ-77E250B/EU,8806090545931,112.95,23,instock,yes,"Samsung 870 EVO (MZ-77E250B/EU) 250GB 2.5 Inch SSD, Sata 3 Interface, Read 550MB/s, Write 500MB/s, 3 Year Warranty",SAMSUNG
MZ-77E2T0B/EU,8806090545900,520.25,20,instock,yes,"Samsung 870 EVO (MZ-77E2T0B/EU) 2TB 2.5 Inch SSD, Sata 3 Interface, Read 560MB/s, Write 530MB/s, 5 Year Warranty",SAMSUNG
MZ-77E500B/EU,8806090545924,148.59,21,instock,yes,"Samsung 870 EVO (MZ-77E500B/EU) 500GB 2.5 Inch SSD, Sata 3 Interface, Read 560MB/s, Write 530MB/s, 5 Year Warranty",SAMSUNG
MZ-77E4T0B/EU,8806090545894,1001.59,17,instock,yes,"Samsung 870 EVO Series 2.5""  (MZ-77E4T0B/EU) 4TB SATA Internal SSD Drive",SAMSUNG
ST18000VE002,8719706008754,220.95,0,outofstock,yes,"Seagate SkyHawk AI 18TB 3.5"" 7200RPM 256MB Cache SATA III Internal Hard Drive",SEAGATE
STJL1000400,3660619408245,56.59,0,outofstock,yes,"Seagate Basic 1TB USB 3.0 Black 2.5"" Portable External Hard Drive",SEAGATE
ST20000VE002,8719706427579,289.95,0,outofstock,yes,"Seagate SkyHawk AI 20TB 3.5"" 7200RPM 256MB SATA III Internal Hard Drive",SEAGATE
STJL2000400,3660619408184,68.95,0,outofstock,yes,"Seagate Basic 2TB USB 3.0 Black 2.5"" Portable External Hard Drive",SEAGATE
STJL5000400,0763649140703,103.56,0,outofstock,yes,"Seagate Basic 5TB USB 3.0 Black 2.5"" Portable External Hard Drive",SEAGATE
ST10000VE001,8719706029452,332.15,39,instock,yes,Seagate SkyHawk Surveillance AI Internal Hard Drive 10TB 3.5 Inch SATA III 7200RPM,SEAGATE
ST10000VN000,8719706022859,196.95,0,outofstock,yes,"Seagate Ironwolf ST10000VN000 10TB 3.5"" 256MB Cache SATA 6Gb/s Internal Hard Drive",SEAGATE
ST1000LM048,8592978062002,111.56,0,outofstock,yes,"Seagate BarraCuda ST1000LM048 1TB 2.5"" 5400RPM 7mm 128MB Cache SATA III Internal Hard Drive",SEAGATE
ST1000VX013,0763649148013,85.96,67,instock,yes,"Seagate SkyHawk Surveillance ST1000VX013 1TB 3.5"" 256MB Cache SATA III Internal Hard Drive",SEAGATE
ST12000VE003,8719706436908,212.59,0,outofstock,yes,"Seagate ST12000VE003 SkyHawk AI 12TB 3.5"" 512MB Cache SATA III Internal Hard Drive",SEAGATE
ST20000VE004,8719706441339,355.25,0,outofstock,yes,"Seagate SkyHawk Surveillance AI ST20000VE004 20TB 3.5"" 512MB Cache SATA III Internal Hard Drive",SEAGATE
ST2000DM008,0763649113653,96.25,0,outofstock,yes,"Seagate BarraCuda ST2000DM008 2TB 3.5"" 7200RPM 256MB Cache SATA III Internal Hard Drive",SEAGATE
ST2000VN003,0763649091005,72.95,0,outofstock,yes,"Seagate Ironwolf NAS ST2000VN003 2TB 3.5"" 5400RPM 256MB Cache SATA III Internal Hard Drive",SEAGATE
ST2000VX017,8719706028240,116.2,10,instock,yes,"Seagate SkyHawk Surveillance ST2000VX017 2TB 3.5"" 256MB Cache SATA III Surveillance Internal Hard Drive",SEAGATE
ST24000VE002,719706436878,419.59,0,outofstock,yes,"Seagate SkyHawk Surveillance ST24000VE002 24TB 3.5"" 512MB Cache SATA III Internal Hard Drive",SEAGATE
ST3000DM007,0763649090855,69.59,0,outofstock,yes,"Seagate BarraCuda ST3000DM007 3TB 3.5"" 5400RPM 256MB Cache SATA III Internal Hard Drive",SEAGATE
ST4000DM004,0700621900092,73.45,0,outofstock,yes,"Seagate BarraCuda ST4000DM004 4TB 3.5"" 5400RPM 256MB Cache SATA III Internal Hard Drive",SEAGATE
ST4000VN006,7636490078309,129.59,0,outofstock,yes,"Seagate Ironwolf NAS ST4000VN006 4TB 3.5"" 5400RPM 256MB Cache SATA III Internal Hard Drive",SEAGATE
ST4000VX016,8719706028288,143.39,36,instock,yes,"Seagate SkyHawk Surveillance ST4000VX016 4TB 3.5"" 5400RPM 256MB Cache SATA III Internal Hard Drive",SEAGATE
ST6000VN006,8719706027670,177.61,0,outofstock,yes,"Seagate IronWolf NAS ST6000VN006 6TB 3.5"" 5400RPM 256MB Cache Sata lll Internal Hard Drive",SEAGATE
ST6000DM003,8719706004626,109.51,0,outofstock,yes,"Seagate BarraCuda ST6000DM003 6TB 3.5"" 5400RPM 256MB Cache SATA III Internal Hard Drive",SEAGATE
ST6000VX009,8719706028301,195.56,0,outofstock,yes,"Seagate SkyHawk Surveillance ST6000VX009 6TB 3.5"" 5400RPM 256MB Cache SATA III Internal Hard Drive",SEAGATE
ST8000VE001,0763649142028,265.36,40,instock,yes,"Seagate SkyHawk Surveillance AI 8TB 3.5"" 7200RPM 256MB Cache SATA III Internal Hard Drive",SEAGATE
ST8000VN002,0763649079409,155.96,0,outofstock,yes,"Seagate IronWolf NAS ST8000VN002 8TB 3.5"" 5400 RPM 256MB Cache Sata lll Internal Hard Drive",SEAGATE
ST8000VN004,8719706009812,241.25,0,outofstock,yes,"Seagate IronWolf NAS ST8000VN004 8TB 3.5"" 7200RPM 256MB Cache Sata lll Internal Hard Drive",SEAGATE
ST8000VX010,0763649148112,203.25,0,outofstock,yes,"Seagate ST8000VX010 SkyHawk Surveillance 8TB 3.5"" 5400RPM 256MB Cache SATA III Internal Hard Drive",SEAGATE
ST8000DM004,0763649094419,165.26,0,outofstock,yes,"Seagate BarraCuda ST8000DM004 8TB Desktop Hard Drive 3.5"" SATA III 5400RPM 256MB Cache Internal Hard Drive",SEAGATE
STJL4000400,3660619408191,115.35,0,outofstock,yes,Seagate Basic 4TB Desktop External Hard Drive in Black - USB3.0,SEAGATE
T253X1240G0C101,0765441645141,31.95,70,instock,yes,"Team GX1 (T253X1240G0C101) 240GB 2.5 Inch SSD, Sata 3 Interface, Read 500MB/s, Write 400MB/s, 3 Year Warranty",TEAM
T253X2256G0C101,765441645189,39.59,237,instock,yes,"Team GX2 (T253X2256G0C101) 256GB 2.5 Inch SSD, Sata 3 Interface, Read 500MB/s, Write 400MB/s, 3 Year Warranty",TEAM
T253X2002T0C101,765441646469,145.59,11,instock,yes,"Team GX2 (T253X2002T0C101) 2TB 2.5 Inch SSD, Sata 3 Interface, Read 530MB/s, Write 510MB/s, 3 Year Warranty",TEAM
T253X2512G0C101,765441645196,59.59,229,instock,yes,"Team GX2 (T253X2512G0C101) 512GB 2.5 Inch SSD, Sata 3 Interface, Read 530MB/s, Write 430MB/s, 3 Year Warranty",TEAM
TM8PS7001T0C101,0765441040984,89.53,79,instock,yes,"Team MS30 (TM8PS7001T0C101) 1TB, M.2 Sata Interface, Read 530MB/s, Write 480MB/s, 3 Year Warranty",TEAM
T253X7004T0C101,07445037190158,254.36,14,instock,yes,"Team QX2 (T253X7004T0C101) 4TB 2.5 Inch SSD, Sata 3 Interface, Read 560MB/s, Write 490MB/s, 3 Year Warranty",TEAM
TM8FP6001T0C101,765441048003,99.23,49,instock,yes,"Team MP33 (TM8FP6001T0C101) 1TB NVMe SSD, M.2 Interface, PCIe Gen3, 2280, Read 1700MB/s, Write 1400MB/s, 3 Year Warranty",TEAM
TM8FGM001T0C101,4711430808550,115.59,0,outofstock,yes,"Team NV5000 (TM8FGM001T0C101) 1TB M.2 Interface, PCIe Gen4x4 with NVMe, 2280, Read 5000MB/s, Write 3000MB/s, 3 Year Warranty",TEAM
TM8FGM002T0C101,4711430808543,215.54,20,instock,yes,"Team NV5000 (TM8FGM002T0C101) 2TB M.2 Interface, PCIe Gen4x4 with NVMe, 2280, Read 4500MB/s, Write 1900MB/s, 3 Year Warranty",TEAM
WDS100T4B0E-00CNZ0,718037894843,124.59,0,outofstock,yes,"WD Blue SN5000 (WDS100T4B0E-00CNZ0) 1TB NVMe SSD, M.2 Interface, PCIe Gen4, 2280, Read 5150MB/s, Write 4900MB/s, 5 Year Warranty",WD
WD102PURP,0718037901275,285.92,0,outofstock,yes,"WD WD102PURP Purple Pro 10TB SATA Smart Video  Hard Drive, 7200RPM, Transfer Rate up to 272MB/s, 512MB Cache",WD
WD20EFPX,0718037899770,85.69,0,outofstock,yes,2TB WD Red Plus internal 3.5in Hard Drive 5400rpm 64mb Buffer,WD
WD20SPZX,0718037847405,79.95,0,outofstock,yes,"WD Blue WD20SPZX 2 TB 2.5"" SATA 6Gb/s 5400 rpm Internal Hard Drive",WD
WD221PURP,0718037893532,449.59,0,outofstock,yes,"WD WD221PURP Purple Pro 22TB SATA Smart VideoHard Drive, 7200RPM, Transfer Rate up to 272MB/s, 512MB Cache",WD
WD23PURZ,0718037896199,69.59,0,outofstock,yes,"WD Purple WD23PURZ 2TB 3.5"" 5400RPM 64MB Cache SATA III Surveillance Internal Hard Drive",WD
WD240PURP,8032976176474,464.59,0,outofstock,yes,"WD WD240PURP Purple Pro 24TB SATA Smart VideoHard Drive, 7200RPM, Transfer Rate up to 272MB/s, 512MB Cache",WD
WD40EFPX,0718037899794,92.95,0,outofstock,yes,"WD Red Plus WD40EFPX 4TB 3.5"" 256MB Cache SATA III NAS Internal Hard Drive",WD
WD40EFZX,0718037884394,80.58,0,outofstock,yes,"WD Red Plus NAS Hard Drive WD40EFZX, 4TB, Internal, 3.5, SATA 6Gb/s, 5400 rpm",WD
WD43PURZ,718037898308,71.95,0,outofstock,yes,"WD Purple WD43PURZ 4TB 3.5"" 5400RPM 256MB Cache SATA III Surveillance Internal Hard Drive",WD
WD44PURZ,718037905778,92.54,0,outofstock,yes,"WD Purple WD44PURZ 4TB 3.5"" 5400RPM 128MB Cache SATA III Surveillance Internal Hard Drive",WD
WD60EFPX,0718037899800,110.85,0,outofstock,yes,"WD Red Plus WD60EFPX 6TB 3.5"" 256MB Cache SATA III NAS Internal Hard Drive",WD
WD64PURZ,0718037898339,133.4,0,outofstock,yes,"WD Purple WD64PURZ 6TB 3.5"" 5400RPM 256MB Cache SATA III Surveillance Internal Hard Drive",WD
WD8002PURP,0718037896748,220.59,0,outofstock,yes,"WD WD8002PURP Purple Pro 8TB SATA Surveillance Hard Drive, 7200RPM, 6Gb/s, 256MB Cache",WD
WD80EFPX,0718037899817,165.59,0,outofstock,yes,"WD Red Plus WD80EFPX 8TB 3.5"" 256MB Cache SATA III NAS Internal Hard Drive",WD
WD85PURZ,0718037889245,259.59,0,outofstock,yes,"WD Purple WD85PURZ 8TB 3.5"" 5400RPM 256MB Cache SATA III Surveillance Internal Hard Drive",WD
WDS100T4G0E-00CPSO,0718037907154,115.59,248,instock,yes,"WD Green SN3000(WDS100T4G0E-00CPSO) 1TB NVMe SSD, M.2 Interface, PCIe Gen4, 2280, Read 5000MB/s, Write 4200MB/s, 3 Year Limited Warranty",WD
WDS100T1R0A,0718037872384,178.1,0,outofstock,yes,"WD Red (WDS100T1R0A) WDS100T1R0A SA500 2.5"" NAS SATA SSD",WD
WDS200T2X0E-00BCA0,718037891408,175.45,0,outofstock,yes,"WD Black SN850X (WDS200T2X0E) 2TB NVMe SSD, M.2 Interface, PCIe Gen4, 2280, Read 73000MB/s, Write 6300MB/s, 5 Year Warranty",WD
WDS200T4G0E-00CPS0,718037904610,199.54,0,outofstock,yes,"WD Green SN3000 (WDS200T4G0E-00CPS0) 2TB NVMe SSD, M.2 Interface, PCIe Gen4, 2280, Read 5000MB/s, Write 4200MB/s, 3 Year  Limited Warranty",WD
BT001UK,4260052192689,182.6,7,instock,yes,"Be Quiet! Dark Mount Silent Linear Modular ARGB Gaming Keyboard with 8 Customisable Display Keys, Silent Linear Orange Switches, Detachable Numpad & Stream Dock",BEQUIET
BT002UK,4260052192733,182.6,2,instock,yes,"Be Quiet! Dark Mount Silent Tactile Modular ARGB Gaming Keyboard with 8 Customisable Display Keys, Silent Tactile Black Switches, Detachable Numpad & Stream Dock",BEQUIET
BT003UK,4260052192580,103.07,7,instock,yes,"Be Quiet! Light Mount Silent Linear ARGB Mechanical Keyboard, 3D Media Wheel, 5 Macro Keys, silent keystrokes, hot-swappable 5-pin MX-style switch socket",BEQUIET
BT004UK,4260052192634,103.07,6,instock,yes,"Be Quiet! Light Mount Silent Tactile ARGB Mechanical Keyboard, 3D Media Wheel, 5 Macro Keys, silent keystrokes, hot-swappable 5-pin MX-style switch socket",BEQUIET
CM-501UK,5053118537802,4.03,1786,instock,yes,"Evo Labs CM-501UK Wired Multimedia Keyboard and Mouse Combo Set, USB Plug and Play, Full Size Qwerty UK Layout Keyboard with Optical Sensor Mouse, Ideal for Home or Office, Black",EVO LABS
KD-101LUK,5053118427202,3.01,146,instock,yes,"Evo Labs KD-101LUK Wired Keyboard, USB Plug and Play, Full Size, Qwerty UK Layout, Ideal for Home or Office, Black",EVO LABS
WM-757UK,5053118180299,7.92,706,instock,yes,"Evo Labs WM-757UK Wireless Keyboard and Mouse Combo Set, With Integrated Tablet/ Mobile/ Smartphone Stand, 2.4GHz Full Size Qwerty UK Layout Keyboard with Wireless Mouse, Ideal for Home/Office, Black",EVO LABS
31300005412,4710268255581,4.56,1222,instock,yes,"Genius KB-100 Wired Smart Keyboard, USB Plug and Play, Customizable Function Keys, Multimedia, Full Size UK Layout Design for Home or Office, Black",GENIUS
31300017404,4710268261926,4.37,231,instock,yes,"Genius KB-117S Wired AI Copilot Silent Keyboard, USB Plug and Play, 11 Multimedia Function Keys, Full Size UK Layout Design for Home or Office, Black",GENIUS
KB-123,4710268263296,4.25,339,instock,yes,"Genius KB-123 Wired AI Copilot Business Keyboard with Palm Rest, USB Plug and Play, Multimedia Function Keys, Full Size UK Layout Design for Home or Office, Black",GENIUS
31330001416,4710268256182,6.91,1258,instock,yes,"Genius KM-160 Wired Keyboard and Mouse Combo Set, USB Plug and Play, Spill resistant, Full Size UK Layout with Low Profile Keys and Optical Sensor Mouse, 1000dpi, Ergonomic design for Home or Office",GENIUS
31340003426,4710268260318,11.78,891,instock,yes,"Genius KM-8200 Wireless Smart Keyboard and Mouse Combo Set, Customizable Function Keys, Multimedia, Full Size UK Layout and Optical Sensor Mouse, 1000dpi, designed for Home or Office",GENIUS
31320003400,4710268261100,4.5,87,instock,yes,Genius NumPad 1000 2.4GHz Wireless Numeric Keypad Portable Numberpad with Palm Rest,GENIUS
31340015413,5053118411430,13.95,380,instock,yes,"Genius SlimStar 8230 Bluetooth 5.3 and 2.4GHz Wireless Keyboard and Mouse Set, 12 Multimedia Function Keys, Full Size UK Layout, Optical Sensor Mouse, 1200dpi, Connect up to 3 devices simultaneously",GENIUS
692S9AA#ABU,0196548516308,19.99,0,outofstock,yes,"HP 355 Compact Multi-Device Keyboard, Bluetooth Wireless, Pair up to 3 Devices, Up To 2 Year Battery Life, Qwerty UK English Layout, Black",HEWLETT PACKARD
7N7B9AA#ABU,0197192767870,20.12,0,outofstock,yes,"HP 475 Dual-Mode Wireless Keyboard, Bluetooth or 2.4Ghz Wireless, Pair up to 3 Devices, 12 Progammable Keys, Qwerty UK English Layout, Black",HEWLETT PACKARD
920-002524,5099206021433,7.78,143,instock,yes,"Logitech K120 Wired Keyboard for Windows, USB Plug-and-Play, Full-Size, Spill-Resistant, Curved Space Bar, Compatible with PC and Laptop, QWERTY UK English Layout, Black",LOGITECH
920-002552,5099206020603,14.25,222,instock,yes,"Logitech MK120 Wired Keyboard and Mouse Combo for Windows, Optical Wired Mouse, Full-Size Keyboard, USB Plug-and-Play, Compatible with PC and Laptop, QWERTY UK English Layout, Black",LOGITECH
920-003986,5052916748311,29.0,23,instock,yes,"Logitech MK330 Wireless Keyboard and Mouse Combo for Windows, 2.4 GHz Wireless with USB-Receiver, Portable Mouse, Multimedia Keys, Long Battery Life for PC/Laptop, QWERTY UK Layout, Black",LOGITECH
920-004523,5099206039292,17.06,250,instock,yes,"Logitech MK270 Wireless Keyboard and Mouse Combo for Windows, 2.4 GHz Wireless, Compact Mouse, 8 Multimedia and Shortcut Keys for PC and Laptop, QWERTY UK English Layout, Black",LOGITECH
920-007143,5054480719780,29.9,0,outofstock,yes,"Logitech K400 Plus Wireless Touch TV Keyboard With Easy Media Control and Built-in Touchpad, HTPC Keyboard for PC-connected TV, Windows, Android, Chrome OS, Laptop, QWERTY UK English Layout, Black",LOGITECH
920-008684,5099206077454,34.92,48,instock,yes,"Logitech MK540 Advanced Wireless Keyboard and Mouse Combo for Windows, 2.4 GHz Unifying USB-Receiver, Multimedia Hotkeys, 3-Year Battery Life, for PC, Laptop, QWERTY UK Layout, Black",LOGITECH
CM310-BK,6932391925102,11.42,1272,instock,yes,"Marvo Scorpion CM310 Loot 30 3 in 1 RGB Wired Gaming UK Layout TKL Keyboard, Mouse and Mat Bundle (Black)",MARVO
CM310-WH,6932391938515,11.42,1436,instock,yes,"Marvo Scorpion CM310 Loot 30 3 in 1 RGB Wired Gaming UK Layout TKL Keyboard, Mouse and Mat Bundle (White)",MARVO
CM416-UK,6932391937280,12.09,2294,instock,yes,"Marvo Scorpion CM416 Loot 40 4 in 1 RGB Gaming UK Layout Keyboard, Mouse, Headset and Mat Bundle (Black)",MARVO
KEMAR-GAMING25,KEMAR-GAMING25,35.0,0,outofstock,yes,"Marvo Scorpion 6-Product Gaming & Streaming Bundle featuring Gaming Keyboard, Programmable USB Mouse, Non-Slip Mousepad, PC & Console-Compatible Gaming Headset, RGB Stereo Soundbar & USB Streaming Microphone",MARVO
KEMAR-GAMING40,KEMAR-GAMING40,39.38,0,outofstock,yes,"Marvo Scorpion CM420-UK RGB Mechanical Keyboard, Mouse and Mouse Pad with HG9086W Bluetooth and Wired Tri-Mode Connection RGB Stereo Gaming Headphones",MARVO
K604-UK,6932391933329,7.55,501,instock,yes,Marvo Scorpion K604 Soldat 20 Wired RGB Multimedia UK Layout Gaming Keyboard,MARVO
KG933G-BK,6932391937044,9.51,387,instock,yes,Marvo Scorpion KG933G Saber 61 Wired Mechanical RGB 60% UK Layout Gaming Keyboard (Black),MARVO
KG933G-WH,6932391937303,9.87,458,instock,yes,Marvo Scorpion KG933G Saber 61 Wired Mechanical RGB 60% UK Layout Gaming Keyboard (White),MARVO
KG937,6932391938966,13.29,786,instock,yes,Marvo Scorpion KG937 Arma 98 Wired Hot Swappable Mechanical Backlit UK Layout Gaming Keyboard,MARVO
KG985W,6932391941294,26.8,964,instock,yes,"MARVO Titan 75 KG986W Wireless Mechanical Gaming Keyboard, Tri-Mode Connectivity, Wired, 2.4GHz & Bluetooth, Hot-Swappable Mechanical Switches, Vibrant RGB Backlighting, Full-Key Anti-Ghosting - UK Layout",MARVO
KG986W,6932391941300,29.6,960,instock,yes,"MARVO Titan 98 KG986W Wireless Mechanical Gaming Keyboard, Tri-Mode Connectivity, Wired, 2.4GHz & Bluetooth, Hot-Swappable Mechanical Switches, Vibrant RGB Backlighting, Full-Key Anti-Ghosting - UK Layout",MARVO
KBMS-001,5055492410986,4.93,0,outofstock,yes,"Target KBMS-001 Wired USB Keyboard & Mouse Combo, Spill-Resistant Full-Size Keyboard with Multimedia Keys + 800 DPI Optical Mouse, Plug-and-Play",TARGET
TWKB-P88PZT-WBRUK,810072523655,47.61,7,instock,yes,Tecware Phantom+ 80% TKL RGB Mechanical Gaming Keyboard with Wraith Brown Switches Black,TECWARE
TWKB-P88PZT-WRDUK,810072523662,47.61,0,outofstock,yes,Tecware Phantom+ 80% TKL RGB Mechanical Gaming Keyboard with Wraith Red Switches Black,TECWARE
NX.B22EK.00B,4711121822032,359.44,19,instock,yes,"Acer TravelMate P4 Spin TMP414RN-53 NX.B22EK.00B, 14 Inch WUXGA IPS Touchscreen, Intel i3-1315U 13th Gen, 8GB RAM, 256GB SSD, Intel Graphics, Windows 11 Pro Education",ACER
A2602-RFB,A2602-RFB,139.59,49,instock,yes,"PREMIUM REFURBISHED Apple iPad 10.2 Inch, 9th Gen, 64GB, Space Grey, WiFi",APPLE
E1504FA-BQ2077W,4711636109611,298.45,28,instock,yes,"ASUS Vivobook Go 15 Laptop, 15.6 Inch Full HD Screen, AMD Ryzen 3 7320U Processor, 8GB RAM, 512GB SSD, Windows 11 Home, Silver",ASUS
E1504FA-BQ2566W,4711636202275,381.65,7,instock,yes,"ASUS Vivobook Go 15 E1504FA-BQ2566W Laptop, 15.6 Inch Full HD Screen, AMD Ryzen 5 7520U Processor, 16GB RAM, 512GB SSD, Windows 11 Home",ASUS
E1504FA-BQ2887W,4711636371797,333.3,18,instock,yes,"ASUS Vivobook Go 15 Laptop, 15.6 Inch Full HD Screen, AMD Ryzen 5 7520U Processor, 8GB RAM, 512GB SSD, Windows 11 Home, Silver",ASUS
X1504VA-BQ2889W,4711387600109,389.58,17,instock,yes,"ASUS Vivobook 15 X1504VA-BQ2889W Laptop, 15.6 Inch Full HD Screen, Intel Core 5 120U 10 Core Processor, 16GB RAM, 512GB SSD, Windows 11 Home",ASUS
X1504VA-BQ3782W,4711636120852,482.56,0,outofstock,yes,"ASUS Vivobook 15 X1504VA-BQ3782W Laptop, 15.6 Inch Full HD Screen, Intel Core 7 150U 10 Core Processor, 16GB RAM, 1TB SSD, Windows 11 Home",ASUS
M1407KA-LY134W,4711636109840,382.0,1,instock,yes,"ASUS Vivobook 14 M1407KA-LY134W Laptop, 14 Inch WUXGA Screen, Copilot+ PC AMD Ryzen AI 5 330 Processor, 16GB DDR5 RAM, 512GB SSD, Windows 11 Home",ASUS
M1502YA-NJ033W,0197105457027,457.48,10,instock,yes,"ASUS Vivobook M1502YA-NJ033W Laptop, 15.6 Inch Full HD Screen, AMD Ryzen 7 7730U Processor, 16GB RAM, 512GB SSD, Windows 11 Home",ASUS
M1605NAQ-MB077W,4711636338264,409.44,2,instock,yes,"ASUS Vivobook 16 M1605NAQ-MB077W Laptop, 16 Inch Full HD Screen, AMD Ryzen 5 150 Processor, 16GB RAM, 512GB SSD, Windows 11 Home",ASUS
X1605VA-MB130W,4711387650028,409.78,12,instock,yes,"ASUS Vivobook 16 X1605VA-MB130W Laptop, 16 Inch WUXGA Screen, Intel Core i5-1335U 13th Gen Processor, 16GB RAM, 512GB SSD, Windows 11 Home",ASUS
1D5410I516256W11-UK,5060638776239,234.48,0,outofstock,yes,"PREMIUM REFURBISHED Dell Latitude 5410 Intel Core i5-10310U 10th Gen Laptop, 14 Inch Full HD 1080p Screen, 16GB RAM, 256GB SSD, Windows 11 Pro",DELL
1D5420I516256W11-UK,5060638774099,266.12,0,outofstock,yes,"PREMIUM REFURBISHED Dell Latitude 5420 Intel Core i5 1135G7 11th Gen Laptop, 14 Inch Full HD 1080p Screen, 16GB RAM, 256GB SSD, Windows 11 Pro",DELL
SD5430I516256W11,5060638775492,323.0,9,instock,yes,"PREMIUM REFURBISHED Dell Latitude 5430 Intel Core i5 12th Gen Laptop, 14 Inch Full HD 1080p Screen, 16GB RAM, 256GB SSD, Windows 11 Pro",DELL
1D5490I516256W11-UK,5060638773924,196.7,3,instock,yes,"PREMIUM REFURBISHED Dell Latitude 5490 Intel Core i5-8350U 8th Gen Laptop, 14 Inch Full HD 1080p Screen, 16GB RAM, 256GB SSD, Windows 11 Pro",DELL
1D5510I716256W11-UK,5060638776550,341.85,4,instock,yes,"PREMIUM REFURBISHED Dell Latitude 5510 Intel Core i7 10th Gen Laptop, 15.6 Inch Full HD 1080p Screen, 16GB RAM, 256GB SSD, Windows 11 Pro",DELL
1D5520I516256W11-UK,5060638776567,331.25,7,instock,yes,"PREMIUM REFURBISHED Dell Latitude 5520 Intel Core i5 10th Gen Laptop, 15.6 Inch Full HD 1080p Screen, 16GB RAM, 256GB SSD, Windows 11 Pro",DELL
RFRRM,5397184958131,587.52,0,outofstock,yes,"Dell 15 DC15250 RFRRM Laptop, 15.6 Inch Full HD 1080p Screen, Intel Core i5-1334U 13th Gen, 16GB RAM, 512 GB SSD, Intel UHD Graphics, Windows 11 Pro",DELL
T26H4,5397184978092,610.94,0,outofstock,yes,"Dell Pro 15 Essential PV15250 T26H4 Laptop, 15.6 Inch Full HD Screen, Intel Core i5-1334U 13th Gen, 16GB RAM, 512GB SSD, Windows 11 Pro",DELL
VH5RW,5397184977842,489.25,10,instock,yes,"Dell Pro 15 Essential PV15250 VH5RW Laptop, 15.6 Inch Full HD Screen, Intel Core i5-1334U 13th Gen, 8GB RAM, 512 GB SSD, Windows 11 Pro",DELL
1HP840G6I516256W11-UK,5060638773832,238.12,12,instock,yes,"PREMIUM REFURBISHED HP EliteBook 840 G6 Intel Core i5 8365U 8th Gen Laptop, 14 Inch Full HD 1080p Screen, 16GB RAM, 256GB SSD, Windows 11 Pro ",HEWLETT PACKARD
1HP840G7I516256W11-UK,5060638773733,275.02,0,outofstock,yes,"PREMIUM REFURBISHED HP EliteBook 840 G7 Intel Core i5 10210U 10th Gen Laptop, 14 Inch Full HD 1080p Screen, 16GB RAM, 256GB SSD, Windows 11 Pro",HEWLETT PACKARD
1HP840G8I516256W11-UK,1HP840G8I516256W11-U,316.9,10,instock,yes,"PREMIUM REFURBISHED HP EliteBook 840 G8 Intel Core i5 11th Gen Laptop, 14 Inch Full HD 1080p Screen, 16GB RAM, 256GB SSD, Windows 11 Pro",HEWLETT PACKARD
1HP850G6I516256W11-UK,5060638774747,276.9,0,outofstock,yes,"PREMIUM REFURBISHED HP EliteBook 850 G6 Intel Core i5 8th Gen Laptop, 15.6 Inch Full HD 1080p Screen, 16GB RAM, 256GB SSD, Windows 11 Pro",HEWLETT PACKARD
1HP850G7I516256W11-UK,5060638776536,342.85,19,instock,yes,"PREMIUM REFURBISHED HP EliteBook 850 G7 Intel Core i5 10th Gen Laptop, 15.6 Inch Full HD 1080p Screen, 16GB RAM, 256GB SSD, Windows 11 Pro",HEWLETT PACKARD
AA0K4ES#ABU,0198701665106,456.55,19,instock,yes,"HP 250 G10 AA0K4ES#ABU Laptop, 15.6 Inch Full HD 1080p Screen, Intel Core i7-1355U 13th Gen, 16GB RAM, 512GB SSD, Windows 11 Home",HEWLETT PACKARD
AA1D6ES#ABU,0198828402509,543.98,38,instock,yes,"HP 255 G10 AA1D6ES#ABU Laptop, 15.6 Inch Full HD IPS Screen, AMD Ryzen 7 7730U Processor, 16GB RAM, 512GB SSD, AMD Radeon Graphics, Windows 11 Pro",HEWLETT PACKARD
AK9U2AT#ABU,198701717843,449.16,11,instock,yes,"HP 250 G10 AK9U2AT#ABU Laptop, 15.6 Inch Full HD 1080p Screen, Intel Core i5-1334U 13th Gen, 16GB RAM, 512GB SSD, Windows 11 Home",HEWLETT PACKARD
AK9U5AT#ABU,0198701717836,351.41,10,instock,yes,"HP 250 G10 AK9U5AT#ABU Laptop, 15.6 Inch Full HD 1080p Screen, Intel Core i5-1334U 13th Gen, 8GB RAM, 256GB SSD, Windows 11 Home",HEWLETT PACKARD
AK9U8AT#ABU,0198701717812,339.88,7,instock,yes,"HP 255 G10 AK9U8AT#ABU Laptop, 15.6 Inch Full HD 1080p Screen, AMD Ryzen 5 7530U, 8GB RAM, 256GB SSD, Windows 11 Home",HEWLETT PACKARD
AL0A4AT#ABU,0199251171888,579.58,30,instock,yes,"HP ProBook 445 G10 AL0A4AT#ABU Laptop, 14 Inch FHD Screen, AMD Ryzen 5 7530U, 16GB RAM, 512GB SSD, AMD Radeon Graphics, Windows 11 Pro",HEWLETT PACKARD
B39RBAT#ABU,199251373725,323.1,50,instock,yes,"HP 255 G10 B39RBAT#ABU Laptop, 15.6 Inch Full HD 1080p Screen, AMD Ryzen 3 7330U, 8GB RAM, 256GB SSD, AMD Radeon, Windows 11 Home",HEWLETT PACKARD
B3AC8AT#ABU,0199485599212,698.56,15,instock,yes,"HP ProBook 4 G1iR B3AC8AT#ABU Laptop, 16 Inch 1920 x 1200 IPS Screen, Intel Core 5 120U, 16GB RAM, 256GB SSD, Intel Graphics, Windows 11 Pro",HEWLETT PACKARD
BL1K1EA#ABU,199251521836,295.24,0,outofstock,yes,"HP 15-fc0536sa Laptop, 15.6 Inch Full HD 1080p Screen, AMD Ryzen 3 7320U, 8GB RAM, 256GB SSD, AMD Radeon Graphics, Windows 11 Home",HEWLETT PACKARD
BM2U1EA#ABU,199251257841,295.24,16,instock,yes,"HP 15-fc0045na Laptop, 15.6 Inch Full HD 1080p Screen, AMD Ryzen 3 7320U, 8GB DDR4 RAM, 256GB SSD, AMD Radeon Graphics, Windows 11 Home",HEWLETT PACKARD
BM2U2EA#ABU,199251257872,295.24,1,instock,yes,"HP 15-fc0045sa Laptop, 15.6 Inch Full HD 1080p Screen, AMD Ryzen 3 7320U, 8GB RAM, 256GB SSD, AMD Radeon Graphics, Windows 11 Home",HEWLETT PACKARD
BZ7V4EA#ABU,199485032788,329.25,12,instock,yes,"HP OmniBook 5 Laptop 16-ba1506sa, 16 Inch 2k IPS Screen, Intel i3-1315U Processor, 8GB RAM, 512GB SSD, Windows 11 Home",HEWLETT PACKARD
C1LL2EA#ABU,199485079837,399.45,13,instock,yes,"HP 17-cp2008na Laptop, 17.3 Inch Full HD Screen, AMD Ryzen 5-7520U Processor, 8GB DDR5 RAM, 512GB SSD, Radeon Graphics, Windows 11 Home",HEWLETT PACKARD
C1LL3EA#ABU,199485079868,339.15,19,instock,yes,"HP 17-cp2009na Laptop, 17.3 Inch Full HD Screen, AMD Ryzen 3-7320U Processor, 8GB RAM, 512GB SSD, Radeon Graphics, Windows 11 Home",HEWLETT PACKARD
C38L9AT#ABU,0199485876320,453.51,8,instock,yes,"HP 250R G9 C38L9AT#ABU Laptop, 15.6 Inch Full HD 1080p Screen, Intel Core 5 120U, 8GB RAM, 256GB SSD, Windows 11 Pro",HEWLETT PACKARD
C38LFAT#ABU,0199485876368,554.85,45,instock,yes,"HP 250R G9 C38LFAT#ABU Laptop, 15.6 Inch Full HD 1080p Screen, Intel Core 5 120U, 16GB RAM, 512GB SSD, Windows 11 Pro",HEWLETT PACKARD
C38LGAT#ABU,0199485876375,449.41,12,instock,yes,"HP 250R G9 C38LGAT#ABU Laptop, 15.6 Inch Full HD 1080p Screen, Intel Core i5 120U, 16GB RAM, 512GB SSD, Windows 11 Home",HEWLETT PACKARD
C38LHAT#ABU,199485876382,324.25,19,instock,yes,"HP 250R G9 C38LHAT#ABU Laptop, 15.6 Inch Full HD 1080p Screen, Intel Core i3-1315U, 8GB RAM, 256GB SSD, Intel UHD Graphics, Windows 11 Home",HEWLETT PACKARD
C38LLAT#ABU,0199485910994,412.49,8,instock,yes,"HP 255R G10 C38LLAT#ABU Laptop, 15.6 Inch Full HD 1080p Screen, AMD Ryzen 5 7535U, 8GB DDR5 RAM, 256GB SSD, Windows 11 Pro",HEWLETT PACKARD
21JN00N5UK,0198158697866,382.2,19,instock,yes,"Lenovo ThinkPad E16 Laptop, 16 Inch WUXGA 1920x1200, Intel Core i3-1315U Processor, 8GB RAM, 256GB SSD, Intel UHD Graphics Graphics, Windows 11 Pro",LENOVO
21KG00SGUK,0198154185961,623.55,14,instock,yes,"Lenovo ThinkBook 14 Laptop, 14 Inch WUXGA 1920x1200 IPS Screen, Intel Core i5-13420H 13th Gen, 16GB  DDR5-5200 RAM, 512GB SSD, Windows 11 Pro",LENOVO
21KG00SHUK,0198154186777,432.86,13,instock,yes,"Lenovo ThinkBook 14 Laptop, 14 Inch WUXGA 1920x1200 IPS Screen, Intel Core i5-13420H 13th Gen, 8GB DDR5-5200 RAM, 256GB SSD, Windows 11 Pro",LENOVO
21KK00B9UK,198158776233,449.13,17,instock,yes,"Lenovo ThinkBook 16 Laptop, 16 Inch WUXGA 1920x1200 IPS Screen, AMD Ryzen 3 7330U, 16GB RAM, 256GB SSD, AMD Radeon Graphics, Windows 11 Pro",LENOVO
82VG004UUK,0196803308389,365.48,11,instock,yes,"Lenovo IdeaPad 1 Laptop, 15.6 Inch Full HD Screen, AMD Ryzen 5 7520U, 16GB DDR5 RAM, 512GB SSD, Windows 11 Home S",LENOVO
82VG00RNUK,198154980429,335.75,2,instock,yes,"Lenovo IdeaPad 1 Laptop, 15.6 Inch Full HD Screen, AMD Ryzen 5 7520U, 8GB DDR5 RAM, 512GB SSD, Windows 11 Home",LENOVO
82YU00HXUK,196803594584,414.65,33,instock,yes,"Lenovo V15 G4 AMN Laptop, 15.6 Inch Full HD 1080p Screen, AMD Ryzen 5 7520U 7th Gen, 16GB LPDDR5 RAM, 256GB SSD, AMD Radeon 610M Graphics, Windows 11 Pro",LENOVO
82YU00JYUK,0196803594058,473.66,23,instock,yes,"Lenovo V15 G4 AMN 82YU00JYUK Laptop, 15.6 Inch Full HD 1080p Screen, AMD Ryzen 5 7520U, 16GB RAM, 512GB SSD, Windows 11 Pro",LENOVO
82YU019HUK,199274650605,348.97,356,instock,yes,"Lenovo V15 G4 AMN Laptop, 15.6 Inch Full HD 1080p Screen, AMD Ryzen 5 7520U, 8GB LPDDR5 RAM, 512GB SSD, AMD Radeon 610M Graphics, Windows 11 Home, Includes 2 Year warranty Upgrade",LENOVO
82YY004NUK,199272773924,375.85,25,instock,yes,"Lenovo V15 G4 ABP 82YY004NUK Laptop, 15.6 Inch Full HD 1080p Screen, AMD Ryzen 5 7430U, 8GB RAM, 256GB SSD, Windows 11 Pro",LENOVO
83A1008FUK,0197532133464,376.19,3,instock,yes,"Lenovo V15 G4 83A1008FUK Laptop, 15.6 Inch Full HD Screen, Intel Core i5-13420H 13th Gen Processor, 8GB RAM, 256GB SSD, Wi-Fi 6, Windows 11 Pro",LENOVO
83FG001AUK,198157132184,344.85,57,instock,yes,"Lenovo V14 G4 83FG001AUK Laptop, 14 Inch Full HD 1080p Screen, AMD Ryzen 5 5500U, 8GB RAM, 512GB SSD, AMD Radeon Graphics, Windows 11 Home",LENOVO
83GU006PUK,199272011781,469.98,0,outofstock,yes,"Lenovo V14 G5 83GU006PUK Laptop, 14 Inch Full HD 1080p Screen, Intel Core i5-13420H 13th Gen, 16GB RAM, 512GB SSD, Intel UHD Graphics, Windows 11 Pro",LENOVO
83GW007EUK,0199271992715,383.15,20,instock,yes,"Lenovo V15 G5 83GW007EUK Laptop, 15.6 Inch Full HD 1080p Screen, Intel Core i5-13420H 13th Gen, 8GB RAM, 512GB SSD, Intel UHD Graphics, Windows 11 Home",LENOVO
83GW007GUK,199271992326,587.25,22,instock,yes,"Lenovo V15 G5 83GW007GUK Laptop, 15.6 Inch Full HD Screen, Intel Core i7-13620H 13th Gen Processor, 16GB RAM, 512GB SSD, Windows 11 Pro",LENOVO
83GW007JUK,199271992470,437.28,86,instock,yes,"Lenovo V15 G5 83GW007JUK Laptop, 15.6 Inch Full HD 1080p Screen, Intel Core i5 13420H 13th Gen, 16GB DDR5 RAM, 512GB SSD, Intel UHD Graphics, Windows 11 Home",LENOVO
83GW007NUK,199271994184,365.11,8,instock,yes,"Lenovo V15 G5 IRL 83GW007NUK Laptop, 15.6 Inch Full HD TN 1080p Screen, Intel Core i5 13420H 13th Gen, 8GB DDR5 RAM, 256GB SSD, Windows 11 Home",LENOVO
83GW007PUK,199271992890,507.95,75,instock,yes,"Lenovo V15 G5 83GW007PUK Laptop, 15.6 Inch Full HD 1080p Screen, Intel Core i5 13420H 13th Gen, 16GB RAM, 512GB SSD, UHD Graphics, Windows 11 Pro",LENOVO
83GW007SUK,0199271995914,376.19,79,instock,yes,"Lenovo V15 G5 83GW007SUK Laptop, 15.6 Inch Full HD Screen, Intel Core i5-13420H 13th Gen Processor, 8GB RAM, 256GB SSD, Wi-Fi 6, Windows 11 Pro",LENOVO
83UT000HUK,199273333882,645.75,6,instock,yes,"Lenovo V14 G6 83UT000HUK Laptop, 14 Inch Full HD 1080p Screen, AMD Ryzen 7 170, 16GB RAM, 512GB SSD, Integrated AMD Radeon 680M Graphics, Windows 11 Pro",LENOVO
1LE14I316256W11-UK,5060638773801,195.82,0,outofstock,yes,"PREMIUM REFURBISHED Lenovo ThinkPad E14 Intel Core i3-10110U 10th Gen Laptop, 14 Inch Full HD 1080p Screen, 16GB RAM, 256GB SSD, Windows 11 Pro",LENOVO
LALEN-E14I58256,LALEN-E14I58256,219.75,24,instock,yes,"PREMIUM REFURBISHED Lenovo ThinkPad E14 Intel Core i5-1135G7 11th Gen Laptop, 14 Inch Full HD 1080p Screen, 8GB RAM, 256GB SSD, Windows 11 Pro",LENOVO
1LT14G1I516256W11-UK,5060638775461,269.94,22,instock,yes,"PREMIUM REFURBISHED Lenovo ThinkPad T14 Intel Core i5 10210U 10th Gen Laptop, 14 Inch Full HD 1080p Screen, 16GB RAM, 256GB SSD, Windows 11 Pro",LENOVO
1LT14G1I716256W11-UK,5060638776673,298.45,0,outofstock,yes,"PREMIUM REFURBISHED Lenovo ThinkPad T14 Intel Core i7 10th Gen Laptop, 14 Inch Full HD 1080p Screen, 16GB RAM, 256GB SSD, Windows 11 Pro",LENOVO
1LT14G3I516256W11-UK,5060638776840,363.35,0,outofstock,yes,"PREMIUM REFURBISHED Lenovo ThinkPad T14 G3 Intel Core i5 1235U 12th Gen Laptop, 14 Inch Full HD 1080p Screen, 16GB RAM, 256GB SSD, Windows 11 Pro",LENOVO
1LT14G3I716256W11-UK,5060638776857,399.58,0,outofstock,yes,"PREMIUM REFURBISHED Lenovo ThinkPad T14 G3 Intel Core i7-1265U12th Gen Laptop, 14 Inch Full HD 1080p Screen, 16GB RAM, 256GB SSD, Windows 11 Pro",LENOVO
1LT15G1I516256W11-UK,5060638776864,311.74,20,instock,yes,"PREMIUM REFURBISHED Lenovo ThinkPad T15 G1 Intel Core i5-10310U 10th Gen Laptop, 15.6 Inch Full HD 1080p Screen, 16GB RAM, 256GB SSD, Windows 11 Pro",LENOVO
1LT15G1I716256W11-UK,5060638776871,368.56,4,instock,yes,"PREMIUM REFURBISHED Lenovo ThinkPad T15 G1 Intel Core i7-10510U 10th Gen Laptop, 15.6 Inch Full HD 1080p Screen, 16GB RAM, 256GB SSD, Windows 11 Pro",LENOVO
NP944XGK-KG4UK,8806095536835,695.0,14,instock,yes,"Samsung Galaxy Book 4 Pro 14 Inch 2880 x 1800 AMOLED 2X Touchscreen Laptop, Intel Core Ultra 5 125H Processor, 16GB RAM, 512GB SSD, Intel Arc Graphics, Windows 11 Pro",SAMSUNG
XE340XDA-KA2UK,8806097587002,165.25,39,instock,yes,"Samsung Galaxy Chromebook Go XE340XDA-KA2UK, 14 Inch HD Screen, Intel Celeron N4500, 4GB RAM, 64GB eMMC, Chrome OS",SAMSUNG
PC-ACU120H-S V1,5055492412966,18.75,2,instock,yes,Powercool 120W 19.5V 6.15A Universal Laptop AC Adapter - Charger With 8 TIPS,POWERCOOL
PC-ACU65H-S V4,5055492405609,13.97,65,instock,yes,Powercool Universal 65W Auto Sense Power Adapter (8 tips),POWERCOOL
PSUPCACU90HSV4,5055492405616,17.78,24,instock,yes,PowerCool PC-ACU90H-S V3 90W 8-Tip Universal Laptop Charger,POWERCOOL
43326,4002888433266,4.2,42,instock,yes,"Lindy DST-Micro 140 Laptop Docking Station with USB-C, 1x 4K HDMI and Pass-Through Charging",LINDY
TBT4-UD5-UK,819927013297,178.9,0,outofstock,yes,Plugable TBT4-UD5 ThunderBolt 4 Dual Monitor (2x 4K or 1x 8K) 96W USB-C PD Docking Station,PLUGABLE
UD-3900C4-UK,819927013020,204.52,0,outofstock,yes,Plugable UD-3900C4 Quad Monitor 96W USB-C PD DisplayLink Certified Docking Station,PLUGABLE
UD-3900Z-EUA,819927012474,77.58,2,instock,yes,Plugable UD-3900Z USB-A/USB-C Dual Monitor Universal DisplayLink Certified Docking Station,PLUGABLE
UD-6950H-EUA,819927011880,138.62,0,outofstock,yes,Plugable UD-6950H Universal Dual Monitor 4K USB-A/USB-C DisplayLink Certified Docking Station,PLUGABLE
USBC-11IN1E,819927012931,66.32,0,outofstock,yes,Plugable USBC-11IN1E 11 in 1 Portable USB-C Ethernet Docking Station,PLUGABLE
USBC-6950PDZ,819927012818,89.67,0,outofstock,yes,Plugable USBC-6950PDZ USB-C Dual HDMI 100W USB-C PD Docking Station,PLUGABLE
USBC-7IN1E,819927012436,28.85,0,outofstock,yes,Plugable USBC-7IN1E Portable USB-C Ethernet Docking Station,PLUGABLE
A520M-HVS,4710483932311,33.41,458,instock,yes,"ASRock A520M-HVS Super Alloy AMD AM4 Socket Motherboard, Micro-ATX, 2x DDR4 Slots, 1x M.2 Socket, GbE LAN, 1x D-Sub / 1x HDMI Port",ASROCK
A520M PRO4,4710483932076,51.75,6,instock,yes,"ASRock A520M PRO4 Super Alloy AMD AM4 Socket Motherboard, Micro-ATX, 4x DDR4 Slots, 1x M.2 Socket, GbE LAN, 1x D-Sub / 1x DisplayPort / 1x HDMI Port",ASROCK
A620AI WIFI,4710483942747,91.8,16,instock,yes,"ASRock A620AI WIFI AMD AM5 Socket Motherboard, Mini-ITX, 2x DDR5 Slots, 2x M.2 Socket, 2.5GbE LAN, Wi-Fi 6E, 1x HDMI Port",ASROCK
A620AM PRO-A WIFI,4711581490970,74.97,14,instock,yes,"ASRock A620AM PRO-A WIFI AMD Socket AM5 Motherboard, 4 x DDR5 Slots, 3x M.2 Socket, 2.5GbE LAN, Wi-Fi 6E, 1x HDMI Port",ASROCK
A620AM PRO RS WIFI,4711581490956,73.45,0,outofstock,yes,"ASRock A620AM Pro RS WiFi AMD Socket AM5 Motherboard, 4x DDR5 Slots, 3x M.2 Socket, 2.5GbE LAN, Wi-Fi 6E, 1x HDMI Port / 1x DisplayPort",ASROCK
A620AM-X WIFI,4711581490826,67.69,14,instock,yes,"ASRock A620AM-X WIFI AMD AM5 Socket Motherboard, 2x DDR5 Slots, 2x M.2 Socket, 2.5GbE LAN, Wi-Fi 5, 1x HDMI Port / 1x DisplayPort",ASROCK
B450 PRO4 R2.0,4710483932786,50.82,118,instock,yes,"ASRock B450 Pro4 R2.0 Super Alloy AMD AM4 Socket Motherboard, ATX, 4x DDR4 Slots, 2x M.2 Sockets, GbE LAN, 1x D-Sub / 1x DisplayPort / 1x HDMI Port",ASROCK
B550M-HDV,4710483931635,44.9,176,instock,yes,"ASRock B550M-HDV AMD AM4 Socket Motherboard, Micro-ATX, 2x DDR4 Slots, 1x M.2 Socket, GbE LAN, 1x D-Sub / 1x DVI-D / 1x HDMI Port",ASROCK
B550M-ITX/AC,4710483931727,85.92,10,instock,yes,"ASRock B550M-ITX/ac AMD AM4 Socket Motherboard, Mini-ITX, 2x DDR4 Slots, 1x M.2 Socket, GbE LAN, Wi-Fi 5, 1x DisplayPort / 1x HDMI Port",ASROCK
B550M PHANTOM GAMING 4,4710483932755,59.48,13,instock,yes,"ASRock B550M Phantom Gaming 4 AMD AM4 Socket Motherboard, Micro-ATX, 4x DDR4 Slots, 2x M.2 Sockets, GbE LAN, 1x DisplayPort / 1x HDMI Port",ASROCK
B550M PRO4,4710483931598,62.65,183,instock,yes,"ASRock B550M Pro4 AMD AM4 Socket Motherboard, Micro-ATX, 4x DDR4 Slots, 2x M.2 Sockets, GbE LAN, 1x D-Sub / 1x DisplayPort / 1x HDMI Port",ASROCK
B550 PHANTOM GAMING 4,4710483931499,57.9,145,instock,yes,"ASRock B550 Phantom Gaming 4 Super Alloy AMD AM4 Socket Motherboard, ATX, 4x DDR4 Slots, 2x M.2 Sockets, GbE LAN, 1x HDMI Port",ASROCK
B550 PRO4,4710483931482,66.79,11,instock,yes,"ASRock B550 Pro4 AMD AM4 Socket Motherboard, ATX, 4x DDR4 Slots, 2x M.2 Sockets, GbE LAN, 1x D-Sub / 1x HDMI Port",ASROCK
B650I LIGHTNING WIFI,4710483944253,111.29,0,outofstock,yes,"ASRock B650I LIGHTNING WIFI AMD AM5 Socket Motherboard, Mini-ITX, 2x DDR5 Slots, 2x M.2 Socket, Fitted I/O Shield, 2.5GbE LAN, Wi-Fi 6E, 1x HDMI Port",ASROCK
B650M-HDV/M.2,4710483942693,69.42,20,instock,yes,"ASRock B650M-HDV/M.2 AMD AM5 Socket Motherboard, Micro-ATX, 2x DDR5 Slots, 2x M.2 Sockets, Fitted I/O Shield, 2.5GbE LAN, 1x DisplayPort / 1x HDMI Port",ASROCK
B650M-H/M.2+,4710483943768,62.54,16,instock,yes,"ASRock B650M-H/M.2+ AMD AM5 Socket Motherboard, Micro-ATX, 2x DDR5 Slots, 2x M.2 Socket, GbE LAN, 1x DsiplayPort / 1x HDMI Port",ASROCK
B650M PG LIGHTNING,4710483943829,74.15,0,outofstock,yes,"ASRock B650M PG Lightning AMD AM5 Socket Motherboard, Micro-ATX, 4x DDR5 Slots, 3x M.2 Sockets, 1x USB-C Port, 2.5GbE LAN, 1x DisplayPort / 1x HDMI Port",ASROCK
B650 PG LIGHTNING,4710483940910,92.7,2,instock,yes,"ASRock B650 PG Lightning AMD AM5 Socket Motherboard, ATX, 4x DDR5 Slots, 3x M.2 Sockets, Fitted I/O Shield, 2.5GbE LAN, 1x HDMI Port",ASROCK
B760M-H2/M.2,4710483944215,57.54,0,outofstock,yes,"ASRock B760M-H2/M.2 Intel 1700 Socket Motherboard, Micro-ATX, 2x DDR5 Slots, 2x M.2 Socket, 2.5GbE LAN, 2x HDMI Port",ASROCK
B760M STEEL LEGEND WIFI,4710483941795,100.86,21,instock,yes,"ASRock B760M Steel Legend WiFi Intel 1700 Socket Motherboard, Micro-ATX, 4x DDR5 Slots, 3x M.2 Sockets, Fitted I/O Shield, 2.5GbE LAN, Wi-Fi 6E, 1x DisplayPort / 1x HDMI Port",ASROCK
B850I LIGHTNING WIFI,4711581490130,141.06,0,outofstock,yes,"ASRock B850I Lightning WiFi PHANTOM GAMING AMD AM5 Socket Motherboard, Mini-ITX, 2x DDR5 Slots, 2x M.2 Sockets, Fitted I/O Shield, 2.5GbE LAN, Wi-Fi 6E, 1x HDMI Port / 1x USB-C",ASROCK
B850 LIVEMIXER WIFI,4711581490154,122.23,7,instock,yes,"ASRock B850 LiveMixer WiFi AMD AM5 Socket Motherboard, ATX, 4x DDR5 Slots, 3x M.2 Sockets, Fitted I/O Shield, 2.5GbE LAN, Wi-Fi 7, 1x DisplayPort / 1x HDMI Port",ASROCK
B850M CHALLENGER,4711581494145,88.69,9,instock,yes,"ASRock B850M Challenger AMD AM5 Socket Motherboard, Micro-ATX, 4x DDR5 Slots, 2x M.2 Socket, Fitted I/O Shield, 2.5GbE LAN, 1x HDMI Port",ASROCK
B850M CHALLENGER WIFI,4711581494138,97.84,4,instock,yes,"ASRock B850M Challenger WiFi AMD AM5 Socket Motherboard, Micro-ATX, 4x DDR5 Slots, 2x M.2 Socket, Fitted I/O Shield, 2.5GbE LAN, Wi-Fi 7, 1x HDMI Port",ASROCK
B850M PRO-A,4711581490390,81.82,0,outofstock,yes,"ASRock B850M Pro-A AMD AM5 Socket Motherboard, Micro-ATX, 4x DDR5 Slots, 3x M.2 Sockets, 2.5GbE LAN, 1x DisplayPort / 1x HDMI Port",ASROCK
B850M PRO-A WIFI,4711581490376,88.75,0,outofstock,yes,"ASRock B850M Pro-A WiFi AMD AM5 Socket Motherboard, Micro-ATX, 4x DDR5 Slots, 3x M.2 Sockets, 2.5GbE LAN, Wi-Fi 6E, 1x DisplayPort / 1x HDMI Port",ASROCK
B850M PRO RS WIFI,4711581490352,88.5,43,instock,yes,"ASRock B850M Pro RS WiFi AMD AM5 Socket Motherboard, Micro-ATX, 4x DDR5 Slots, 3x M.2 Sockets, Fitted I/O Shield, 2.5GbE LAN, Wi-Fi 6E, 1x DisplayPort / 1x HDMI Port",ASROCK
B850M ROCK WIFI,4711581494169,93.78,9,instock,yes,"ASRock B850M Rock WiFi AMD AM5 Socket Motherboard, Micro-ATX, 2x DDR5 Slots, 2x M.2 Socket, Fitted I/O Shield, 2.5GbE LAN, Wi-Fi 6E, 1x DisplayPort / 1x HDMI Port",ASROCK
B850M RIPTIDE WIFI,4711581490482,110.95,0,outofstock,yes,"ASRock B850M Riptide WiFi AMD AM5 Socket Motherboard, Micro-ATX, 4x DDR5 Slots, 3x M.2 Sockets, Fitted I/O Shield, 2.5GbE LAN, Wi-Fi 7, 1x DisplayPort / 1x HDMI Port",ASROCK
B850M STEEL LEGEND WIFI,4711581490499,106.39,7,instock,yes,"ASRock B850M Steel Legend WiFi AMD AM5 Socket Motherboard, Micro-ATX, 4x DDR5 Slots, 3x M.2 Sockets, Fitted I/O Shield, 2.5GbE LAN, Wi-Fi 7, 1x DisplayPort / 1x HDMI Port",ASROCK
B850M-X R2.0,4711581490758,76.27,11,instock,yes,"ASRock B850M-X AMD AM5 Socket Motherboard, Micro-ATX, 2x DDR5 Slots, 2x M.2 Sockets, 2.5GbE LAN, 1x DisplayPort / 1x HDMI Port",ASROCK
B850 PRO-A,4711581490185,98.72,9,instock,yes,"ASRock B850 Pro-A AMD AM5 Socket Motherboard, ATX, 4x DDR5 Slots, 4x M.2 Sockets, 2.5GbE LAN, 1x HDMI Port / 1x USB-C",ASROCK
B850 PRO RS WIFI,4711581490178,116.17,3,instock,yes,"ASRock B850 Pro RS AMD AM5 Socket Motherboard, ATX, 4x DDR5 Slots, 4x M.2 Sockets, Fitted I/O Shield, 2.5GbE LAN, Wi-Fi 6E, 1x HDMI Port / 1x USB-C",ASROCK
B850 ROCK WIFI 7,4711581493841,115.1,6,instock,yes,"ASRock B850 Rock WiFi 7 AMD AM5 Socket Motherboard, ATX, 4x DDR5 Slots, 2x M.2 Socket, Fitted I/O Shield, 2.5GbE LAN, Wi-Fi 7, 1x HDMI Port",ASROCK
B850 RIPTIDE WIFI,4711581490079,147.23,4,instock,yes,"ASRock B850 Riptide WiFi PHANTOM GAMING AMD AM5 Socket Motherboard, ATX, 4x DDR5 Slots, 4x M.2 Sockets, Fitted I/O Shield, 2.5GbE LAN, Wi-Fi 7, 1x HDMI Port",ASROCK
B850 STEEL LEGEND WIFI,4711581490062,130.81,13,instock,yes,"ASRock B850 Steel Legend WiFi AMD AM5 Socket Motherboard, ATX, 4x DDR5 Slots, 4x M.2 Sockets, Fitted I/O Shield, 2.5GbE LAN, Wi-Fi 7, 1x HDMI Port",ASROCK
B860 ROCK WIFI 7,4711581494176,101.87,10,instock,yes,"ASRock B860 Rock WiFi 7 Intel 1851 Socket Motherboard, ATX, 4x DDR5 Slots, 3x M.2 Socket, Fitted I/O Shield, 2.5GbE LAN, Wi-Fi 7, 1x HDMI Port",ASROCK
H610M-HDV/M.2 D5 GEN5,4711581492431,46.62,38,instock,yes,"ASRock H610M-HDV/M.2 D5 Gen5 Intel 1700 Socket Motherboard, Micro-ATX, 2x DDR5 Slots, 1x M.2 Socket, GbE LAN, 1x D-Sub / 1x DisplayPort / 1x HDMI Port",ASROCK
H610M-HDV/M.2 R2.0,4710483939860,42.75,15,instock,yes,"ASRock H610M-HDV/M.2 R2.0 Super Alloy Intel 1700 Socket Motherboard, Micro-ATX, 2x DDR4 Slots, 1x M.2 Socket, GbE LAN, 1x D-Sub / 1x DisplayPort / 1x HDMI Port",ASROCK
H610M-HVS/M.2 D5 GEN5,4711581492448,46.11,20,instock,yes,"ASRock H610M-HVS/M.2 D5 GEN5 Intel 1700 Socket Motherboard, Micro-ATX, 2x DDR5 Slots, 1x M.2 Socket, GbE LAN, 1x D-Sub / 1x HDMI Port",ASROCK
H610M-HVS/M.2 R2.0,4710483939914,36.9,49,instock,yes,"ASRock H610M-HVS/M.2 R2.0 Super Alloy Intel 1700 Socket Motherboard, Micro-ATX, 2x DDR4 Slots, 1x M.2 Socket, GbE LAN, 1x D-Sub / 1x HDMI Port",ASROCK
H810M-H,4711581490833,52.69,17,instock,yes,"ASRock H810M-H Intel 1851 Socket Motherboard, Micro-ATX, 2x DDR5 Slots, 1x M.2 Sockets, GbE LAN, 1x HDMI Port",ASROCK
H810M-X,4711581490642,57.89,0,outofstock,yes,"ASRock H810M-X Intel Socket 1851 Motherboard, 2x DDR5 DIMM Slots, 1x M.2 Socket, 2.5G LAN, 1x HDMI Port / 1x DisplayPort",ASROCK
H810M-X WIFI,4711581490659,64.29,0,outofstock,yes,"ASRock H810M-X WIFI Intel Socket 1851 Motherboard, 2x DDR5 DIMM Slots, 1x M.2 Socket, 2.5G LAN, Wi-Fi 5, 1x HDMI Port / 1x DisplayPort",ASROCK
X870E NOVA WIFI,4710483949654,235.87,0,outofstock,yes,"ASRock X870E NOVA WIFI PHANTOM GAMING AMD AM5 Socket Motherboard, ATX, 4x DDR5 Slots, 5x M.2 Sockets, Fitted I/O Shield, 5GbE LAN, Wi-Fi 7, 1x HDMI Port / 2x USB-C (USB4)",ASROCK
X870E TAICHI,4710483947421,310.87,21,instock,yes,"ASRock X870E TAICHI AMD AM5 Socket Motherboard, E-ATX, 4x DDR5 Slots, 4x M.2 Sockets, Fitted I/O Shield, 5GbE LAN, Wi-Fi 7, 1x HDMI Port / 2x USB-C (USB4)",ASROCK
X870E TAICHI LITE,4710483947445,275.98,9,instock,yes,"ASRock X870E TAICHI LITE AMD AM5 Socket Motherboard, E-ATX, 4x DDR5 Slots, 4x M.2 Sockets, Fitted I/O Shield, 5GbE LAN, Wi-Fi 7, 1x HDMI Port / 2x USB-C (USB4)",ASROCK
X870 STEEL LEGEND WIFI,4710483949340,167.05,10,instock,yes,"ASRock X870 STEEL LEGEND WIFI AMD AM5 Socket Motherboard, ATX, 4x DDR5 Slots, 3x M.2 Sockets, Fitted I/O Shield, 2.5GbE LAN, Wi-Fi 7, 1x HDMI Port / 2x USB-C (USB4)",ASROCK
Z790 PRO RS,4710483940767,120.69,0,outofstock,yes,"ASRock Z790 Pro RS Intel 1700 Socket Motherboard, ATX, 4x DDR5 Slots, 4x M.2 Sockets, Fitted I/O Shield, 2.5GbE LAN, 1x DisplayPort / 1x HDMI Port",ASROCK
A520I AC,4719331809867,66.78,0,outofstock,yes,"Gigabyte A520I AC Ultra Durable AMD AM4 Socket Motherboard, Mini-ITX, 2x DDR4 Slots, 1x M.2 Socket, GbE LAN, Wi-Fi 5, 1x Display Port 1.4 / 2x HDMI Ports",GIGABYTE
A520M DS3H WIFI6E,4719331880743,53.8,14,instock,yes,"Gigabyte A520M DS3H WIFI6E AMD AM4 Socket Motherboard, Micro-ATX, 4x DDR4 Slots, 1x M.2 Socket, GbE LAN, Wi-Fi 6E, 1x DisplayPort / 1x HDMI Port",GIGABYTE
A520M H ARGB,4719331879822,38.31,0,outofstock,yes,"Gigabyte A520M H ARGB AMD AM4 Socket Motherboard, Micro-ATX, 2x DDR4 Slots, 1x M.2 Socket, GbE LAN, 1x DisplayPort / 1x HDMI Port",GIGABYTE
A520M K V2,4719331852771,34.9,0,outofstock,yes,"Gigabyte A520M K V2 Ultra Durable AMD AM4 Socket Motherboard, Micro-ATX, 2x DDR4 Slots, 1x M.2 Socket, GbE LAN, 1x D-Sub / 1x HDMI Port",GIGABYTE
A620M GAMING X,4719331854096,74.7,11,instock,yes,"Gigabyte A620M GAMING X AMD AM5 Socket Motherboard, Micro-ATX, 4x DDR5 Slots, 1x M.2 Socket, GbE LAN, 1x DisplayPort / 1x HDMI Port",GIGABYTE
A620I AX,4719331855826Â,89.75,0,outofstock,yes,"Gigabyte A620I AX (rev. 1.0) AMD AM5 Socket Motherboard, Mini-ITX, 2x DDR5 Slots, 1x M.2 Socket, 2.5GbE LAN, Wi-Fi 6E, 1 x DisplayPort / 1x HDMI Port",GIGABYTE
A620M DS3H,4719331855567,63.24,96,instock,yes,"Gigabyte A620M DS3H Ultra Durable AMD AM5 Socket Motherboard, Micro-ATX, 4x DDR5 Slots, 1x M.2 Socket, 1x USB-C Port, GbE LAN, 1x D-Sub / 1x DisplayPort / 1x HDMI Port",GIGABYTE
A620M H,4719331855512,52.79,2,instock,yes,"Gigabyte A620M H Ultra Durable AMD AM5 Socket Motherboard, Micro-ATX, 2x DDR5 Slots, 1x M.2 Socket, GbE LAN, 1x DisplayPort / 1x HDMI Port",GIGABYTE
A620M S2H,4719331855208,60.8,10,instock,yes,"Gigabyte A620M S2H AMD AM5 Socket Motherboard, Micro-ATX, 2x DDR5 Slots, 1x M.2 Socket, GbE LAN, 1x D-Sub / 1x DisplayPort / 1x HDMI Port",GIGABYTE
B550 EAGLE,4719331868208,65.12,5,instock,yes,"Gigabyte B550 EAGLE AMD AM4 Socket Motherboard, ATX, 4x DDR4 Slots, 2x M.2 Sockets, GbE LAN, 1x HDMI Port",GIGABYTE
B550 EAGLE WIFI6,4719331868406,77.52,13,instock,yes,"Gigabyte B550 EAGLE WIFI6 AMD AM4 Socket Motherboard, ATX, 4x DDR4 Slots, 2x M.2 Sockets, GbE LAN, Wi-Fi 6, 1x HDMI Port",GIGABYTE
B550M GAMING X WIFI6,4719331870096,75.91,48,instock,yes,"Gigabyte B550M GAMING X WIFI6 AMD AM4 Socket Motherboard, Micro-ATX, 4x DDR4 Slots, 2x M.2 Sockets, Fitted I/O Shield, GbE LAN, Wi-Fi 6, 1x DisplayPort / 1x HDMI Port",GIGABYTE
B550M DS3H AC R2,4719331869908,68.55,19,instock,yes,"Gigabyte B550M DS3H AC R2 Ultra Durable AMD AM4 Socket Motherboard, Micro-ATX, 4x DDR4 Slots, 2x M.2 Socket, GbE LAN, Wi-Fi 5, 1x DisplayPort / 1x HDMI Port",GIGABYTE
B550M DS3H R2,4719331870454,57.8,9,instock,yes,"Gigabyte B550M DS3H R2 AMD AM4 Socket Motherboard, Micro-ATX, 4x DDR4 Slots, 2x M.2 Sockets, GbE LAN, 1x DisplayPort / 1x HDMI Port",GIGABYTE
B550M K,4719331852764,51.98,15,instock,yes,"Gigabyte B550M K Ultra Durable AMD AM4 Socket Motherboard, Micro-ATX, 4x DDR4 Slots, 2x M.2 Sockets, GbE LAN, 1x DisplayPort / 1x HDMI Port",GIGABYTE
B550M K WIFI6E,4719331880811,65.86,0,outofstock,yes,"Gigabyte B550M K WIFI6E AMD AM4 Socket Motherboard, Micro-ATX, 4x DDR4 Slots, 2x M.2 Socket, GbE LAN, Wi-Fi 6E, 1x DisplayPort / 1x HDMI Port",GIGABYTE
B650 EAGLE,4719331863081,92.09,12,instock,yes,"Gigabyte B650 EAGLE AMD AM5 Socket Motherboard, ATX, 4x DDR5 Slots, 3x M.2 Sockets, Fitted I/O Shield, GbE LAN, 1x DisplayPort / 1x HDMI Port",GIGABYTE
B650 EAGLE AX,4719331860158,103.35,0,outofstock,yes,"Gigabyte B650 EAGLE AX AMD AM5 Socket Motherboard, ATX, 4x DDR5 Slots, 3x M.2 Sockets, Fitted I/O Shield, GbE LAN, Wi-Fi 6E, 1x DisplayPort / 1x HDMI Port",GIGABYTE
B650E EAGLE WIFI6E,4719331877798,110.41,8,instock,yes,"Gigabyte B650E EAGLE WIFI6E AMD AM5 Socket Motherboard, ATX, 4x DDR5 Slots, 3x M.2 Socket, Fitted I/O Shield, 2.5GbE LAN, Wi-Fi 6E, 1x DisplayPort / 1x HDMI Port",GIGABYTE
B650 GAMING X AX V2,4719331860073,107.31,3,instock,yes,"Gigabyte B650 GAMING X AX V2 AMD AM5 Socket Motherboard, ATX, 4x DDR5 Slots, 3x M.2 Sockets, Fitted I/O Shield, 2.5GbE LAN, Wi-Fi 6E, 1x DisplayPort / 1x HDMI Port",GIGABYTE
B650I AX,4719331859190,106.08,6,instock,yes,"Gigabyte B650I AX Ultra Durable AMD AM5 Socket Motherboard, Mini-ITX, 2x DDR5 Slots, 1x M.2 Socket, 2.5GbE LAN, Wi-Fi 6E, 1x DisplayPort / 1x HDMI Port",GIGABYTE
B650M AORUS ELITE AX ICE,4719331859336,118.17,7,instock,yes,"Gigabyte B650M AORUS ELITE AX ICE AMD AM5 Socket Motherboard, Micro-ATX, 4x DDR5 Slots, 2x M.2 Sockets, Fitted I/O Shield, 2.5GbE LAN, Wi-Fi 6E, 1x DisplayPort / 1x HDMI Port",GIGABYTE
B650M AORUS ELITE,4719331849818,104.35,8,instock,yes,"Gigabyte B650M AORUS ELITE AMD AM5 Socket Motherboard, Micro-ATX, 4x DDR5 Slots, 2x M.2 Socket, Fitted I/O Shield, 2.5GbE LAN, 1x DisplayPort / 1x HDMI Port",GIGABYTE
B650M D3HP,4719331857851,73.25,0,outofstock,yes,"Gigabyte B650M D3HP Ultra Durable AMD AM5 Socket Motherboard, Micro-ATX, 4x DDR5 Slots, 2x M.2 Sockets, 2.5GbE LAN, 2x DisplayPorts / 1x HDMI Port",GIGABYTE
B650M D3HP AX,4719331859510,83.5,0,outofstock,yes,"Gigabyte B650M D3HP AX Ultra Durable AMD AM5 Socket Motherboard, Micro-ATX, 4x DDR5 Slots, 2x M.2 Sockets, 2.5GbE LAN, Wi-Fi 6E, 2x DisplayPorts / 1x HDMI Port",GIGABYTE
B650M GAMING WIFI6E,4719331867942,75.28,0,outofstock,yes,"Gigabyte B650M GAMING WIFI6E (rev. 1.2) AMD AM5 Socket Motherboard, 2x DDR5 DIMM Slots, 1x M.2 Sockets, 2.5GbE LAN, Wi-Fi 6E, 1x D-Sub / 1x HDMI Port",GIGABYTE
B650M GAMING PLUS WF,4719331862213,92.74,3,instock,yes,"Gigabyte B650M GAMING PLUS WIFI (Rev.1.2) AMD AM5 Socket Motherboard, Micro-ATX, 4x DDR5 Slots, 2x M.2 Socket, Fitted I/O Shield, 2.5GbE LAN, Wi-Fi 6, 2x DisplayPort / 1x HDMI Port",GIGABYTE
B650M S2H,4719331856298,65.42,0,outofstock,yes,"Gigabyte B650M S2H Ultra Durable AMD AM5 Socket Motherboard, Micro-ATX, 2x DDR5 Slots, 1x M.2 Socket, GbE LAN, 1x D-Sub / 1x DisplayPort / 1x HDMI Port",GIGABYTE
B760 DS3H DDR4,4719331850746,76.3,6,instock,yes,"Gigabyte B760 DS3H DDR4 Ultra Durable Intel 1700 Socket Motherboard, ATX, 4x DDR4 Slots, 2x M.2 Sockets, GbE LAN, 1x DisplayPort / 1x HDMI Port",GIGABYTE
B760 DS3H WIFI6E GEN5,4719331853136,79.99,3,instock,yes,"Gigabyte B760 DS3H WIFI6E GEN5 Intel 1700 Socket Motherboard, ATX, 4x DDR5 Slots, 2x M.2 Sockets, GbE LAN, Wi-Fi 6E, 1x DisplayPort / 1x HDMI Port",GIGABYTE
B760 DS3H GEN5,4719331872892,82.89,11,instock,yes,"Gigabyte B760 DS3H GEN5 Intel 1700 Socket Motherboard, ATX, 4x DDR5 Slots, 2x M.2 Sockets, GbE LAN, 1x DisplayPort / 1x HDMI Port",GIGABYTE
B760 GAMING X DDR4 GEN5,4719331873448,87.69,0,outofstock,yes,"Gigabyte B760 GAMING X DDR4 GEN5 Intel 1700 Socket Motherboard, ATX, 4x DDR4 Slots, 3x M.2 Sockets, Fitted I/O Shield, 2.5GbE LAN, 1x DisplayPort / 1x HDMI Port",GIGABYTE
B760 GAMING X GEN5,4719331851989,90.44,4,instock,yes,"Gigabyte B760 GAMING X GEN5 Intel 1700 Socket Motherboard, ATX, 4x DDR5 Slots, 3x M.2 Socket, 2.5GbE LAN, 1x HDMI Port / 1x DisplayPort",GIGABYTE
B760 GAMING X WIFI6E GEN5,4719331871673,95.32,151,instock,yes,"Gigabyte B760 GAMING X WIFI6E GEN5 Socket Motherboard, ATX, 4x DDR5 Slots, 3x M.2 Socket, 2.5GbE LAN, Wi-Fi 6E, 1x HDMI Port / 1x Display Port",GIGABYTE
B760M AORUS ELITE WIFI6E GEN5,4719331872069Â,110.9,7,instock,yes,"Gigabyte B760M AORUS ELITE WIFI6E GEN5 Intel 1700 Socket Motherboard, Micro-ATX, 4x DDR5 Slots, 2x M.2 Socket, 2.5GbE LAN, Wi-Fi 6E, 1x HDMI Port/ 1x DisplayPort",GIGABYTE
B760M DS3H DDR4,4719331850876,65.35,42,instock,yes,"Gigabyte B760M DS3H DDR4 Ultra Durable Intel 1700 Socket Motherboard, Micro-ATX, 4x DDR4 Slots, 2x M.2 Sockets, 2.5GbE LAN, 1x D-Sub / 2x DisplayPorts / 1x HDMI Port",GIGABYTE
B760M D3HP,4719331864347,69.89,10,instock,yes,"Gigabyte B760M D3HP Intel 1700 Socket Motherboard, Micro-ATX, 4x DDR5 Slots, 2x M.2 Sockets, 1x USB-C Port, GbE LAN, 1x D-Sub / 1x DisplayPort / 1x HDMI Port",GIGABYTE
B760M D3HP DDR4,4719331862848,59.72,2,instock,yes,"Gigabyte B760M D3HP DDR4 Intel 1700 Socket Motherboard, Micro-ATX, 4x DDR4 Slots, 2x M.2 Sockets, GbE LAN, 1x D-Sub / 1x DisplayPort / 1x HDMI Port",GIGABYTE
B760M D3HP WIFI6,4719331867638,77.74,1,instock,yes,"Gigabyte B760M D3HP WIFI6 Intel 1700 Socket Motherboard, Micro-ATX, 4x DDR5 Slots, 2x M.2 Sockets, GbE LAN, Wi-Fi 6, 1x D-Sub / 1x DisplayPort / 1x HDMI Port",GIGABYTE
B760M DS3H GEN5,4719331872793,67.99,51,instock,yes,"Gigabyte B760M DS3H GEN5 Intel Socket 1700 Motherboard, Micro ATX, 4x DDR5 Slots, 2x M.2 Sockets, 2.5GbE LAN, 1x D-Sub / 1x DisplayPort / 1x HDMI Port",GIGABYTE
B760M DS3H WIFI6E GEN5,4719331872809,87.14,18,instock,yes,"Gigabyte B760M DS3H WIFI6E GEN5 Intel 1700 Socket Motherboard, Micro-ATX, 4x DDR5 Slots, 2x M.2 Socket, 2.5GbE LAN, Wi-Fi 6E, 1x HDMI Port / 2x DisplayPort",GIGABYTE
B760M GAMING X DDR4 GEN5,4719331874087,82.3,30,instock,yes,"Gigabyte B760M GAMING X DDR4 GEN5 Intel 1700 Socket Motherboard, Micro-ATX, 4x DDR4 Slots, 2x M.2 Sockets, Fitted I/O Shield, 2.5GbE LAN, 1x DisplayPort / 1x HDMI Port",GIGABYTE
B760M GAMING PLUS WIFI DDR4,719331862855,86.32,19,instock,yes,"Gigabyte B760M GAMING PLUS WIFI DDR4 Intel 1700 Socket Motherboard, Micro-ATX, 4x DDR4 Slots, 2x M.2 Sockets, Fitted I/O Shield, GbE LAN, Wi-Fi 6, 1x DisplayPort / 1x HDMI Port",GIGABYTE
B760M GAMING X WIFI6E GEN5,4719331872953,87.99,19,instock,yes,"Gigabyte B760M GAMING X WIFI6E GEN 5 INTEL Socket Motherboard, Micro-ATX, 4x DDR5 Slots, 2x M.2 Socket, 2.5GbE LAN, Wi-Fi 6E, 1x HDMI Port / 1x Display Port",GIGABYTE
B760M H DDR4,4719331854645,54.78,17,instock,yes,"Gigabyte B760M H DDR4 Ultra Durable Intel 1700 Socket Motherboard, Micro-ATX, 2x DDR4 Slots, 2x M.2 Sockets, GbE LAN, 1x D-Sub / 1x HDMI Port",GIGABYTE
B760M H V2,4719331878054,65.16,9,instock,yes,"Gigabyte B760M H V2 Intel 1700 Socket Motherboard, Micro-ATX, 2x DDR5 Slots, 1x M.2 Sockets, GbE LAN, 1x DisplayPort / 1x HDMI Port",GIGABYTE
B840 EAGLE WIFI6E,4719331876975,100.97,10,instock,yes,"Gigabyte B840 EAGLE WIFI6E AMD AM5 Socket Motherboard, ATX, 4x DDR5 Slots, 3x M.2 Socket, Fitted I/O Shield, 2.5GbE LAN, Wi-Fi 6E, 1x DisplayPort / 1x HDMI Port",GIGABYTE
B840M D2H,4719331868116,66.45,13,instock,yes,"Gigabyte B840M D2H AMD AM5 Socket Motherboard, Micro-ATX, 2x DDR5 Slots, 2x M.2 Socket, 2.5GbE LAN, 1x HDMI Port",GIGABYTE
B840M EAGLE WIFI6,4719331868970,89.19,8,instock,yes,"Gigabyte B840M EAGLE WIFI6 AMD AM5 Socket Motherboard, Micro-ATX, 2x DDR5 Slots, 2x M.2 Socket, Fitted I/O Shield, 2.5GbE LAN, Wi-Fi 6, 1x DisplayPort / 1x HDMI Port",GIGABYTE
B850 A ELITE WF7,4719331866105,158.11,23,instock,yes,"Gigabyte B850 AORUS ELITE WIFI7 AMD AM5 Socket Motherboard, ATX, 4x DDR5 Slots, 3x M.2 Sockets, 2x USB-C Port, Fitted I/O Shield, 2.5GbE LAN, Wi-Fi 7, 1x DisplayPort / 1x HDMI Port",GIGABYTE
B850 A ELITE WF7 ICE,4719331866099,159.59,52,instock,yes,"Gigabyte B850 AORUS ELITE WIFI7 ICE AMD AM5 Socket Motherboard, ATX, 4x DDR5 Slots, 3x M.2 Sockets, Fitted I/O Shield, 2.5GbE LAN, Wi-Fi 7, 1x DisplayPort / 1x HDMI Port",GIGABYTE
B850 AORUS STEALTH,4719331878375,209.4,15,instock,yes,"Gigabyte B850 AORUS STEALTH AMD AM5 Socket Motherboard, ATX, 4x DDR5 Slots, 3x M.2 Socket, Fitted I/O Shield, 5GbE LAN, Wi-Fi 7, 1x HDMI Port",GIGABYTE
B850 AORUS STEALTH ICE,4719331873103,209.46,18,instock,yes,"Gigabyte B850 AORUS STEALTH ICE AMD AM5 Socket Motherboard, ATX, 4x DDR5 Slots, 3x M.2 Socket, Fitted I/O Shield, 5GbE LAN, Wi-Fi 7, 1x HDMI Port",GIGABYTE
B850 EAGLE ICE,4719331871680,116.73,8,instock,yes,"Gigabyte B850 EAGLE ICE AMD AM5 Socket Motherboard, ATX, 4x DDR5 Slots, 3x M.2 Socket, Fitted I/O Shield, 2.5GbE LAN, 1x DisplayPort / 1x HDMI Port",GIGABYTE
B850 EAGLE WIFI7 ICE,4719331871239,128.1,6,instock,yes,"Gigabyte B850 EAGLE WIFI7 ICE AMD AM5 Socket Motherboard, ATX, 4x DDR5 Slots, 3x M.2 Socket, Fitted I/O Shield, 2.5GbE LAN, Wi-Fi 7, 1x DisplayPort / 1x HDMI Port",GIGABYTE
B850 EAGLE WIFI6E,4719331866587,128.05,51,instock,yes,"Gigabyte B850 EAGLE WIFI6E AMD AM5 Socket Motherboard, ATX, 4x DDR5 Slots, 3x M.2 Sockets, Fitted I/O Shield, GbE LAN, Wi-Fi 6E, 1x DisplayPort / 1x HDMI Port",GIGABYTE
B850 GAMING WIFI6,4719331866631,112.78,0,outofstock,yes,"Gigabyte B850 GAMING WIFI6 AMD AM5 Socket Motherboard, ATX, 4x DDR5 Slots, 3x M.2 Sockets, Fitted I/O Shield, GbE LAN, Wi-Fi 6, 1x DisplayPort / 1x HDMI Port",GIGABYTE
B850 GAMING X WIFI6E,4719331866457,134.98,6,instock,yes,"Gigabyte B850 GAMING X WIFI6E AMD AM5 Socket Motherboard, ATX, 4x DDR5 Slots, 3x M.2 Sockets, Fitted I/O Shield, 2.5GbE LAN, Wi-Fi 6E, 1x DisplayPort / 1x HDMI Porta",GIGABYTE
B850I AORUS PRO,4719331867263,178.86,14,instock,yes,"Gigabyte B850I AORUS PRO AMD AM5 Socket Motherboard, Mini-ITX, 2x DDR5 Slots, 2x M.2 Sockets,  Fitted I/O Shield, 2.5GbE LAN, Wi-Fi 7, 1x HDMI Port",GIGABYTE
B850M EAGLE WF6E,4719331871826,104.27,2,instock,yes,"Gigabyte B850M Eagle WIFI6E AMD AM5 Socket Motherboard, Micro ATX, 4x DDR5 Slots, 2x M.2 Sockets, Fitted I/O Shield, 2.5GbE LAN, Wi-Fi 6E, 2x DisplayPort / 1x HDMI Port",GIGABYTE
B850M EAGLE WF6E ICE,4719331871789,122.19,8,instock,yes,"Gigabyte B850M Eagle WIFI6E ICE AMD AM5 Socket Motherboard, Micro ATX, 4x DDR5 Slots, 2x M.2 Sockets, Fitted I/O Shield, 2.5GbE LAN, Wi-Fi 6E, 2x DisplayPort / 1x HDMI Port",GIGABYTE
B850M AORUS ELITE WIFI6E ICE,4719331866082,131.47,0,outofstock,yes,"Gigabyte B850M AORUS ELITE WIFI6E ICE AMD AM5 Socket Motherboard, Micro-ATX, 4x DDR5 Slots, 2x M.2 Sockets, Fitted I/O Shield, 2.5GbE LAN, Wi-Fi 6E, 1x DisplayPort / 1x HDMI Port",GIGABYTE
B850M AORUS ELITE WIFI6E,4719331871123,136.86,6,instock,yes,"Gigabyte B850M AORUS ELITE WIFI6E AMD AM5 Socket Motherboard, Micro-ATX, 4x DDR5 Slots, 2x M.2 Socket, Fitted I/O Shield, 2.5GbE LAN, Wi-Fi 6E, 1x DisplayPort",GIGABYTE
B850M D3HP,4719331867058,92.86,9,instock,yes,"Gigabyte B850M D3HP AMD AM5 Socket Motherboard, Micro-ATX, 4x DDR5 Slots, 2x M.2 Sockets, GbE LAN, 2x DisplayPorts / 1x HDMI Port",GIGABYTE
B850M FORCE,4719331874322,89.59,6,instock,yes,"Gigabyte B850M FORCE AMD AM5 Socket Motherboard, Micro-ATX, 2x DDR5 Slots, 3x M.2 Socket, 2.5GbE LAN, 1x DisplayPort / 1x HDMI Port",GIGABYTE
B850M FORCE WIFI6E,4719331874308,95.83,3,instock,yes,"Gigabyte B850M FORCE WIFI6E AMD AM5 Socket Motherboard, Micro-ATX, 2x DDR5 Slots, 3x M.2 Socket, Fitted I/O Shield, 2.5GbE LAN, Wi-Fi 6E, 1x DisplayPort / 1x HDMI Port",GIGABYTE
B850M GAMING X WIFI6E,4719331866433,120.87,4,instock,yes,"Gigabyte B850M GAMING X WIFI6E AMD AM5 Socket Motherboard, Micro-ATX, 4x DDR5 Slots, 2x M.2 Sockets, Fitted I/O Shield, 2.5GbE LAN, Wi-Fi 6E, 2x DisplayPorts / 1x HDMI Port",GIGABYTE
B860 AORUS ELITE WIFI7 ICE,4719331866846,156.78,12,instock,yes,"Gigabyte B860 AORUS ELITE WIFI7 ICE Intel 1851 Socket Motherboard, ATX, 4x DDR5 Slots, 3x M.2 Sockets, Fitted I/O Shield, 2.5GbE LAN, Wi-Fi 7, 1x DisplayPort / 2x HDMI / 1x USB-C (USB4)",GIGABYTE
B860 DS3H,4719331868178,99.87,4,instock,yes,"Gigabyte B860 DS3H Intel 1851 Socket Motherboard, ATX, 4x DDR5 Slots, 2x M.2 Sockets, 2.5GbE LAN, 1x DisplayPort / 1x HDMI Port",GIGABYTE
B860 EAGLE WIFI6E,4719331866822,125.77,2,instock,yes,"Gigabyte B860 EAGLE WIFI6E Intel 1851 Socket Motherboard, ATX, 4x DDR5 Slots, 3x M.2 Sockets, Fitted I/O Shield, 2.5GbE LAN, Wi-Fi 6E, 1x DisplayPort / 1x HDMI Port",GIGABYTE
B860 GAMING X WIFI6E,4719331866532,130.74,3,instock,yes,"Gigabyte B860 GAMING X WIFI6E Intel 1851 Socket Motherboard, ATX, 4x DDR5 Slots, 3x M.2 Sockets, Fitted I/O Shield, 2.5GbE LAN, Wi-Fi 6E, 1x DisplayPort / 1x HDMI / 1x USB-C (USB4)",GIGABYTE
B860I AORUS PRO ICE,4719331867539,155.36,10,instock,yes,"Gigabyte B860I AORUS PRO ICE Intel 1851 Socket Motherboard, Mini-ITX, 2x DDR5 Slots, 2x M.2 Sockets, Fitted I/O Shield, 2.5GbE LAN, Wi-Fi 7, 1x DisplayPort / 1x HDMI Port",GIGABYTE
B860M AORUS ELITE WIFI6E ICE,4719331867164,136.38,6,instock,yes,"Gigabyte B860M AORUS ELITE WIFI6E ICE Intel 1851 Socket Motherboard, Micro-ATX, 4x DDR5 Slots, 3x M.2 Sockets, Fitted I/O Shield, 2.5GbE LAN, Wi-Fi 6E, 1x DisplayPort / 1x HDMI / 1x USB-C (USB4)",GIGABYTE
B860M D3W,4719331880613,84.81,5,instock,yes,"Gigabyte B860M D3W Intel 1851 Socket Motherboard, Micro-ATX, 4x DDR5 Slots, 2x M.2 Sockets, GbE LAN, 2x DisplayPorts / 1x HDMI Port",GIGABYTE
B860M E GEN5,4719331879853,73.71,0,outofstock,yes,"Gigabyte B860M E GEN5 Intel 1851 Socket Motherboard, Micro-ATX, 2x DDR5 Slots, 2x M.2 Sockets, GbE LAN, 1x DisplayPort / 1x HDMI Port",GIGABYTE
B860M EAGLE V2,4719331869656,90.32,0,outofstock,yes,"Gigabyte B860M EAGLE V2 Intel 1851 Socket Motherboard, Micro-ATX, 2x DDR5 Slots, 2x M.2 Sockets, Fitted I/O Shield, 2.5GbE LAN, 1x DisplayPort / 1x HDMI Port",GIGABYTE
A520M S2H,4719331809720,39.85,0,outofstock,yes,"Gigabyte A520M S2H Ultra Durable AMD AM4 Socket Motherboard, Micro-ATX, 2x DDR4 Slots, 1x M.2 Socket, GbE LAN, 1x D-Sub / 1x DVI-D / 1x HDMI Port",GIGABYTE
A520M DS3H V2,4719331854690,43.18,34,instock,yes,"Gigabyte A520M DS3H V2 Ultra Durable AMD AM4 Socket Motherboard, Micro-ATX, 4x DDR4 Slots, 1x M.2 Socket, GbE LAN, 1x DisplayPort / 1x HDMI Port",GIGABYTE
B550 GAMING X V2,4719331810702,73.4,23,instock,yes,"Gigabyte B550 GAMING X V2 AMD AM4 Socket Motherboard, ATX, 4x DDR4 Slots, 2x M.2 Sockets, Fitted I/O Shield, GbE LAN, 1x DVI-D / 1x HDMI Port",GIGABYTE
B550I AORUS PRO AX,4719331809508,106.16,8,instock,yes,"Gigabyte B550I AORUS PRO AX AMD AM4 Socket Motherboard, Mini-ITX, 2x DDR4 Slots, 2x M.2 Sockets, Fitted I/O Shield, 2.5GbE LAN, Wi-Fi 6, 1x DisplayPorts / 2x HDMI Port",GIGABYTE
B550M AORUS ELITE,4719331809546,62.39,45,instock,yes,"Gigabyte B550M AORUS ELITE Ultra Durable AMD AM4 Socket Motherboard, Micro-ATX, 4x DDR4 Slots, 2x M.2 Sockets, Fitted I/O Shield, GbE LAN, 1x DVI-D / 1x HDMI Port",GIGABYTE
H610I,4719331855222,73.15,13,instock,yes,"Gigabyte H610I Intel 1700 Socket Motherboard, Mini-ITX, 2x DDR5 Slots, 1x M.2 Socket, GbE LAN, 1x D-Sub / 2x DisplayPort / 1x HDMI Port",GIGABYTE
H610I DDR4,4719331834562,74.84,16,instock,yes,"Gigabyte H610I DDR4 Ultra Durable Intel 1700 Socket Motherboard, Mini-ITX, 2x DDR4 Slots, 1x M.2 Socket, GbE LAN, 1x D-Sub / 2x DisplayPorts / 1x HDMI Port",GIGABYTE
H610M D3H WIFI DDR4,4719331843958,56.48,5,instock,yes,"Gigabyte H610M D3H WIFI DDR4 Intel 1700 Socket Motherboard, Micro-ATX, 2x DDR4 Slots, 2x M.2 Socket, GbE LAN, Wi-Fi 5, 1x HDMI Port",GIGABYTE
H610M D3W,4719331877804,52.77,5,instock,yes,"Gigabyte H610M D3W (Rev. 1.1) Intel 1700 Socket Motherboard, Micro-ATX, 2x DDR5 Slots, 1x M.2 Socket, GbE LAN, 1x DisplayPort / 1x HDMI Port",GIGABYTE
H610M D3W DDR4,4719331865245,50.24,9,instock,yes,"Gigabyte H610M D3W DDR4 Intel 1700 Socket Motherboard, Micro-ATX, 2x DDR4 Slots, 1x M.2 Socket, GbE LAN, 1x DisplayPort / 1x HDMI Port",GIGABYTE
H610M D3W WIFI6,4719331877781,62.3,12,instock,yes,"Gigabyte H610M D3W WIFI6 (Rev. 1.1) Intel 1700 Socket Motherboard, Micro-ATX, 2x DDR5 Slots, 1x M.2 Socket, GbE LAN, WiFi 6, 1x DisplayPort / 1x HDMI Port",GIGABYTE
H610M H V2,4719331859985,46.55,2,instock,yes,"Gigabyte H610M H V2 (Rev. 1.0) Intel 1700 Socket Motherboard, Micro-ATX, 2x DDR5 Slots, 1x M.2 Socket, GbE LAN, 1x D-Sub / 1x HDMI Port",GIGABYTE
H610M H V3 DDR4,4719331859718,43.12,0,outofstock,yes,"Gigabyte H610M H V3 DDR4 Ultra Durable Intel 1700 Socket Motherboard, Micro-ATX, 2x DDR4 Slots, 1x M.2 Socket, GbE LAN, 1x D-Sub / 1x HDMI Port",GIGABYTE
H610M K DDR4,4719331851675,40.55,10,instock,yes,"Gigabyte H610M K DDR4 Ultra Durable Intel 1700 Socket Motherboard, Micro-ATX, 2x DDR4 Slots, 1x M.2 Socket, GbE LAN, 1x HDMI Port",GIGABYTE
H610M K V2,4719331860134,43.24,17,instock,yes,"Gigabyte H610M K V2 DDR5 Anti-Sulfur Resistor Intel 1700 Socket Motherboard, Micro-ATX, 2x DDR5 Slots, 1x M.2 Socket, GbE LAN, 1x DisplayPort / 1x HDMI Port",GIGABYTE
H610M S2H V2,4719331859817,39.79,135,instock,yes,"Gigabyte H610M S2H V2 Intel 1700 Socket Motherboard, Micro-ATX, 2x DDR5 Slots, 1x M.2 Socket, GbE LAN, 1x D-Sub / 2x DisplayPorts / 1x HDMI Port",GIGABYTE
H610M S2H V3 DDR4,4719331859732,44.95,0,outofstock,yes,"Gigabyte H610M S2H V3 DDR4 Ultra Durable Intel 1700 Socket Motherboard, Micro-ATX, 2x DDR4 Slots, 1x M.2 Socket, GbE LAN, 1x D-Sub / 2x DisplayPorts / 1x HDMI Port",GIGABYTE
H810M GAMING WIFI6,4719331869090,79.94,18,instock,yes,"Gigabyte H810M GAMING WIFI6 Intel 1851 Socket Motherboard, Micro-ATX, 2x DDR5 Slots, 1x M.2 Socket, Fitted I/O Shield, 2.5GbE LAN, Wi-Fi 6, 1x DisplayPort / 1x HDMI Port",GIGABYTE
H810M H,4719331869540,59.51,5,instock,yes,"Gigabyte H810M H Intel 1851 Socket Motherboard, Micro-ATX, 2x DDR5 Slots, 1x M.2 Socket, GbE LAN, 1x D-Sub / 1x HDMI Port",GIGABYTE
H810M K,4719331868697,58.49,0,outofstock,yes,"Gigabyte H810M K Intel 1851 Socket Motherboard, Micro ATX, 2x DDR5 Slots, 1x M.2 Socket, GbE LAN, 1x DisplayPort / 1x HDMI Port",GIGABYTE
H810M S2H,4719331869168,63.67,25,instock,yes,"Gigabyte H810M S2H Intel 1851 Socket Motherboard, Micro-ATX, 2x DDR5 Slots, 1x M.2 Socket, GbE LAN, 1x D-Sub / 1x DisplayPort / 1x HDMI Port",GIGABYTE
TRX50 AI TOP-2B,4719331868529,653.05,0,outofstock,yes,"Gigabyte TRX50 AI TOP AMD sTR5 Socket Motherboard, E-ATX, 8x DDR5 Slots, 4x M.2 Sockets, Fitted I/O Shield, 2x 10GbE LAN, Wi-Fi 7, 1x DisplayPort / 1x USB-C (USB4)",GIGABYTE
X870 A ELITE WIFI7,4719331864811,204.69,31,instock,yes,"Gigabyte X870 AORUS ELITE WIFI7 AMD AM5 Socket Motherboard, ATX, 4x DDR5 Slots, 4x M.2 Sockets, Fitted I/O Shield, 2.5GbE LAN, Wi-Fi 7, 1x HDMI Port / 2x USB-C (USB4)",GIGABYTE
X870 A ELITE WF7 ICE,4719331864682,202.98,11,instock,yes,"Gigabyte X870 AORUS ELITE WIFI7 ICE AMD AM5 Socket Motherboard, ATX, 4x DDR5 Slots, 4x M.2 Sockets, Fitted I/O Shield, 2.5GbE LAN, Wi-Fi 7, 1x HDMI Port / 2x USB-C (USB4)",GIGABYTE
X870E AORUS ELITE X3D,4719331876470,244.59,4,instock,yes,"Gigabyte X870E AORUS ELITE X3D AMD AM5 Socket Motherboard, ATX, 4x DDR5 Slots, 4x M.2 Sockets, Fitted I/O Shield, 5GbE LAN, Wi-Fi 7, 1x HDMI Port / 2x USB-C (USB4)",GIGABYTE
X870 AORUS ELITE X3D ICE,4719331876678,202.87,6,instock,yes,"Gigabyte X870 AORUS ELITE X3D ICE AMD AM5 Socket Motherboard, ATX, 4x DDR5 Slots, 4x M.2 Socket, 5GbE LAN, Wi-Fi 7, 1x HDMI Port / 2x USB-C (USB4)",GIGABYTE
X870E AORUS MASTER X3D,4719331878894,355.2,0,outofstock,yes,"Gigabyte X870E AORUS MASTER X3D AMD AM5 Socket Motherboard, ATX, 4x DDR5 Slots, 5x M.2 Sockets, Fitted I/O Shield, 10GbE LAN, Wi-Fi 7, 1x HDMI Port / 2x USB-C (USB4)",GIGABYTE
X870E AORUS MASTER X3D ICE,4719331876517,353.21,13,instock,yes,"Gigabyte X870E AORUS MASTER X3D ICE AMD AM5 Socket Motherboard, ATX, 4x DDR5 Slots, 5x M.2 Sockets, Fitted I/O Shield, 10GbE LAN, Wi-Fi 7, 1x HDMI Port / 2x USB-C (USB4)",GIGABYTE
X870 AORUS STEALTH ICE,4719331873097,236.67,6,instock,yes,"Gigabyte X870 AORUS STEALTH ICE AMD AM5 Socket Motherboard, ATX, 4x DDR5 Slots, 4x M.2 Socket, 5GbE LAN, Wi-Fi 7, 1x HDMI Port / 2x USB-C (USB4)",GIGABYTE
X870E AORUS PRO X3D,4719331878603,268.82,0,outofstock,yes,"Gigabyte X870E AORUS PRO X3D AMD AM5 Socket Motherboard, ATX, 4x DDR5 Slots, 4x M.2 Sockets, Fitted I/O Shield, 5GbE LAN, Wi-Fi 7, 1x HDMI Port / 2x USB-C (USB4)",GIGABYTE
X870E AORUS PRO X3D ICE,4719331876487,268.82,3,instock,yes,"Gigabyte X870E AORUS PRO X3D ICE AMD AM5 Socket Motherboard, ATX, 4x DDR5 Slots, 4x M.2 Sockets, Fitted I/O Shield, 5GbE LAN, Wi-Fi 7, 1x HDMI Port / 2x USB-C (USB4)",GIGABYTE
X870 AORUS STEALTH,4719331878801,243.48,12,instock,yes,"Gigabyte X870 AORUS STEALTH AMD AM5 Socket Motherboard, ATX, 4x DDR5 Slots, 4x M.2 Socket, 5GbE LAN, Wi-Fi 7, 1x HDMI Port / 2x USB-C (USB4)",GIGABYTE
X870E AERO X3D WOOD,4719331878481,285.49,6,instock,yes,"Gigabyte X870E AERO X3D WOOD AMD AM5 Socket Motherboard, ATX, 4x DDR5 Slots, 4x M.2 Sockets, Fitted I/O Shield, 2x 5GbE LAN, Wi-Fi 7, 1x HDMI Port / 2x USB-C (USB4)",GIGABYTE
X870E AORUS ELITE WIFI7,4719331864613,216.19,31,instock,yes,"Gigabyte X870E AORUS ELITE WIFI7 AMD AM5 Socket Motherboard, ATX, 4x DDR5 Slots, 4x M.2 Sockets, Fitted I/O Shield, 2.5GbE LAN, Wi-Fi 7, 1x HDMI Port / 2x USB-C (USB4)",GIGABYTE
X870E A ELITE WF7 ICE,4719331871529,212.1,9,instock,yes,"Gigabyte X870E AORUS ELITE WIFI7 ICE AMD AM5 Socket Motherboard, ATX, 4x DDR5 Slots, 4x M.2 Sockets, Fitted I/O Shield, 2.5GbE LAN, Wi-Fi 7, 1x HDMI Port / 2x USB-C (USB4)",GIGABYTE
X870E AERO X3D DARK WOOD,4719331880637,299.85,20,instock,yes,"Gigabyte X870E AERO X3D DARK WOOD AMD AM5 Socket Motherboard, ATX, 4x DDR5 Slots, 4x M.2 Sockets, Fitted I/O Shield, 2x 5GbE LAN, Wi-Fi 7, 1x HDMI Port / 2x USB-C (USB4)",GIGABYTE
X870E AORUS MASTER,4719331864354,299.63,5,instock,yes,"Gigabyte X870E AORUS MASTER AMD AM5 Socket Motherboard, ATX, 4x DDR5 Slots, 4x M.2 Sockets, Fitted I/O Shield, 5GbE LAN, Wi-Fi 7, 1x HDMI Port / 2x USB-C (USB4)",GIGABYTE
X870E EAGLE WIFI7,4719331880200,180.67,7,instock,yes,"Gigabyte X870E EAGLE WIFI7 AMD AM5 Socket Motherboard, ATX, 4x DDR5 Slots, 4x M.2 Socket, Fitted I/O Shield, 5GbE LAN, Wi-Fi 7, 1x HDMI Port / 2x USB-C (USB4)",GIGABYTE
X870 EAGLE WIFI7,4719331864996,143.1,21,instock,yes,"Gigabyte X870 EAGLE WIFI7 AMD AM5 Socket Motherboard, ATX, 4x DDR5 Slots, 3x M.2 Sockets, Fitted I/O Shield, 2.5GbE LAN, Wi-Fi 7, 1x HDMI Port / 2x USB-C (USB4)",GIGABYTE
X870E EAGLE X3D WIFI7,4719331879532,212.91,5,instock,yes,"Gigabyte X870E EAGLE X3D WIFI7 AMD AM5 Socket Motherboard, ATX, 4x DDR5 Slots, 4x M.2 Sockets, Fitted I/O Shield, 5GbE LAN, Wi-Fi 7, 1x HDMI Port / 2x USB-C (USB4)",GIGABYTE
X870 GAMING WIFI6,4719331865399,135.19,0,outofstock,yes,"Gigabyte X870 GAMING WIFI6 AMD AM5 Socket Motherboard, ATX, 4x DDR5 Slots, 3x M.2 Sockets, Fitted I/O Shield, 2.5GbE LAN, Wi-Fi 6, 1x HDMI Port / 1x USB-C (USB4)",GIGABYTE
X870 GAMING X WIFI7,4719331865368,171.59,6,instock,yes,"Gigabyte X870 GAMING X WIFI7 AMD AM5 Socket Motherboard, ATX, 4x DDR5 Slots, 3x M.2 Socket, Fitted I/O Shield, 2.5GbE LAN, Wi-Fi 7, 1x HDMI Port / 1x USB-C (USB4)",GIGABYTE
X870I AORUS PRO ICE,4719331866112,204.1,0,outofstock,yes,"Gigabyte X870I AORUS PRO ICE AMD AM5 Socket Motherboard, Mini-ITX, 2x DDR5 Slots, 2x M.2 Sockets, Fitted I/O Shield, 2.5GbE LAN, Wi-Fi 7, 1x HDMI Port / 1x USB-C (USB4)",GIGABYTE
Z790 AORUS ELITE AX,4719331849467,155.3,0,outofstock,yes,"Gigabyte Z790 AORUS ELITE AX Intel 1700 Socket Motherboard, ATX, 4x DDR5 Slots, 4x M.2 Sockets, Fitted I/O Shield, 2.5GbE LAN, Wi-Fi 6E, 1x DisplayPort / 1x HDMI Port",GIGABYTE
Z790 D,4719331861186,106.29,0,outofstock,yes,"Gigabyte Z790 D Ultra Durable Intel 1700 Socket Motherboard, ATX, 4x DDR5 Slots, 3x M.2 Sockets, 2.5GbE LAN, 1x DisplayPort / 1x HDMI Port",GIGABYTE
Z790 D AX,4719331860592,123.37,11,instock,yes,"Gigabyte Z790 D AX Ultra Durable Intel 1700 Socket Motherboard, ATX, 4x DDR5 Slots, 3x M.2 Sockets, 2.5GbE LAN, Wi-Fi 6E, 1x DisplayPort / 1x HDMI Port",GIGABYTE
Z790 EAGLE AX,4719331860998,135.58,2,instock,yes,"Gigabyte Z790 EAGLE AX Intel 1700 Socket Motherboard, ATX, 4x DDR5 Slots, 3x M.2 Sockets, Fitted I/O Shield, 2.5GbE LAN, Wi-Fi 6E, 1x DisplayPort / 1x HDMI Port",GIGABYTE
Z890 A ELITE WIFI7,4719331864507,194.05,12,instock,yes,"Gigabyte Z890 AORUS ELITE WIFI7 Intel 1851 Socket Motherboard, ATX, 4x DDR5 Slots, 4x M.2 Sockets, Fitted I/O Shield, 2.5GbE LAN, Wi-Fi 7, 1x DisplayPort / 1x USB-C (USB4)",GIGABYTE
Z890 AORUS ELITE WIFI7 ICE,4719331865221,192.28,18,instock,yes,"Gigabyte Z890 AORUS ELITE WIFI7 ICE Intel 1851 Socket Motherboard, ATX, 4x DDR5 Slots, 4x M.2 Sockets, Fitted I/O Shield, 2.5GbE LAN, Wi-Fi 7, 1x DisplayPort / 1x USB-C (USB4)",GIGABYTE
Z890 AORUS ELITE WIFI7 PLUS,4719331880798,196.21,9,instock,yes,"Gigabyte Z890 AORUS ELITE WIFI7 PLUS Intel 1851 Socket Motherboard, ATX, 4x DDR5 Slots, 4x M.2 Sockets, Fitted I/O Shield, 5GbE LAN, Wi-Fi 7, 1x DisplayPort / 1x USB-C (USB4)",GIGABYTE
Z890 AORUS MASTER,4719331864903,350.15,24,instock,yes,"Gigabyte Z890 AORUS MASTER Intel 1851 Socket Motherboard, ATX, 4x DDR5 Slots, 5x M.2 Sockets, Fitted I/O Shield, 10GbE LAN, Wi-Fi 7, 2x USB-C (USB4)",GIGABYTE
Z890 AORUS PRO ICE,4719331864712,215.47,5,instock,yes,"Gigabyte Z890 AORUS PRO ICE Intel 1851 Socket Motherboard, ATX, 4x DDR5 Slots, 5x M.2 Sockets, Fitted I/O Shield, 5GbE LAN, Wi-Fi 7, 2x USB-C (USB4)",GIGABYTE
Z890 D PLUS,4719331880644,137.1,7,instock,yes,"Gigabyte Z890 D PLUS Intel 1851 Socket Motherboard, ATX, 4x DDR5 Slots, 4x M.2 Sockets, Fitted I/O Shield, 2.5GbE LAN, 1x DisplayPort",GIGABYTE
Z890 EAGLE WIFI7 PLUS,4719331880842,171.32,8,instock,yes,"Gigabyte Z890 EAGLE WIFI7 PLUS Intel 1851 Socket Motherboard, ATX, 4x DDR5 Slots, 4x M.2 Sockets, Fitted I/O Shield, 2.5GbE LAN, Wi-Fi 7, 1x DisplayPort / 1x USB-C (USB4)",GIGABYTE
Z890 GAMING X WIFI7,719331864941,164.58,5,instock,yes,"Gigabyte Z890 GAMING X WIFI7 Intel 1851 Socket Motherboard, ATX, 4x DDR5 Slots, 4x M.2 Sockets, 2x USB-C Port, Fitted I/O Shield, 2.5GbE LAN, Wi-Fi 7, 1x DisplayPort / 1x HDMI / 1x USB-C (USB4)",GIGABYTE
Z890 UD WIFI6E,719331865313,137.34,1,instock,yes,"Gigabyte Z890 UD WIFI6E Ultra Durable Intel 1851 Socket Motherboard, ATX, 4x DDR5 Slots, 3x M.2 Sockets, 2.5GbE LAN, Wi-Fi 6E, 1x DisplayPort / 1x USB-C (USB4)",GIGABYTE
BTM-001,5053118080681,2.24,190,instock,yes,"Evo Labs BTM-001 Bluetooth Mouse, 800 DPI Optical Tracking, Full Size, 3 Button with Scroll Wheel, Ambidextrous Design, Matte Black",EVO LABS
MO-001,5053118936094,0.81,5901,instock,yes,"Evo Labs MO-001 Wired USB Mini Plug and Play Mouse, 800 DPI Optical Tracking, 3 Button with Scroll Wheel,  Ambidextrous Design for PC / Mac / Laptop, Matte Black",EVO LABS
MO-128,5053118952407,1.95,977,instock,yes,"Evo Labs MO-128 Wired USB Plug and Play Mouse, 800 DPI Optical Tracking, 3 Button with Scroll Wheel,  Ambidextrous Design, Matte Black",EVO LABS
MO-234W BLACK,5053118586930,1.65,547,instock,yes,"Evo Labs MO-234WBLK Wireless Mouse, 2.4GHz with USB Mini Receiver, 800 DPI Optical Tracking, Ambidextrous Design for PC / Mac / Laptop, Gloss Black",EVO LABS
31010116100,4710268251477,2.78,2343,instock,yes,"Genius DX-110 Wired USB Plug and Play Mouse, 1000 DPI Optical Tracking, 3 Button with Scroll Wheel, Ambidextrous Design with 1.5m Cable, Black",GENIUS
31010116106,4710268251552,2.44,281,instock,yes,"Genius DX-110 Wired PS2 Plug and Play Mouse, 1000 DPI Optical Tracking, 3 Button with Scroll Wheel, Ambidextrous Design with 1.5m Cable, Black",GENIUS
31010116103,4710268251491,2.58,457,instock,yes,"Genius DX-110 Wired USB Plug and Play Mouse, 1000 DPI Optical Tracking, 3 Button with Scroll Wheel, Ambidextrous Design with 1.5m Cable, Blue",GENIUS
31010028400,4710268262282,2.43,19,instock,yes,"Genius DX-110 Wired USB-Type C Plug and Play Mouse, 1000 DPI Optical Tracking, 3 Button with Scroll Wheel, Ambidextrous Design with 1.5m Cable, Black",GENIUS
31010116104,0767261221147,2.78,146,instock,yes,"Genius DX-110 Wired USB Plug and Play Mouse, 1000 DPI Optical Tracking, 3 Button with Scroll Wheel, Ambidextrous Design with 1.5m Cable, Red",GENIUS
31010116102,4710268251484,2.78,404,instock,yes,"Genius DX-110 Wired USB Plug and Play Mouse, 1000 DPI Optical Tracking, 3 Button with Scroll Wheel, Ambidextrous Design with 1.5m Cable, White",GENIUS
31010029400,4710268262299,2.68,216,instock,yes,"Genius DX-120 Wired USB Type-C Plug and Play Mouse, 1200 DPI Optical Tracking, 3 Button with Scroll Wheel, Ambidextrous Design with 1.5m Cable, Black",GENIUS
31030050400,31030050400,10.64,81,instock,yes,"GENIUS Ergo 8230S Easy Ergonomic Wireless Silent Mouse, 2.4 GHz wireless, 6 buttons, Quiet click, less noise, DPI button: 800 / 1200 / 1600 (default) dpi - Black",GENIUS
31030041400,4710268262015,12.25,213,instock,yes,"Genius Ergo 8350S Wireless Ergonomic Vertical Mouse, Blutooth & 2.4 GHz, Adjustable DPI levels up to 2400 DPI, 5 Button with Scroll Wheel, Dark Grey",GENIUS
31030027400,4710268259770,4.73,1934,instock,yes,"Genius NX-7000 Wireless Mouse, 2.4 GHz with USB Pico Receiver, Adjustable DPI levels up to 1200 DPI, 3 Button with Scroll Wheel, Ambidextrous Design, Black",GENIUS
31030027402,4710268259794,4.78,398,instock,yes,"Genius NX-7000 Wireless Mouse, 2.4 GHz with USB Pico Receiver, Adjustable DPI levels up to 1200 DPI, 3 Button with Scroll Wheel, Ambidextrous Design, Blue",GENIUS
31030027403,4710268259800,4.73,251,instock,yes,"Genius NX-7000 Wireless Mouse, 2.4 GHz with USB Pico Receiver, Adjustable DPI levels up to 1200 DPI, 3 Button with Scroll Wheel, Ambidextrous Design, Red",GENIUS
31030027401,4710268259787,4.73,514,instock,yes,"Genius NX-7000 Wireless Mouse, 2.4 GHz with USB Pico Receiver, Adjustable DPI levels up to 1200 DPI, 3 Button with Scroll Wheel, Ambidextrous Design, White",GENIUS
31030043400,4710268262503,4.17,519,instock,yes,"Genius NX-7123 Copilot AI Wireless Mouse, 2.4 GHz with USB Receiver, 1200 DPI, 4 Button with Scroll Wheel, Ambidextrous Design, Black",GENIUS
31030042400,4710268262466,8.75,150,instock,yes,"Genius AI Copilot Wireless Bluetooth Silent Mouse, Blutooth & 2.4 GHz, Adjustable DPI levels up to 16000 DPI, 7 Button with Scroll Wheel, Black",GENIUS
910-001793,5053313884855,4.19,78,instock,yes,"Logitech M90 Wired USB Mouse, 3-Buttons, 1000dpi and Optical Tracking, Ambidextrous Design for PC, Mac and Laptop, Black",LOGITECH
910-002201,5099206027169,10.19,5,instock,yes,Logitech M235 Black and Grey Wireless Compact Design Optical Mouse,LOGITECH
910-002239,5099206028852,9.69,0,outofstock,yes,"Logitech M185 Wireless Mouse, 2.4GHz with USB Mini Receiver, 12-Month Battery Life, 1000 DPI Optical Tracking, Ambidextrous, Compatible with PC, Mac, Laptop, Black and Blue",LOGITECH
910-002240,5099206028845,9.69,0,outofstock,yes,"Logitech M185 Wireless Mouse, 2.4GHz with USB Mini Receiver, 12-Month Battery Life, 1000 DPI Optical Tracking, Ambidextrous, Compatible with PC, Mac, Laptop, Red and Black",LOGITECH
910-003357,5099206041271,4.05,216,instock,yes,"Logitech B100 Wired USB Mouse, 3-Buttons, 1000dpi and Optical Tracking, Ambidextrous Design for PC, Mac and Laptop, Black",LOGITECH
910-004424,5099206062856,8.95,4,instock,yes,"Logitech Wireless Mouse M171, Compact Ambidextrous Curve Design, 12-Month Battery, 2.4 GHz wireless connection, Black",LOGITECH
910-005905,5099206091825,7.84,0,outofstock,yes,"Logitech Wireless Mouse M190, Full Size Ambidextrous Curve Design, 18-Month Battery with Power Saving Mode, USB Receiver, Precise Cursor Control with Wide Scroll Wheel and Scooped Buttons, Black",LOGITECH
G950-BK,6932391913222,7.88,261,instock,yes,Marvo Scorpion G950 Niro 40 USB RGB Programmable Gaming Mouse (Black),MARVO
G950-WH,6932391934548,8.4,0,outofstock,yes,Marvo Scorpion G950 Niro 40 USB RGB Programmable Gaming Mouse (White),MARVO
G964W-BK,6932391936962,10.54,566,instock,yes,Marvo Scorpion G964W Niro 60 Wireless and Bluetooth USB-C Rechargeable Gaming Mouse (Black),MARVO
G964W-WH,6932391936986,11.41,365,instock,yes,Marvo Scorpion G964W Niro 60 Wireless and Bluetooth USB-C Rechargeable Gaming Mouse (White),MARVO
M292-BK,6932391934531,3.87,523,instock,yes,Marvo Scorpion M292 Capo 20 USB RGB Programmable Gaming Mouse (Black),MARVO
M292-WH,6932391934524,4.26,212,instock,yes,Marvo Scorpion M292 Capo 20 USB RGB Programmable Gaming Mouse (White),MARVO
M360,6932391932728,5.98,535,instock,yes,Marvo Scorpion M360 Tepo 70 RGB Adjustable DPI Gaming Mouse,MARVO
M368,6932391940860,6.18,139,instock,yes,"MARVO Duke 50 M368 Wired Gaming Mouse, 6 DPI levels (800 - 12800), 1000Hz Polling Rate, 13 Mode RGB Backlighting, 68g",MARVO
M368W,6932391940853,9.28,135,instock,yes,"MARVO Duke 50 M368W Wireless Gaming Mouse, Tri-Mode Connectivity USB, 2.4GHz & Bluetooth, 6 DPI levels (800 - 12800), 1000Hz Polling Rate, 13 Mode RGB Backlighting, 79g",MARVO
M411,6932391930090,6.51,609,instock,yes,Marvo Scorpion M411 Duke 60 USB RGB Programmable Gaming Mouse (Black),MARVO
TWAC-EXEWH,684753195024,23.8,22,instock,yes,Tecware Exo Elite Lightweight 16000dpi RGB USB Gaming Mouse White,TECWARE
TWAC-PULEL-BKWH,810072522795,32.73,0,outofstock,yes,Tecware Pulse Elite Lightweight RGB Wireless Gaming Mouse with Interchangeable Black & White Honeycomb Shells included,TECWARE
90LXA130-A0E1A0V,4711581491748,93.71,28,instock,yes,"ASRock Phantom Gaming PG27FFS2E-W 27 Inch FHD (1920 x 1080) Flat IPS Gaming Monitor, 240Hz, 1ms (MPRT) Response Time, 2 x HDMI 2.1; 1 x DisplayPort 1.2, 2 x 2W Speakers, Tilt, Swivel, Height, Pivot Adjustment - White",ASROCK
90LXA0C0-A0E1A0V,4710483946189,74.48,4,instock,yes,"ASRock Phantom Gaming PG27FFT1A  27 Inch FHD (1920 x 1080) IPS Gaming Monitor, 180Hz 1ms (MPRT) Response Time, 2 x HDMI 2.0, 1 x DisplayPort 1.2, With Speakers",ASROCK
90LXA0D0-A0E1A0V,4710483946042,78.07,21,instock,yes,"ASRock Phantom Gaming PG27FFT1B 27 Inch FHD (1920 x 1080) IPS Gaming Monitor, 180Hz 1ms (MPRT) Response Time, 2 x HDMI 2.0, 1 x DisplayPort 1.2, with Speakers",ASROCK
90LXA0L0-A0E0A0J,4710483947186,173.4,28,instock,yes,"ASRock Phantom Gaming PG27FFX1B 27 Inch FHD (1920 x 1080) Flat IPS Gaming Monitor, 520Hz Refresh Rate 1ms Response Time, 2 x HDMI 2.1, 1 x DisplayPort 1.4, 2 x USB 3.2 Gen1 Type-A, 1 x USB 3.2 Gen1 Type-B, 1 x Headphone Out",ASROCK
90LXA0G0-A0E1A0V,4710483945625,83.3,11,instock,yes,"ASRock Phantom Gaming PG27FRS1A 27 Inch FHD (1920 x 1080) VA Curved (1500R) Gaming Monitor, 280Hz 1ms (MPRT) Response Time, 2 x HDMI 2.0, 1 x DisplayPort 1.4, Headphone Out, Tilt, Swivel Adjustment",ASROCK
90LXA0A0-A0E0A0J,4710483944864,105.11,0,outofstock,yes,"ASRock Phantom Gaming PG27QFT1B 27 Inch QHD (2560 x 1440) IPS Gaming Monitor, 180Hz 1ms (MPRT) Response Time, 2 x HDMI 2.0, 1 x DisplayPort 1.4",ASROCK
90LXA0T0-A0E0A0J,4711581492110,227.66,28,instock,yes,"ASRock Phantom Gaming PG27QFW2A 27 Inch QHD (2560 x 1440) IPS Gaming Monitor, 400Hz 1ms (MPRT) Response Time, 2 x HDMI 2.0, 1 x DisplayPort 1.4, Height Adjustable",ASROCK
90LXA0F0-A0E1A0V,4710483945762,84.1,15,instock,yes,"ASRock Phantom Gaming PG27QRT1B 27 Inch QHD (2560 x 1440) Curved 1500R VA Gaming Monitor, 180Hz 1ms (MPRT) Response Time, 2 x HDMI 2.0, 1 x DisplayPort 1.4, 1 x Headphone Out",ASROCK
90LXA0E0-A0E1A0V,4710483945908,107.7,20,instock,yes,"ASRock Phantom Gaming PG27QRT2A 27 Inch QHD (2560 x 1440) Curved (1500R) VA Gaming Monitor, 180Hz 1ms (MPRT) Response Time, 2 x HDMI 2.0, 1 x DisplayPort 1.4, with Speakers, Integrated Wi-Fi Antena (Compatible with Wi-Fi 4/5/6/6E/7)",ASROCK
90LXA0J0-A0E1A0V,4710483945342,255.9,0,outofstock,yes,"ASRock Phantom Gaming PG34QRT3A 34 Inch, WQHD 3440x1440, Curved Gaming Monitor, 180Hz 1ms (MPRT) Response Time, 2 x HDMI 2.0, 2 x DisplayPort 1.4, 1 x USB3.2 Gen1x1 Type-B, 4 x USB3.2 Gen1x1 Type-A, 1 x Headphone Out, Integrated Wi-Fi Antenna",ASROCK
90LXA0Q0-A0E1A0V,4710483947599,415.03,17,instock,yes,"ASRock Phantom Gaming PGO27QFV 27 Inch QHD (2560 x 1440) Flat QD-OLED Gaming Monitor, 360Hz 0.03ms (GTG) Response Time, 2 x HDMI 2.1; 1 x DisplayPort 1.4, 1 x Type-C (DP Alt Mode / PD 15W), Height, Swivel, Tilt Adjustment, Integrated Wi-Fi Antenna",ASROCK
90LXA0N0-A0E1A0C,4710483947872,552.84,16,instock,yes,"ASRock Phantom Gaming PGO32UFS 32 Inch 4K/ UHD (3840 x 2160) Flat WOLED Gaming Monitor, 240Hz 0.03ms (GTG) Response Time, 2 x HDMI 2.1; 1 x DisplayPort 1.4, 1 x Type-C (DP Alt Mode / PD 15W), Height, Swivel, Tilt Adjustment, Integrated Wi-Fi Antenna (Comp",ASROCK
G2245HSU-B2,4948570124688,54.35,10,instock,yes,"iiyama G-MASTER G2245HSU-B2 22 inch IPS Gaming Monitor, Full HD, 1ms, HDMI, DisplayPort, USB Hub, Freesync, 100Hz, Speakers, Black, Internal PSU, VESA",IIYAMA
G2441HSU-B1,4948570126316,64.44,6,instock,yes,"iiyama G-Master Black Hawk gaming monitor G2441HSU-B1 24"" Black, IPS, Ultra Slim Bezel, Full HD, 144Hz, 1ms, FreeSync, HDMI, Display Port, USB Hub",IIYAMA
G2771QS-B1,4948570126576,118.17,8,instock,yes,"iiyama G-Master Red Eagle gaming monitor G2771QS-B1 27"" Black, Ultra Slim Bezel, QHD Resolution, IPS, 200Hz, 0.5ms, Nvidia G-Sync, HDMI, Display Port, Black Tuner",IIYAMA
GB2795HSU-B1,4948570124428,119.98,11,instock,yes,"iiyama G-MASTER GB2795HSU-B1 27 inch Monitor, Full HD, 0.2ms, HDMI, DisplayPort, HDCP, USB Hubx4, Freesync, 280Hz, Speakers, Black, Internal PSU, Height Adjust, Pivot, VESA",IIYAMA
GB2591HSU-B1,4948570125562,110.2,2,instock,yes,"iiyama G-Master GB2591HSU-B1 24.5-Inch Fast IPS LCD, 1920x1080, up to 320Hz, 350 cd/m2 Brightness, 0.4ms MPRT , 2 x HDMI 2.1 + 1 x DP, USB Hub 2x USB 3.2 + 2x USB-C, G-SYNC Compatible/FreeSync Premium, HDR10, 2x2W Speakers, Aux, Height Adjustable Stand",IIYAMA
GB2741HSU-B1,4948570126347,92.55,1,instock,yes,"iiyama G-Master Black Hawk gaming monitor GB2741HSU-B1 27"" Black, Height Adjustable, IPS, Ultra Slim Bezel, Full HD, 144Hz, 1ms, FreeSync, HDMI, Display Port, USB Hub",IIYAMA
GB2771QSU-B1,4948570126514,130.85,9,instock,yes,"iiyama G-Master Red Eagle gaming monitor GB2771QSU-B1 27"" Black, Height Adjustable, QHD Resolution, Ultra Slim Bezel, IPS, 200Hz, 0.5ms, Nvidia G-Sync, HDMI, Display Port, USB Hub",IIYAMA
GB3272QSU-B1,4948570127115,153.48,2,instock,yes,"iiyama G-Master Red Eagle gaming monitor GB3272QSU-B1 32"" Black, 2560 x 1440, 0.5ms, 180hz, Nvidia G-Sync, HDMI, DisplayPort, Height Adjustable, PIP and PBP",IIYAMA
GCB3280QSU-B2,4948570125388,191.49,7,instock,yes,"iiyama G-Master GCB3280QSU-B2  Red Eagle 32 Inch Curved Gaming Monitor, Black, 2560x1440, 0.2ms, 180hz, FreeSync, HDMI, Display Port, USB Hub, Speakers, Int PSU, Height Adjustable, Swivel, VESA",IIYAMA
T2252MSC-B2,4948570121809,166.49,5,instock,yes,"iiyama PROLITE T2252MSC-B2 21.5 Inch 10 Point Touchscreen IPS Monitor, Full HD, 5ms, USB Hub, HDMI, DisplayPort, Speakers, Black, Internal PSU, VESA",IIYAMA
XUB2293HSU-B7,4948570124572,72.51,5,instock,yes,"iiyama PROLITE XUB2293HSU-B7 22 inch IPS Monitor, Full HD, 1ms, USB Hub, HDMI, DisplayPort, Freesync, 100Hz, Speakers, Black, Internal PSU, VESA, Height Adjustable, Pivot",IIYAMA
X2492HSU-B1,4948570126156,80.85,8,instock,yes,"iiyama ProLite monitor X2492HSU-B1 24-Inch, Full HD, IPS, 120Hz, Black, 4-side slim bezel and B energy class, HDMI, Display Port, USB Hub",IIYAMA
X2493HSU-B1,4948570126606,73.04,13,instock,yes,"iiyama ProLite X2493HSU-B1 computer monitor 60.5 cm (23.8"") 1920 x 1080 pixels Full HD LED Black",IIYAMA
X3270QSU-B1,4948570123643,153.23,8,instock,yes,"iiyama PROLITE X3270QSU-B1 32 Inch IPS Monitor, Black, 2560x1440, 3ms, 100hz, FreeSync, HDMI, Display Port, USB Hub, Speakers, Int PSU, VESA",IIYAMA
XB2492HSU-B1,4948570126187,92.22,17,instock,yes,"Iiyama ProLite 24-Inch 120Hz Full HD IPS Height Adjustable Monitor with Slim Bezel, HDMI, DisplayPort & USB Hub",IIYAMA
XB2493HSU-B1,4948570126620,88.3,2,instock,yes,"iiyama PROLITE XB2493HSU-B1 24 inch IPS Monitor, Full HD, 1ms, USB Hubx2, HDMI, DisplayPort, Freesync, 120Hz, Speakers, Black, ACR, Internal PSU, VESA, Height Adjustable",IIYAMA
XB2497HSN-B1,4948570125890,122.34,22,instock,yes,"iiyama XB2497HSN-B1 24"" IPS LCD USB-C Dock Display with 65W Charging, 4ms (1ms MPRT, Full HD 1920x1080, 350 cd/m2 Brightness, RJ45, 1x HDMI,1 x DisplayPort In, 1 x DP-OUT(MST), USB Hub 2x USB 3.0 + 2x USB-C (7.5W), 2W Speakers, Height Adjustable Stand, TU",IIYAMA
XB2792HSU-B1,4948570126194,109.78,11,instock,yes,"iiyama XB2792HSU-B1 27-Inch Eco IPS LCD, 120Hz, 1ms, Eyesafe & EyeComfort Certified, 1920x1080, 300 cd/m (2) Brightness, 1x HDMI,1 x DisplayPort, 2 x USB, 2 x 2W Speakers, TCO10, TUV-GS, Epeat Silver, Height Adjustable Stand",IIYAMA
XB2797HSN-B1,4948570125913,136.84,10,instock,yes,"iiyama PROLITE XB2797HSN-B1 27 inch IPS Monitor, Full HD, 1ms, HDMI, DisplayPort, Freesync, 100Hz, Speakers, Black, Internal PSU",IIYAMA
XB3270QSU-B1,4948570123643,164.13,1,instock,yes,"iiyama PROLITE XB3270QSU-B1 32 inch IPS Monitor, WQHD, 3ms, HDMI, DisplayPort, USB Hub, Freesync, 100Hz, Speakers, Black, Internal PSU, Height Adjustable, VESA",IIYAMA
XCB3497WQSNP-B1,4948570125142,238.3,2,instock,yes,"iiyama ProLite Curved Monitor XCB3497WQSNP-B1 34"" VA Ultra-Wide Screen with KVM Switch, LAN, USB-C Dock, 0.4ms, 120Hz, HDMI, DisplayPort, Speakers, Height Adjustment",IIYAMA
XU2293HSU-B6,4948570123018,62.66,0,outofstock,yes,"iiyama Prolite XU2293HSU-B6 22 inch IPS Monitor, Full HD, 1ms, HDMI, Display Port, 100Hz, Speakers, Black, Internal PSU, VESA",IIYAMA
XU2293HSU-B7,4948570124565,63.04,0,outofstock,yes,"iiyama PROLITE XU2293HSU-B7 22 inch IPS Monitor, Full HD, 1ms, USB Hubx2, HDMI, DisplayPort, Freesync, 100Hz, Speakers, Black, ACR, Internal PSU, VESA",IIYAMA
XUB2293HS-B6,4948570124237,69.44,12,instock,yes,"iiyama PROLITE XUB2293HS-B6 22 inch IPS Monitor, Full HD, 1ms, HDMI, DisplayPort, Freesync, 100Hz, Speakers, Black, Internal PSU, Height Adjust, Pivot, ACR, VESA",IIYAMA
24IVHBS,5053118195224,88.22,459,instock,yes,"piXL 24-inch Full HD Energy Saving CCTV IPS Monitor for 24/7 use with BNC, HDMI & VGA Connections and CVBS, AHD, TVI & CVI Signal Support",PIXL
CM215F17D,5053118399264,35.62,620,instock,yes,"piXL CM215F17D 21.5 Inch Full HD Monitor with 100Hz Refresh Rate, 1920 x 1080 Resolution, 5ms Response Time, HDMI & VGA",PIXL
CM215F17E,5053118582376,44.51,0,outofstock,yes,"piXL CM215F17E 21.5 Inch Full HD IPS Monitor with 120Hz Refresh Rate, 1920 x 1080 Resolution, 1ms Response Time, HDMI & VGA",PIXL
CM27C7,5053118121988,89.63,2,instock,yes,"piXL CM27C7 27 Inch 165Hz Full HD Curved HDR Widescreen Gaming Monitor with AMD Freesync & NVidia G-Sync, 1ms Response Time, 165Hz Refresh Rate, DisplayPort, HDMI, USB-A, VESA Mount & Height Adjust",PIXL
CM27G7,5053118776577,89.4,42,instock,yes,"piXL CM27G7 27 Inch 100Hz QHD IPS Gaming Monitor with AMD FreeSync & Nvidia G-Sync, 1ms Response Time, DisplayPort, HDMI, USB-A, VESA Mount, RGB Lighting, VESA Mount & Height Adjust",PIXL
CM28F10,5053118639896,86.03,144,instock,yes,"piXL CM28F10 28 Inch 60Hz 4K Widescreen Monitor with 3840 x 2160 Resolution, 5ms Response Time, 60Hz Refresh Rate, HDMI, DisplayPort & VESA Mount",PIXL
CM32F4,5053118411393,87.3,208,instock,yes,"piXL CM32F4 32 Inch Full HD Widescreen IPS Monitor with 1920x1080 Resolution, 4ms Response Time, 60Hz Refresh Rate, Display Port, HDMI & VESA Mount",PIXL
CM32F44K,5053118418293,135.4,66,instock,yes,"piXL CM32F44K 32 Inch 60Hz 4K Widescreen IPS Monitor with 3840 x 2160 Resolution, 5ms Response Time, 60Hz Refresh Rate, Display Port, HDMI & VESA Mount",PIXL
CM32G7,5053118917727,186.95,88,instock,yes,"piXL CM32G7 32 Inch 144Hz 4K Widescreen IPS Gaming Monitor with AMD FreeSync & Nvidia G-Sync, 3840 x 2160 Resolution, 1ms Response Time, 144Hz Refresh Rate, HDMI, DisplayPort, USB-C, USB-A, RGB Lighting, VESA Mount & Height Adjust",PIXL
CM32GF5,5053118875461,124.88,83,instock,yes,"piXL CM32GF5 32 Inch 165Hz HDR Full HD Curved Gaming Monitor with AMD FreeSync & Nvidia G-Sync, 1920 x 1080 Resolution, 1ms Response Time, DisplayPort, HDMI & VESA Mount",PIXL
CM34C7,5053118266795,187.14,82,instock,yes,"piXL CM34C7 34 Inch 165Hz UWQHD Quad HD Ultrawide Curved Gaming Monitor, with 1.5ms Response Time, 3440 x 1440 Resolution, HDMI, DisplayPort, USB-C, USB-B, USB-A x 2, Audio & Height Adjust",PIXL
CM34G3,5053118786552,169.65,89,instock,yes,"piXL 34-inch UWQHD UltraWide 165Hz Gaming Monitor with 100% sRGB Colour Gamut, Quad HD 3440 x 1440 IPS Panel & 1ms Response Time, 3 Year Warranty & Speakers",PIXL
GS24IDPHA,5053118483581,68.31,0,outofstock,yes,"piXL X-Series GS24IDPHA 24.5 Inch Full HD IPS Gaming Monitor with 200Hz Refresh Rate, 1920 x 1080 Resolution, 0.5ms Response Time, HDMI 2.0 & DisplayPort 1.4",PIXL
GS27IDPHA,5053118322194,78.13,0,outofstock,yes,"piXL X-Series GS27IDPHA 27 Inch Full HD IPS Gaming Monitor with 200Hz Refresh Rate, 1920 x 1080 Resolution, 0.5ms Response Time, HDMI 2.0 & DisplayPort 1.4 ",PIXL
GS27QIDPHA,5053118732986,97.28,0,outofstock,yes,"piXL X-Series GS27QIDPHA 27 Inch QHD IPS Gaming Monitor with 200Hz Refresh Rate, 2560 x 1440 Resolution, 1ms Response Time, 2x HDMI 2.0 & 2x DisplayPort 1.4",PIXL
GS32QIDPHA,5053118708646,134.55,0,outofstock,yes,"piXL X-Series 27GS32QIDPHA 32 Inch QHD IPS Gaming Monitor with 180Hz Refresh Rate, 2560 x 1440 Resolution, 1ms Response Time, HDR10+, Adaptive Sync, 2x HDMI 2.0 & 2x DisplayPort 1.4, Height Adjustable",PIXL
PM156C,5053118722840,38.5,189,instock,yes,"piXL PM156C 15.6 Inch 60Hz Full HD IPS Widescreen Portable Monitor with USB-C, Mini HDMI & Speakers with Foldable Case & Stand",PIXL
PX24IDHFP,5053118578614,56.45,249,instock,yes,"piXL PX24IDHFP 24 Inch 75Hz Full HD Widescreen IPS Monitor with 1920 x 1200 Resolution, 5ms Response Time, 75Hz Refresh Rate, HDMI, DisplayPort & VESA Mount",PIXL
PX24IVHFPD,5053118606041,47.94,954,instock,yes,"piXL PX24IVHFPD 24 Inch 100Hz Full HD Widescreen IPS Monitor with 1920 x 1080 Resolution, 5ms Response Time, 100Hz Refresh Rate, HDMI & VGA",PIXL
PX27B221S,5053118803082,68.24,85,instock,yes,"piXL PX27B221S 27 Inch 144Hz Full HD IPS Widescreen Monitor with Speakers, 1920x1080 Resolution, 1ms Response Time, 144Hz Refresh Rate, DisplayPort & HDMI",PIXL
PX27CC301B,5053118176773,84.14,650,instock,yes,"piXL PX27CC301B 27 Inch 240Hz HDR 10+ Full HD Curved Gaming Monitor with 1920 x 1080 Resolution, 1ms Response Time, HDR 10+, DisplayPort, HDMI & VESA Mount",PIXL
PX27IVHD,5053118959192,62.98,1052,instock,yes,"piXL PX27IVHD 27 Inch 100Hz Full HD Widescreen IPS Monitor, 1920x1080 Resolution, 5ms Response Time, 100Hz Refresh Rate, HDMI, VGA & VESA Mount",PIXL
PX27UDH4K,5053118551556,100.77,148,instock,yes,"piXL PX27UDH4K 27 Inch 60Hz 4K IPS Monitor with 3840 x 2160 Resolution, 5ms Response Time, 60Hz Refresh Rate, USB-C, USB-B, USB-A, HDMI, Display Port & VESA Mount",PIXL
PXD24VH,5053118574081,51.12,1107,instock,yes,"piXL PXD24VH 24 Inch Full HD 60Hz Widescreen Monitor with 1920 x 1080 Resolution, 6.5ms Response Time, Speakers, VGA & HDMI with Internal PSU",PIXL
SCRPRO24,5053118217377,14.22,736,instock,yes,"piXL 24-Inch Monitor Security Privacy Screen/ Privacy Filter, Anti-Glare, Anti-Peep, Anti-Static & Blackout",PIXL
SCRPRO27,5053118842098,14.97,888,instock,yes,"piXL 27 Inch Monitor Security Privacy Screen/ Privacy Filter, Anti-Glare, Anti-Peep, Anti-Static & Blackout",PIXL
32238,23942322382,172.0,0,outofstock,yes,"Verbatim Portable 15.6"" Touch Monitor 4K UHD ALU, 3840 x 2160 Resolution, 60HZ, Built-in Kickstand, Tilt: From 0 Up To 85",VERBATIM
32239,23942322399,262.42,1,instock,yes,"Verbatim Portable 17.3 Inch Touchscreen Monitor 4K UHD ALU, HDMI, 2x USB-C, 3840 x 2160 Resolution, 60Hz, Built-in Kickstand, Tilt: From 0 Up To 85",VERBATIM
32402,23942324027,77.52,0,outofstock,yes,"Verbatim Portable 15.6"" Touchscreen IPS Monitor LIGHT, USB-C, Speakers, 1920 x 1080 Resolution, 60Hz",VERBATIM
32403,23942324034,159.47,2,instock,yes,"Verbatim Portable 15.6 Dual Monitor Essentials, 1920 x 1080 Resolution, 60Hz, Vesa 75 x 75mm, Built in Speakers 2 x 1W",VERBATIM
49591,23942495918,114.0,0,outofstock,yes,"Verbatim Portable 14"" FHD Touchscreen IPS Monitor Aluminium, USB-C, 1920 x 1080 Resolution, 60Hz",VERBATIM
49592,23942495925,124.92,1,instock,yes,"Verbatim Portable 15.6"" FHD Touch Monitor ALU, 1920 x 1080 Resolution, 60Hz",VERBATIM
49593,23942495932,208.74,3,instock,yes,"Verbatim PMT-17 Portable 17.3"" FHD Touchscreen Monitor ALU, 1920 x 1080 Resolution, 60Hz, Built-in Kickstand, Tilt: From 0 Up To 85",VERBATIM
VA1650,0766907032550,60.79,14,instock,yes,"Viewsonic VA1650 16 inch USB-C Lightweight Portable IPS Monitor, Full HD, 60Hz, HDMI (v1.4), VESA, Built in Foldable Stand",VIEWSONIC
VA220-H,0766907026931,43.89,51,instock,yes,"Viewsonic VA220-H 22-Inch Full HD Monitor, 1080p, 1920 x 1080 resolution, 100Hz, HDMI, VGA, 1ms, LED, VA Panel, VESA",VIEWSONIC
VA2408-HDJ,0766907025682,74.2,9,instock,yes,"Viewsonic VA2408-HDJ 24 Inch IPS Monitor, Full HD, 100Hz, 5ms, VGA, HDMI, Display Port, Height Adjust, Pivot, Swivel, Int PSU, VESA",VIEWSONIC
VA240-H-2,0766907030914,47.58,286,instock,yes,"Viewsonic VA240-H-2 24 Inch IPS Monitor, Full HD, VGA, HDMI, 75Hz, 1ms, VESA, Tilt",VIEWSONIC
VA2432-H-2,766907035049,55.49,42,instock,yes,"Viewsonic VA2432-H-2 24 Inch IPS Frameless Monitor,  Full HD, LED, Widescreen, 100Hz, 1ms, VGA, HDMI, VESA",VIEWSONIC
VA2432-MHD-3,0766907035063,59.8,17,instock,yes,"ViewSonic VA2432-MHD-3 24 Inch Full HD 100Hz IPS Monitor with DisplayPort, HDMI and VGA",VIEWSONIC
VA270-H-2,0766907033236,63.92,16,instock,yes,"Viewsonic VA270-H-2 27-Inch Full HD IPS Monitor, 1920x1080 resolution, 100Hz, Freesync, HDMI, VGA, 1ms, VESA",VIEWSONIC
VA2732-H-2,0766907035070,64.77,18,instock,yes,"Viewsonic VA2732-H-2 27 Inch, Full HD, 100Hz, 1ms, IPS, HDMI, VGA, Frameless, LED Monitor",VIEWSONIC
VA3209-2K-MHD,0766907017946,119.75,50,instock,yes,"Viewsonic VA3209-2K-MHD 32 Inch IPS Frameless Monitor, 2K, 75Hz, 4ms, HDMI, DisplayPort, HD, Built-In Speakers, VESA",VIEWSONIC
VA3209-MH,0766907017922,103.81,20,instock,yes,"Viewsonic VA3209-MH 32 Inch IPS  Frameless Monitor, 75Hz, 4ms, VGA, HDMI, HD, Full HD 1080p, Built-In Speakers, VESA",VIEWSONIC
VG2208A,0766907028164,69.28,11,instock,yes,"Viewsonic VG Series VG2208A LED Monitor 22 Inch With USB Hub, 1920 x 1080, Full HD Black, 100Hz, 5ms, HDMI, DisplayPort",VIEWSONIC
VG2208A-HD,0766907028393,66.73,9,instock,yes,"Viewsonic VG2208A-HD 22-Inch Full HD Monitor, 1080p, 1920 x 1080 resolution, 100Hz, HDMI, VGA, DisplayPort, 5ms, LED, VA Panel, VESA, Height Adjustable",VIEWSONIC
VX3218C-2K,0766907019056,134.98,1,instock,yes,"Viewsonic VX3218C-2K 32 Inch Curved Gaming Monitor, QHD, 180Hz, Freesync, 2xHDMI, DisplayPort, 1ms VESA, Speakers",VIEWSONIC
VX3276-4K-MHD,0766907002966,191.71,12,instock,yes,"Viewsonic VX3276-4K-mhd 32 Inch 4K Entertainment Gaming Monitor, 60Hz, 4ms, Speakers, Dual HDMI, Display Port, Mini Display Port,  VESA, Silver",VIEWSONIC
VX3276-MHD-3,0766907011104,114.8,22,instock,yes,"Viewsonic VX3276-MHD-3 32-Inch Full HD, Frameless IPS Monitor, 1080p, 1920 x 1080 Resolution, 75Hz, HDMI, VGA, DisplayPort, Speakers",VIEWSONIC
ANT-BAS4G,608603169553,15.0,0,outofstock,yes,DrayTek ANT-BAS4G Magnetic Bases & 1M Extension Cable for 4G Antennas (Pair),DRAYTEK
VC410AX-K,4710484748713,212.0,0,outofstock,yes,DrayTek VC410AX-K Vigor C410ax 4G Mobile Broadband Wireless AX3000 SOHO Ethernet Router,DRAYTEK
VC510AX-K,4710484748706,402.0,0,outofstock,yes,DrayTek VC510AX-K Vigor C510ax 5G Mobile Broadband Wireless AX3000 SOHO Ethernet Router,DRAYTEK
DCX101,4712909128759,15.0,0,outofstock,yes,DrayTek DCX101 CX10 SFP DAC Cable (1M),DRAYTEK
DRAYPSU17,DRAYPSU17,13.0,0,outofstock,yes,DrayTek DRAYPSU17 3A PSU Compatible with 2862Vac,DRAYTEK
POE600-K,4712909129046,38.0,0,outofstock,yes,DrayTek POE600-K High Power Passive POE Injector,DRAYTEK
RM1,4719853551787,27.0,1,instock,yes,DrayTek RM1 Rack Mount Installation Kit for Vigor Routers,DRAYTEK
V2136AX-K,4710484748409,129.0,0,outofstock,yes,DrayTek V2136AX-K Vigor 2136AX AX3000 Wireless Router with VPN and 2.5GbE WAN and LAN ports,DRAYTEK
V2763-K,4710484745330,123.0,5,instock,yes,DrayTek V2763-K Vigor 2763 Wired SoHo Firewall VDSL/ADSL Modem Router,DRAYTEK
V2763AC-K,4710484745347,163.0,0,outofstock,yes,DrayTek V2763AC-K Vigor 2763ac Wireless 5 AC SoHo Firewall VDSL/ADSL Modem Router,DRAYTEK
V2865-K,4710484741257,198.0,0,outofstock,yes,DrayTek V2865-K Vigor 2865 Multi-WAN Firewall VDSL Modem Router,DRAYTEK
V2927-K,4710484741288,181.0,0,outofstock,yes,DrayTek V2927-K Vigor 2927 Wired High Speed Gigabit Firewall Router,DRAYTEK
V2927AX-K,4710484743879,229.0,0,outofstock,yes,DrayTek V2927AX-K Vigor 2927ax Wireless 6 AX High Speed Gigabit Firewall Router,DRAYTEK
VAP1062C-K,4710484745965,153.0,4,instock,yes,DrayTek VAP1062C-K VigorAP 1062C Wireless 6 AX6000 Ceiling Mounted Mesh Access Point,DRAYTEK
VAP805-K,4710484747310,66.0,12,instock,yes,DrayTek VAP805-K VigorAP 805 Mesh AX3000 Wireless Access Point with 2.5GbE Uplink and 1GbE Passthrough,DRAYTEK
VAP905-K,4710484747792,75.0,0,outofstock,yes,DrayTek VAP905-K VigorAP 905 WiFi 6 AX3000 Mesh Wireless Access Point,DRAYTEK
VAP912C-K,4712909129022,72.0,0,outofstock,yes,DrayTek VAP912C-K VigorAP 912C Wireless 5 AC1200 Ceiling Mounted Mesh Access Point,DRAYTEK
VAP918R-K,4710484740014,186.0,0,outofstock,yes,DrayTek VAP918R-K VigorAP 918R Wireless 5 AC1300 Outdoor Ruggedised Mesh Access Point,DRAYTEK
VAP918RPD-K,4712909129879,213.0,0,outofstock,yes,DrayTek VAP918RPD-K VigorAP 918RPD Wireless 5 AC1300 Outdoor Ruggedised Mesh Access Point with Directional Antennas,DRAYTEK
VAP962C-K,471048474699,104.09,1,instock,yes,DrayTek VAP962C-K VigorAP 962C Wireless 6 AX3000 Ceiling Mounted Mesh Access Point,DRAYTEK
VSFX2120-K,4710484744548,290.0,0,outofstock,yes,DrayTek VSFX2120-K VigorSwitch FX2120 12-Port Layer 2+ Managed Rackmount 10-Gigabit SFP+ Switch,DRAYTEK
VSG1080-K,4712909124218,42.0,0,outofstock,yes,DrayTek VSG1080-K VigorSwitch G1080 8 Port Gigabit Smart Managed Desktop Switch,DRAYTEK
VSG2100-K,4710484742964,89.0,0,outofstock,yes,DrayTek VSG2100-K VigorSwitch G2100 8 Port Gigabit Layer 2+ Managed Switch with 2 SFP Uplink Ports,DRAYTEK
VSG-2542X-K,4710484747488,346.0,0,outofstock,yes,"DrayTek VSG2542X-K 54-port Gigabit L2+ Managed switch with 48 RJ-45 LAN ports & 6 10GbE SFP+ ports, 2 Year Warranty",DRAYTEK
VSP1281X-K,4710484746801,216.0,3,instock,yes,DrayTek VSP1281X-K VigorSwitch P1281x 24 Port Gigabit POE Smart Managed Switch with 4x 10GbE SFP Ports,DRAYTEK
VSP2282X-K,4710484746405,366.0,0,outofstock,yes,DrayTek VSP2282X-K VigorSwitch P2282x 24 Port POE Fully Managed Layer 2+ Switch with 4x 10GbE SFP Ports,DRAYTEK
VSP2540XS-K,4710484745224,506.0,0,outofstock,yes,DrayTek VSP2540XS-K VigorSwitch P2540XS 48 Port POE Fully Managed Layer 2+ Switch with 6x 10GbE SFP Ports,DRAYTEK
VSP2542X-K,4710484747457,506.0,0,outofstock,yes,"Draytek VSP2542X-K 54 Port switch with 48 PoE+ RJ-45 LAN ports, 6 10Gbpe SFP+, 400W PoE budget, and L2+ management, 2 Year Warranty",DRAYTEK
VSPQ2200XB-K,4710484745439,436.0,0,outofstock,yes,DrayTek VSPQ2200XB-K VigorSwitch PQ2200xb 16 Port 2.5 GbE POE+ Managed Layer 2+ Switch with 4x POE++ Ports and 4x 10GbE SFP+ Ports,DRAYTEK
VSQ2200X-K,4710484745446,302.0,0,outofstock,yes,DrayTek VSQ2200X-K VigorSwitch Q2200x 16 Port 2.5GbE Layer 2+ Managed Switch with 4x 10 GbE SFP Uplinks,DRAYTEK
VSQ60X,4710484748140,38.0,0,outofstock,yes,DrayTek VigorSwitch Q60x 5 Port 2.5G High Performance Unmanaged Switch,DRAYTEK
WSS-OSS,WSS-OSS,540.0,0,outofstock,yes,DrayTek RSS-RSS Wireless On-Site Physical Networking Site Survey and Planning Service,DRAYTEK
WSS-RSS,WSS-RSS,66.0,0,outofstock,yes,DrayTek RSS-RSS Wireless Remote Networking Site Survey and Planning Service,DRAYTEK
NPEVO-USB2GIGETH,5053118610604,5.29,0,outofstock,yes,Evo Labs USB 3.0 to Gigabit Ethernet Adapter,EVO LABS
GC-WB1733D-I,4719331803513,16.92,55,instock,yes,Gigabyte GC-WB1733D-I Intel Wireless AC1750 Dual Band PCI-Express WiFi Card with Bluetooth 5.0 c/w Antenna,GIGABYTE
GC-WFAX210,4719331879631,23.96,50,instock,yes,Gigabyte GC-WFAX210 Intel WiFi 6E AX210 2400Mbps Bluetooth 5.2 Wireless PCI-Express Card,GIGABYTE
GC-WIFI7,4719331859558,28.9,78,instock,yes,Gigabyte GC-WIFI7 Intel WiFi 7 5800Mbps Tri-Band Wireless PCI-Express and Bluetooth 5.3 Card with Magnetic Ultra High-Gain Antenna,GIGABYTE
HALO H1200G(3-PACK),6957939001582,45.08,7,instock,yes,Mercusys Halo H1200G AC1200 Whole Home Mesh Wi-Fi System (3 Pack),MERCUSYS
HALO H1500X(3-PACK),6957939001926,60.0,3,instock,yes,Mercusys Halo H1500X AX1500 Whole Home Mesh Wi-Fi 6 System (3 Pack),MERCUSYS
HALO H25BE(3-PACK),6957939002992,176.25,1,instock,yes,Mercusys Halo H25BE BE3600 Whole Home Mesh Wi-Fi 7 System (3 Pack),MERCUSYS
HALO H32G(3-PACK),6957939001544,53.69,6,instock,yes,Mercusys Halo H32G AC1200 Whole Home Mesh Wi-Fi System (3 Pack),MERCUSYS
HALO H50G(3-PACK),6935364006655,64.5,8,instock,yes,"Mercusys Halo H50G (3-pack) AC1900 Whole Home Mesh Wi-Fi System, 600 Mbps at 2.4 GHz + 1300 Mbps at 5 GHz, 3x Internal Antennas, 3x Gigabit Ports per Unit, Halo App, One Unified Network, Seamless Roaming",MERCUSYS
HALO H60X(3-PACK),6957939001360,64.69,9,instock,yes,Mercusys Halo H60X AX1500 Whole Home Mesh Wi-Fi 6 System (3 Pack),MERCUSYS
HALO H80X(3-PACK),6957939000837,99.63,1,instock,yes,Mercusys Halo H80X (3 Pack) AX3000 Whole Home Mesh Wi-Fi System,MERCUSYS
MA20N,6957939002060,8.25,68,instock,yes,Mercusys MA20N AC650 Nano Wi-Fi USB Adapter,MERCUSYS
MA30E,6957939001896,12.4,18,instock,yes,Mercusys MA30E AC1200 WiFi Bluetooth PCIe Adapter,MERCUSYS
MA86XE,6957939001872,19.8,42,instock,yes,Mercusys MA86XE AXE5400 Tri-Band Wi-Fi 6E Bluetooth PCI Express Adapter,MERCUSYS
MB110-4G,6957939002237,26.26,6,instock,yes,Mercusys MB110-4G 300Mbps Wireless N 4G LTE Router,MERCUSYS
MB115-4G,6957939002824,32.9,3,instock,yes,Mercusys MB115-4G N300 Wi-Fi 4G LTE Router,MERCUSYS
MC210,6957939004484,14.25,15,instock,yes,Mercusys MC210 Pan/Tilt Home Security Wi-Fi Camera,MERCUSYS
MC510,6957939004613,25.01,3,instock,yes,Mercusys MC510 Pan/Tilt Home Security WiFi Camera,MERCUSYS
ME30,6957939000585,16.7,0,outofstock,yes,Mercusys ME30 AC1200 Wi-Fi Range Extender (UK Plug),MERCUSYS
ME50G,6957939001667,23.2,14,instock,yes,Mercusys ME50G AC1900 Wi-Fi Range Extender (UK Plug),MERCUSYS
MR30G,6957939000622,17.96,14,instock,yes,Mercusys MR30G AC1200 Wireless Dual Band Gigabit Router,MERCUSYS
MR47BE,6957939001407,112.8,7,instock,yes,Mercusys MR47BE BE9300 Tri-Band Wi-Fi 7 Router,MERCUSYS
MR60X,6957939001230,24.51,16,instock,yes,Mercusys MR60X AX1500 Dual-Band Wi-Fi 6 Router,MERCUSYS
MR80X,6957939000431,32.9,0,outofstock,yes,Mercusys MR80X AX3000 Dual-Band Wi-Fi 6 Router,MERCUSYS
MS105G,6935364072568,5.85,0,outofstock,yes,Mercusys MS105G 5 Port Gigabit Ethernet Network Switch,MERCUSYS
MS108G,6935364072551,10.4,18,instock,yes,Mercusys MS108G 8 Port Gigabit Ethernet Network Switch,MERCUSYS
MS108GP,6957939003647,24.96,12,instock,yes,Mercusys MS108GP 8-Port Gigabit Desktop Switch with 7-Port PoE+,MERCUSYS
MS108GS,6957939001346,11.9,0,outofstock,yes,Mercusys MS108GS 8 Port Gigabit Ethernet Network Switch Steel Case,MERCUSYS
USB3-E1000,649241924524,13.86,0,outofstock,yes,Plugable USB3-E1000 USB-A to Gigabit Ethernet Adapter,PLUGABLE
USBC-E1000,819927010814,10.95,0,outofstock,yes,Plugable USBC-E1000 USB-C to Gigabit Ethernet Adapter,PLUGABLE
USBC-E2500PD,819927013402,23.2,1,instock,yes,Plugable USBC-E2500PD USB-C to 2.5GbE Gigabit Ethernet Adapter with USB-C PD Charging,PLUGABLE
USBC-TE1000,819927012191,10.98,0,outofstock,yes,Plugable USB-TE1000 USB-C to Gigabit Ethernet Adapter,PLUGABLE
USBW4,5053118312355,3.3,183,instock,yes,Prevo USBW4 300Mbps N300 USB Wireless Network Adapter,PREVO
USBW5,5053118661750,4.0,2225,instock,yes,Prevo USBW5 600Mbps AC600 Dual Band USB Wireless AC Network Adapter,PREVO
AC1200PCIE,5053118334845,11.85,957,instock,yes,1200Mbps AC1200 PCI Express Wireless Adapter with Additional Low Profile Bracket (Bulk Packaged/Poly Bag),TARGET
AC600USB,5053118395020,4.25,1953,instock,yes,AC600 WiFi 5 Wireless USB Adapter (Bulk Packaged/Poly Bag),TARGET
N300PCIE,5053118414165,5.4,853,instock,yes,300mbps N300 PCI Express Wireless Adapter with Additional Low Profile Bracket (Bulk Packaged/Poly Bag),TARGET
N300USB,5053118485387,3.09,2471,instock,yes,N300 WiFi 4 Wireless USB Adapter (Bulk Packaged/Poly Bag),TARGET
USBBT,5053118455915,2.28,132,instock,yes,Bluetooth 5.0 USB Adapter (Bulk Packaged/Poly Bag),TARGET
ARCHER MR200,6935364092740,90.43,10,instock,yes,TP-Link Archer MR200 AC750 Wireless Dual Band 4G LTE Router,TP-LINK
ARCHER T3U,6935364053420,11.3,60,instock,yes,TP-Link Archer T3U AC1300 Mini Wireless MU-MIMO USB Adapter,TP-LINK
ARCHER NX200,8885020621082,241.7,8,instock,yes,TP-Link Archer NX200 5G AX1800 Wireless Dual Band Gigabit Router,TP-LINK
ARCHER TX20U PLUS,4897098689974,23.4,40,instock,yes,TP-Link Archer TX20U Plus AX1800 High Gain Dual Band Wi-Fi 6 USB Adapter,TP-LINK
DR3650V,8885020626766,145.2,2,instock,yes,TP-Link Omada DR3650V AX3000 Wi-Fi 6 Gigabit Desktop VDSL Gateway Modem Router,TP-LINK
EAP225,6935364096915,51.65,4,instock,yes,TP-Link Omada EAP225 AC1350 Wireless MU-MIMO Gigabit Ceiling Mount Access Point,TP-LINK
EAP225-OUTDOOR,6935364083571,51.65,36,instock,yes,TP-Link Omada EAP225-Outdoor AC1200 Wireless MU-MIMO Gigabit Indoor/Outdoor Access Point,TP-LINK
EAP610,4897098680322,62.22,153,instock,yes,TP-Link Omada EAP610 AX1800 Ceiling Mount WiFi 6 Access Point,TP-LINK
EAP610-OUTDOOR,6935364010232,104.6,5,instock,yes,TP-Link Omada EAP610-Outdoor AX1800 Indoor/Outdoor WiFi 6 Access Point,TP-LINK
EAP650,4897098682081,55.0,0,outofstock,yes,TP-Link Omada EAP650 AX3000 Ceiling Mount WiFi 6 Access Point,TP-LINK
EAP650-OUTDOOR,4897098682098,116.2,0,outofstock,yes,TP-Link Omada EAP650-Outdoor AX3000 Indoor/Outdoor WiFi 6 Access Point,TP-LINK
EAP670,4897098687154,99.15,8,instock,yes,TP-Link Omada EAP670 AX5400 Ceiling Mount WiFi 6 Access Point,TP-LINK
EAP772,8885020623062,111.58,0,outofstock,yes,TP-Link Omada EAP772 BE9300 Ceiling Mount Tri-Band Wi-Fi 7 Access Point,TP-LINK
ER706WP-4G,8885020627428,176.41,1,instock,yes,TP-Link Omada ER706WP-4G 4G+ Cat6 AX3000 Gigabit VPN Gateway with 4-Port PoE,TP-LINK
LS108G,6935364085490,14.59,13,instock,yes,TP-Link LiteWave LS108G 8-Port 10/100/1000Mbps Metal Gigabit Desktop Network Switch,TP-LINK
OC300,6935364089863,218.52,0,outofstock,yes,TP-Link Omada OC300 Hardware Cloud Controller,TP-LINK
RE200,6935364071608,24.9,40,instock,yes,TP-Link RE200 AC750 Dual Band Wi-Fi Universal Wall-Plug Range Extender,TP-LINK
RE315,1210002613965,31.01,36,instock,yes,TP-Link RE315 AC1200 Wi-Fi Range Extender,TP-LINK
RE450,1210002613989,37.1,20,instock,yes,TP-Link RE450 AC1750 Dual Band Wi-Fi Range Extender with External Antenna,TP-LINK
RE705X,4897098683125,62.5,0,outofstock,yes,TP-Link RE705X AX3000 Wi-Fi 6 Range Extender,TP-LINK
SG3428XPP-M2,0840030709739,485.1,0,outofstock,yes,TP-Link Omada SG3428XPP-M2 24-Port 2.5GBASE-T and 4-Port 10GE SFP+ L2+ Managed Switch with 16-Port PoE+ & 8-Port PoE,TP-LINK
TAPO C100,1210002618144,18.3,30,instock,yes,TP-Link Tapo C100 Home Security WiFi Camera,TP-LINK
TAPO C200,4895252501742,19.2,24,instock,yes,TP-Link Tapo C200 Pan/Tilt Home Security WiFi Camera,TP-LINK
TAPO C200P2,4895252501735,37.5,12,instock,yes,"TP-Link Tapo C200P2 Pan/Tilt Home Security WiFi Camera, 2-Pack",TP-LINK
TAPO C310,4895252501766,30.8,20,instock,yes,TP-Link Tapo C310 Outdoor Security Wi-Fi Camera,TP-LINK
TAPO C310P2,,55.8,10,instock,yes,"TP-Link Tapo C310P2 Outdoor Security Wi-Fi Camera, 2-Pack",TP-LINK
TAPO C410,4895252504712,41.7,24,instock,yes,TP-Link Tapo C410 Smart Wire-Free Indoor/Outdoor Security Camera,TP-LINK
TAPO C410 KIT,8885020620375,50.0,12,instock,yes,TP-Link Tapo C410 KIT Solar-Powered Security Camera Kit,TP-LINK
TAPO C500,4897098685877,29.1,12,instock,yes,TP-Link Tapo C500 Outdoor Pan/Tilt Security Wi-Fi Camera,TP-LINK
TAPO C560WS,1210002604741,57.99,11,instock,yes,TP-Link Tapo C560WS Outdoor Pan/Tilt Security Wi-Fi Camera,TP-LINK
TAPO C610 KIT,1210002608220,72.6,0,outofstock,yes,TP-Link Tapo C610 KIT Solar-Powered Pan/Tilt Security Camera Kit,TP-LINK
TAPO D210,8885020621228,45.8,18,instock,yes,TP-Link Tapo D210 Video Doorbell Camera,TP-LINK
TAPO D230S1,4895252501490,83.4,16,instock,yes,TP-Link Tapo D230S1 Smart Video Doorbell Camera Kit,TP-LINK
TAPO L510B(2-PACK),1210002613132,10.5,30,instock,yes,"TP-Link Tapo L510B(2-Pack) Dimmable Smart Light Bulb, B22, 2-Pack",TP-LINK
TAPO L510E(2-PACK),1210002613170,10.5,30,instock,yes,"TP-Link Tapo L510E(2-Pack) Dimmable Smart Light Bulb, E27, 2-Pack",TP-LINK
TAPO L530B,4897098681312,6.6,60,instock,yes,"TP-Link Tapo L530B Smart Wi-Fi Light Bulb, Multicolor, B22",TP-LINK
TAPO L530B(2-PACK),1210002613088,12.7,30,instock,yes,"TP-Link Tapo L530B(2-Pack) Smart Wi-Fi Light Bulb, Multicolor, B22, 2-Pack",TP-LINK
TAPO L630(2-PACK),,12.5,36,instock,yes,"TP-Link Tapo L630(2-Pack) Smart Wi-Fi Spotlight, Dimmable, 2-Pack",TP-LINK
TAPO P100(4-PACK),1210002611565,27.5,24,instock,yes,"TP-Link Tapo P100(4-pack) Mini Smart Wi-Fi Socket, 4 pack",TP-LINK
TAPO P110(4-PACK),4897098685525,30.8,24,instock,yes,"TP-Link Tapo P110(4-pack) Mini Smart Wi-Fi Socket, Energy Monitoring, 4-Pack",TP-LINK
TL-POE10R,6935364030490,6.65,15,instock,yes,"TP-Link TL-POE10R IEEE 802.3af 12VDC 1A, 9VDC 1A, 5VDC 2A PoE Splitter",TP-LINK
TL-POE150S,8459730305060,9.96,10,instock,yes,TP-Link TL-POE150S IEEE 802.3af PoE Injector,TP-LINK
TL-SF1008D,3935364020071,7.4,1,instock,yes,TP-Link SOHO TL-SF1008D 8-Port 10/100Mbps Desktop Switch,TP-LINK
TL-SG1024,6935364020101,62.7,6,instock,yes,TP-Link TL-SG1024 24-Port Metal Gigabit Rackmount Network Switch,TP-LINK
TL-PA7017 KIT,1210002614207,33.6,24,instock,yes,TP-Link TL-PA7017 KIT AV1000 Powerline Starter Kit,TP-LINK
TL-POE160S,6935364073084,11.55,16,instock,yes,TP-Link TL-POE160S IEEE 802.3at 30W PoE+ Injector,TP-LINK
TL-POE170S,4897098681756,29.2,3,instock,yes,TP-Link TL-POE170S IEEE 802.3af/at/bt 60W PoE++ Injector,TP-LINK
TL-SG1005D,6935364091804,9.63,0,outofstock,yes,TP-Link SOHO TL-SG1005D 5-Port 10/100/1000Mbps Gigabit Desktop Switch,TP-LINK
TL-SG1005LP,6935364052737,26.2,11,instock,yes,TP-Link TL-SG1005LP 5-Port Metal Gigabit Desktop PoE Switch with 4-Port PoE+ (40W),TP-LINK
TL-SG1016PE,6935364082925,89.96,7,instock,yes,TP-Link TL-SG1016PE 16-Port Metal Gigabit Easy Smart Switch with 8-Port PoE+ (150W),TP-LINK
TL-SG1024D,8459730206206,63.25,0,outofstock,yes,TP-Link TL-SG1024D 24-Port Metal Gigabit Desktop/Rackmount Network Switch,TP-LINK
TL-SG105,6935364021146,13.04,14,instock,yes,TP-Link TL-SG105 5-Port 10/100/1000Mbps Metal Gigabit Desktop Switch,TP-LINK
TL-SG105E,6935364022044,16.22,7,instock,yes,TP-Link TL-SG105E 5-Port Metal Gigabit Easy Smart Switch,TP-LINK
TL-SG1428PE,6935364072216,142.58,0,outofstock,yes,TP-Link TL-SG1428PE 28-Port Metal Gigabit Easy Smart PoE Switch with 24-Port PoE+ (250W),TP-LINK
TL-SG2008P,6935364010621,59.69,25,instock,yes,TP-Link JetStream TL-SG2008P 8-Port Metal Gigabit Smart Switch with 4-Port PoE+ (62W),TP-LINK
TL-SG2210MP,6935364030681,118.63,3,instock,yes,TP-Link JetStream TL-SG2210MP 10-Port Metal Gigabit Smart PoE Switch with 8-Port PoE+ (150W),TP-LINK
TL-SG2210P,6935364030704,85.63,0,outofstock,yes,TP-Link JetStream TL-SG2210P 10-Port Metal Gigabit Smart Switch with 8-Port PoE+ (61W),TP-LINK
TL-SG2428P,6935364030650,183.2,6,instock,yes,TP-Link JetStream TL-SG2428P 28-Port Metal Gigabit Smart PoE Switch with 24-Port PoE+ (250W),TP-LINK
TL-SG3210,6935364006402,68.52,0,outofstock,yes,TP-Link JetStream TL-SG3210 8-Port Metal Gigabit L2+ Managed Switch with 2 SFP Slots,TP-LINK
TL-SG3210XHP-M2,6935364030803,261.61,0,outofstock,yes,TP-Link JetStream TL-SG3210XHP-M2 8-Port 2.5GBASE-T and 2-Port 10GE SFP+ L2+ Managed Switch with 8-Port PoE+ (240W),TP-LINK
TL-SG3428,6935364010737,116.54,10,instock,yes,TP-Link JetStream TL-SG3428 24-Port Metal Gigabit L2+ Managed Switch with 4 SFP Slots,TP-LINK
TL-SG3428MP,6935364010744,249.63,4,instock,yes,TP-Link JetStream TL-SG3428MP 28-Port Metal Gigabit L2+ Managed Switch with 24-Port PoE+ (384W),TP-LINK
TL-SG3428X,6935364010539,179.85,0,outofstock,yes,TP-Link JetStream TL-SG3428X 24-Port Metal Gigabit L2+ Managed Switch with 4 10GE SFP+ Slots,TP-LINK
TL-SG3428XMP,6935364030773,387.19,2,instock,yes,TP-Link JetStream TL-SG3428XMP 24-Port Metal Gigabit and 4-Port 10GE SFP+ L2+ Managed Switch with 24-Port PoE+ (384W),TP-LINK
TL-SG3452,6935364006280,228.52,2,instock,yes,TP-Link JetStream TL-SG3452 48-Port Metal Gigabit L2 Managed Switch with 4 SFP Slots,TP-LINK
TL-SG3452P,6935364006273,384.58,0,outofstock,yes,TP-Link JetStream TL-SG3452P 52-Port Metal Gigabit L2+ Managed Switch with 48-Port PoE+ (384W),TP-LINK
TL-SG3452X,6935364006501,304.57,3,instock,yes,TP-Link JetStream TL-SG3452X 48-Port Metal Gigabit L2+ Managed Switch with 4 10GE SFP+ Slots,TP-LINK
TL-SL1226P,6935364089450,127.25,1,instock,yes,TP-Link TL-SL1226P 24-Port Metal 10/100Mbps + 2-Port Gigabit Unmanaged PoE+ Switch (250W),TP-LINK
TL-SL2428P,6935364030629,128.47,1,instock,yes,TP-Link TL-SL2428P 24-Port Metal 10/100Mbps + 4-Port Gigabit Smart Switch with 24-Port PoE+ (250W),TP-LINK
TL-SM311LM,6935364030209,11.89,4,instock,yes,TP-Link TL-SM311LM Gigabit Multi-Mode LC MiniGBIC SFP Module,TP-LINK
TL-SX3008F,6935364006464,171.43,2,instock,yes,TP-Link JetStream TL-SX3008F 8-Port Metal 10GE SFP+ L2+ Managed Switch,TP-LINK
TL-WPA4220 KIT,1210002614771,37.5,23,instock,yes,"TP-Link TL-WPA4220 KIT AV600 Powerline Wi-Fi Booster 2 LAN, KIT",TP-LINK
TL-SG3452XP,0840030702518,519.39,0,outofstock,yes,TP-Link TL-SG3452XP 48-Port L2+ Managed GbE PoE+ Access Switch w/ 4 x 10G SFP+ Ports & 3-Year Omada Hosted Cloud Controller,TP-LINK
TX201,4897098687840,18.06,56,instock,yes,TP-Link TX201 2.5 Gigabit PCI Express Network Adapter,TP-LINK
ARCHER TX20E,4897098688816,31.16,81,instock,yes,TP-Link Archer TX20E AX1800 Wi-Fi 6 Bluetooth 5.2 PCIe Adapter,TP-LINK
ACB-AC,810354026652,50.7,0,outofstock,yes,Ubiquiti ACB-AC airCube AC airMAX Home Wi-Fi Access Point with Integrated 24V PoE Passthrough (EU PLUG),UBIQUITI
ACB-ISP,817882020350,18.84,0,outofstock,yes,Ubiquiti ACB-ISP airCube ISP airMAX Home Wi-Fi Access Point with Integrated 24V PoE Passthrough,UBIQUITI
UVC-AI-THETA-PRO,810084692646,228.69,6,instock,yes,Ubiquiti UVC-AI-Theta-Pro Camera AI Theta Pro Ceiling Mount 360 Degree Camera,UBIQUITI
CKG2-RM,817882025607,67.59,0,outofstock,yes,Ubiquiti CKG2-RM UniFi Cloud Key Gen2 Rack Mount Kit,UBIQUITI
ES-24-250W,810354022241,278.41,0,outofstock,yes,Ubiquiti ES-24-250W EdgeSwitch 24 250W 24 Port Managed Gigabit POE Switch,UBIQUITI
ES-48-500W,810354022272,519.52,0,outofstock,yes,Ubiquiti ES-48-500W EdgeSwitch 48 Port 500W Managed POE Network Switch,UBIQUITI
ETH-SP-G2,817882023900,7.95,1,instock,yes,Ubiquiti ETH-SP-G2 Ethernet Surge Protector Gen 2,UBIQUITI
UVC-G5-DOME-ULTRA-B,0810084696989,60.25,0,outofstock,yes,Ubiquiti UVC-G5-DOME-ULTRA-B UniFi Protect G5 Dome Ultra Black HD PoE Turret IP Camera w/ 20m Night Vision (4 MP),UBIQUITI
UVC-G5-DOME-ULTRA,0810084694213,60.25,4,instock,yes,Ubiquiti UVC-G5-DOME-ULTRA UniFi Protect G5 Dome Ultra HD PoE Turret IP Camera w/ 20m Night Vision (4 MP),UBIQUITI
INS-3AF-O-G,810354024641,13.7,0,outofstock,yes,Ubiquiti INS-3AF-O-G Instant 802.3af Outdoor Gigabit PoE Converter,UBIQUITI
LAP-120,817882025539,56.96,0,outofstock,yes,Ubiquiti LAP-120 LiteAP AC airMAX Outdoor 5GHz 16 dBi PoE Access Point CPE,UBIQUITI
LBE-5AC-GEN2,810354026317,43.56,0,outofstock,yes,Ubiquiti LBE-5AC-GEN2 LiteBeam AC Gen2 2x2 MIMO airMAX Outdoor Wireless AC CPE Bridge,UBIQUITI
LOCO5AC-5,0817882027267,165.27,0,outofstock,yes,Ubiquiti NS-5ACL NanoStation AC Loco 5GHz 13dBi airMAX Outdoor Wireless AC CPE Bridge 5 Pack,UBIQUITI
NBE-5AC-GEN2,810354026348,67.85,0,outofstock,yes,Ubiquiti NBE-5AC-GEN2 NanoBeam 5AC Gen 2 High Performance airMAX Outdoor Wireless AC CPE Bridge,UBIQUITI
NBE-M5-16,810354022449,43.22,0,outofstock,yes,Ubiquiti NBE-M5-16 NanoBeam M5 5GHz 16dBi airMAX Outdoor Wireless CPE Bridge,UBIQUITI
LOCO5AC,817882027250,33.08,0,outofstock,yes,Ubiquiti NS-5ACL NanoStation AC Loco 5GHz 13dBi airMAX Outdoor Wireless AC CPE Bridge,UBIQUITI
NS-5AC,817882021371,81.45,0,outofstock,yes,Ubiquiti NS-5AC NanoStation AC 5GHz 16dBi airMAX Outdoor Wireless AC CPE Bridge,UBIQUITI
PBE-M5-400,810354022623,56.53,1,instock,yes,Ubiquiti PBE-M5-400 PowerBeam M5 25dBi High Performance airMAX Wireless CPE Bridge,UBIQUITI
POE-24-12W,810354022982,4.85,22,instock,yes,Ubiquiti POE-24-12W 24V 12W Fast Ethernet PoE Injector,UBIQUITI
POE-24-12W-G,810354021190,7.95,0,outofstock,yes,Ubiquiti POE-24-12W-G 24V 12W Gigabit Passive PoE Injector,UBIQUITI
POE-24-12W-G-WH,810354025983,7.9,21,instock,yes,Ubiquiti POE-24-12W-G-WH 24V 12W Gigabit Passive PoE Injector,UBIQUITI
POE-24-12W-WH,0817882022002,4.95,21,instock,yes,Ubiquiti POE-24-12W-WH 24V 12W Fast Ethernet PoE Injector White,UBIQUITI
POE-24-24W,810354023033,7.85,0,outofstock,yes,Ubiquiti POE-24-24W 24V 24W 1A Passive POE Injector,UBIQUITI
POE-24-24W-G,810354023538,7.95,2,instock,yes,Ubiquiti POE-24-24W-G PoE Gigabit Injector,UBIQUITI
POE-24-24W-G-WH,0817882022545,7.8,0,outofstock,yes,Ubiquiti POE-24-24W-G PoE Gigabit Injector White,UBIQUITI
POE-24-24W-WH,0817882022538,7.85,8,instock,yes,Ubiquiti POE-24-24W-WH 24V 24W 1A Passive POE Injector,UBIQUITI
POE-48-24W,810354023064,7.9,23,instock,yes,Ubiquiti POE-48-24W 48V 24W PoE Power Injector,UBIQUITI
POE-48-24W-G,810354023088,9.8,5,instock,yes,Ubiquiti POE-48-24W-G PoE Gigabit Injector,UBIQUITI
POE-48-24W-WH,810354025990,7.8,28,instock,yes,Ubiquiti POE-48-24W White 48V 24W PoE Power Injector,UBIQUITI
U-POE++,810084691762,19.2,76,instock,yes,Ubiquiti UniFi U-PoE++ 802.3bt 60W POE Injector Adapter,UBIQUITI
USW-PRO-MAX-16-POE,810084694572,303.66,0,outofstock,yes,Ubiquiti USW-PRO-MAX-16-POE UniFi Pro Max 16 Port Gigabit Layer 3 Managed POE Switch,UBIQUITI
UISP-CABLE-PRO,0810010075819,96.79,30,instock,yes,Ubiquiti UISP-CABLE-PRO Outdoor Shielded 305m Ethernet Cable,UBIQUITI
UACC-POE++-10G,0810084699515,27.58,105,instock,yes,Ubiquiti UACC-POE++-10G Universal 802.3bt 10G 60W Power POE++ Injector,UBIQUITI
UACC-POE+-2.5G,0810084699461.,13.3,0,outofstock,yes,Ubiquiti UACC-POE+-2.5G Universal 802.3at 2.5G 30W Power POE+ Injector,UBIQUITI
U-POE,817882024976,5.45,1045,instock,yes,Ubiquiti U-POE (Previously U-POE-AF) Instant 802.3af 48V 15W Power POE Injector,UBIQUITI
U-POE+,817882027205,10.7,37,instock,yes,Ubiquiti U-POE+ (Previously U-POE-AT) Universal 802.3at 48V 30W Power POE+ Injector,UBIQUITI
UACC-POE+-USBC,0810084699843,33.6,27,instock,yes,Ubiquiti UACC-POE+-USBC POE to USB-C Power Adapter,UBIQUITI
U6-MESH,0810010073624,137.41,0,outofstock,yes,Ubiquiti UniFi U6 Mesh WiFi 6 Indoor/Outdoor Access Point (Injector included),UBIQUITI
U6-PRO,810010076830,120.26,82,instock,yes,Ubiquiti U6-PRO UniFi 6 Pro Wi-Fi 6 Dual Band Wireless Access Point,UBIQUITI
U6-IW,0810010073365,143.19,23,instock,yes,Ubiquiti UniFi 6 In-Wall WiFi 6 Access Point - U6-IW (No PoE Injector),UBIQUITI
U6-MESH-PRO,810084695180,146.47,0,outofstock,yes,Ubiquiti U6-Mesh-Pro UniFI 6 Mesh Pro Indoor/Outdoor WiFi 6 Access Point with Passthrough,UBIQUITI
U6+,810084691090,74.52,0,outofstock,yes,Ubiquiti U6+ (U6-Plus) Long Range Wi-Fi 6 Wireless Access Point,UBIQUITI
U7-IW,0810084698754,109.7,0,outofstock,yes,Ubiquiti U7-IW UniFi 7 In Wall WiFi 7 Access Point,UBIQUITI
U7-LITE,0810084698747,74.65,0,outofstock,yes,Ubiquiti U7-LITE UniFi 7 Lite Ceiling Mounted WiFi 7 Access Point,UBIQUITI
U7-LR,0810177161929,119.36,0,outofstock,yes,Ubiquiti U7-LR UniFi 7 Long Range WiFi 7 Access Point with 5 Spacial Streams,UBIQUITI
U7-OUTDOOR,810084695531,153.8,0,outofstock,yes,Ubiquiti U7-OUTDOOR UniFi U7 Outdoor WiFi 7 All Weather Access Point,UBIQUITI
U7-PRO,810084693650,134.97,0,outofstock,yes,"Ubiquiti UniFi U7 Pro WiFi 7 Access Point, with 6 GHz Support, 140 m (1,500 ft) coverage,300+ connected devices, Powered using PoE+, 2.5 GbE uplink",UBIQUITI
U7-PRO-XG,0810177160632,149.41,0,outofstock,yes,Ubiquiti U7-PRO-XG UniFi 7 Pro XG Ceiling Mounted 6 Stream WiFi 7 6GHz 10GbE Access Point,UBIQUITI
U7-PRO-XGS,0810084698341,218.0,0,outofstock,yes,Ubiquiti U7-PRO-XGS UniFi 7 Pro XGS Ceiling Mounted 8 Stream WiFi 7 6GHz 10GbE Access Point - White,UBIQUITI
U7-PRO-MAX,0810084695555,200.62,0,outofstock,yes,Ubiquiti U7-PRO-MAX U7 Pro Max WiFi 7 Ceiling Mounted Access Point with 2.5GbE Uplink,UBIQUITI
U7-PRO-WALL,0810084695548,141.26,0,outofstock,yes,Ubiquiti U7-PRO-WALL U7 Pro Wall Wall Mounted WiFi 7 Access Point with 2.5GbE Uplink,UBIQUITI
U7-PRO-XG-B,0810177162124,140.0,0,outofstock,yes,Ubiquiti U7-PRO-XG-B UniFi 7 Pro XG Ceiling Mounted 6 Stream WiFi 7 6GHz 10GbE Access Point (Black),UBIQUITI
U7-PRO-XGS-B,0810177162131,218.41,23,instock,yes,Ubiquiti U7-PRO-XGS UniFi 7 Pro XGS Ceiling Mounted 8 Stream WiFi 7 6GHz 10GbE Access Point - Black,UBIQUITI
UACC-CAMERA-JB-W,0810084694350,37.5,0,outofstock,yes,"Ubiquiti UACC-Camera-JB-W UniFi Protect Camera Junction Box for UVC G3/G4/G5 Dome, Turret and Pro Cameras",UBIQUITI
UACC-LRE,0810010078780,20.89,19,instock,yes,Ubiquiti UACC-LRE Long-Range Ethernet Repeater,UBIQUITI
UACC-OM-MM-1G-D-2,0810010076922,12.27,0,outofstock,yes,Ubiquiti UACC-OM-MM-1G-D-2 (2-Pack) 1G Multi-Mode Optical SFP Module,UBIQUITI
UAP-AC-M,810354025792,66.56,0,outofstock,yes,Ubiquiti UAP-AC-M UniFi Mesh Wireless AC1300 Dual Band PoE Access Point,UBIQUITI
UAP-AC-M-5,817882020565,332.88,0,outofstock,yes,Ubiquiti UAP-AC-M-5 UniFi Mesh Wireless AC1300 Dual Band PoE Access Point (5 Pack),UBIQUITI
UAP-AC-PRO,810354023514,103.83,0,outofstock,yes,Ubiquiti UAP-AC-PRO UniFi AP AC PRO Wireless AC1750 Dual Band PoE Access Point,UBIQUITI
UAP-FLEXHD,817882029667,132.0,6,instock,yes,Ubiquiti UAP-FLEXHD UniFi FlexHD Indoor/Outdoor Wireless AC Dual Band Access Point,UBIQUITI
UB-AM,810354021374,5.25,2,instock,yes,Ubiquiti UB-AM Universal Antenna Wall Mount Bracket,UBIQUITI
UBB,817882029674,388.97,0,outofstock,yes,Ubiquiti UBB UniFi Building-to-Building Bridge (Point to Point Networking Kit),UBIQUITI
UCG-FIBER,0810177161288,205.23,0,outofstock,yes,"Ubiquiti UCG-FIBER UniFi Cloud Gateway Fiber Combined 2.5 GBE Switch, NVR, Router and Gateway",UBIQUITI
UCG-MAX,0810084697122,207.45,0,outofstock,yes,Ubiquiti UCG-MAX UniFi Cloud Gateway Max Compact 2.5 GBE Cloud Gateway Router,UBIQUITI
UCG-ULTRA,0810084695203,78.46,0,outofstock,yes,Ubiquiti UCG-ULTRA UniFi Cloud Gateway Ultra - Combined Router/UniFi Controller - UK Plug,UBIQUITI
UCK-G2-SSD,810084698426,184.12,1,instock,yes,Ubiquiti UCK-G2-SSD UniFi Cloud Key Gen2 Hybrid Controller with 1TB SSD,UBIQUITI
UDB,0810084695883,73.39,14,instock,yes,Ubiquiti UDB Plug and Play Wireless Device Bridge,UBIQUITI
UDB-PRO,UDB-PRO,149.57,14,instock,yes,Ubiquiti UDB-PRO Plug and Play Wireless Device Bridge Pro,UBIQUITI
UDB-PRO-SECTOR,0810084698037,132.2,0,outofstock,yes,Ubiquiti UDB-Pro-Sector UniFi Device Bridge Pro Sector WiFi 5 Point To Multi-Point Link (PtMP),UBIQUITI
UDM-PRO,810084690475,304.17,0,outofstock,yes,Ubiquiti UDM-PRO UniFi Dream Machine Pro - Combined Switch / Security Gateway / Controller / UniFi Protect NVR,UBIQUITI
UDM-SE,0810010077769,365.28,0,outofstock,yes,"Ubiquiti UniFi Dream Machine Special Edition (UDM-SE), Router and Security Gateway, POE",UBIQUITI
UDM-PRO-MAX,810084693254,447.9,0,outofstock,yes,Ubiquiti UDM-PRO-MAX UniFi Dream Machine Pro Max - Combined Switch / Security Gateway / Controller / UniFi Protect NVR,UBIQUITI
UDR7,0810177160212,206.23,17,instock,yes,"Ubiquiti UDR7 UniFi Dream Router 7 Combined 2.5 GBE Switch, NVR, Router, WiFi 7 Access Point and Gateway",UBIQUITI
UP-VIEWPORT,817882029575,158.37,0,outofstock,yes,Ubiquiti UFP-VIEWPORT UniFi Protect ViewPort POE HDMI Adapter,UBIQUITI
UK-ULTRA,810084693636,59.96,0,outofstock,yes,"Ubiquiti UniFi Ultra ""Swiss Army Knife"" Access Point - UK-Ultra",UBIQUITI
U-LTE-BACKUP PRO,0810010073549,197.64,0,outofstock,yes,Ubiquiti U-LTE-PRO UniFi Redundant WAN Pro with Third-Party SIM Support,UBIQUITI
UMR-INDUSTRIAL,810084693384,138.08,16,instock,yes,Ubiquiti UMR-INDUSTRIAL UniFi Mobile Router Industrial 4G LTE Cat 4 Mobile WiFi Indoor/Outdoor Router (UK Plug),UBIQUITI
UNAS-2-W-UK,0810177162018,146.63,0,outofstock,yes,Ubiquiti UNAS-2-W UniFi NAS 2 Bay 2.5GbE RJ45 Network Attached Storage Device (White),UBIQUITI
UNAS-PRO,0810010079251,387.01,6,instock,yes,Ubiquiti UNAS-PRO UniFi NAS 7 Bay 10Gbps Network Attached Storage Device,UBIQUITI
UNVR,810010073051,221.52,0,outofstock,yes,Ubiquiti UNVR UniFi Protect 4 Bay Network Video Recorder,UBIQUITI
UNVR-INSTANT,810177163633,139.51,0,outofstock,yes,"Ubiquiti UniFi Network Video Recorder Instant, Compact UniFi Protect NVR with 3.5"" HDD support, featuring an integrated 6-port PoE switch, integrated HDMI View Port, and a capacity for (6) 4K cameras or (15) Full HD cameras",UBIQUITI
UNVR-INSTANT-KIT,0810177164784,491.2,6,instock,yes,"Ubiquiti UniFi Protect UNVR-KIT Compact NVR Kit with 1 x UniFi Protect NVR Instant, 4 x G5 Turret Ultra cameras and 1 x 1TB HDD",UBIQUITI
UNVR-PRO,810010075574,359.63,0,outofstock,yes,"Ubiquiti UNVR-PRO UniFi Protect 7 Bay Network Video Recorder Pro, UniFi Protect Console, 7x 2.5/3.5 Inch Drive Bays, 10G SFP+ Port, Gigabit RJ45 Port, 2U Rack, 1.3 Inch Touchscreen",UBIQUITI
USW-ENTERPRISE-48-POE,810010078650,1129.15,0,outofstock,yes,Ubiquiti USW-Enterprise-48-PoE UniFi 48-Port Layer 3 Managed Rackmount 2.5-Gigabit PoE+ Switch w/ 4 x 10GbE SFP+ Ports (720W),UBIQUITI
USW-ENTERPRISE-8-POE,0810010074775,327.49,0,outofstock,yes,Ubiquiti Networks UniFi Enterprise 8 PoE Managed L3 2.5G Ethernet (100/1000/2500) Power over Ethernet (PoE) Stainless steel,UBIQUITI
USW-16-POE,817882028547,221.36,0,outofstock,yes,Ubiquiti USW-16-POE UniFi Gen2 16 Port PoE Gigabit Network Switch,UBIQUITI
USW-24,810010071385,166.65,6,instock,yes,Ubiquiti USW-24 UniFi Gen2 24 Port Non-PoE Gigabit Network Switch,UBIQUITI
USW-24-POE,817882028554,280.64,0,outofstock,yes,Ubiquiti USW-24-POE UniFi Gen2 24 Port Gigabit Network Switch with 16 PoE+ Ports,UBIQUITI
USW-48-POE,817882029094,431.52,0,outofstock,yes,Ubiquiti USW-48-POE UniFi Gen2 48 Port PoE Gigabit Network Switch,UBIQUITI
USW-AGGREGATION,810010074331,197.85,0,outofstock,yes,Ubiquiti USW-Aggregation UniFi 8 Port 10Gb SFP+ Layer 2 Aggregation Switch,UBIQUITI
USW-ENTERPRISE-24-POE,0810010073068,569.46,0,outofstock,yes,Ubiquiti USW-ENTERPRISE-24-POE UniFi Switch Enterprise 24 Port Layer 3 PoE Switch,UBIQUITI
USW-ENTERPRISEXG-24,00810084691380,898.63,4,instock,yes,Ubiquiti USW-EnterpriseXG-24-UK UniFi High Capacity Network Switch with 24 x 10GbE ports and 2 x 25Gb SFP28 uplink ports,UBIQUITI
USW-FLEX-2.5G-8,810084696040,120.17,0,outofstock,yes,Ubiquiti USW-FLEX-2.5G-8 UniFi Flex 2.5G Ultra Compact 8 Port POE/USB-C Powered Managed Switch,UBIQUITI
USW-FLEX-2.5G-8-POE,0810084695968,151.84,0,outofstock,yes,Ubiquiti USW-FLEX-2.5G-8-POE UniFi Flex 2.5G Ultra Compact 8 Port POE/USB-C Powered POE++ Managed Switch,UBIQUITI
USW-FLEX,817882027595,75.0,0,outofstock,yes,Ubiquiti USW-FLEX UniFi Switch Flex 5 Port Indoor/Outdoor Gigabit PoE Switch,UBIQUITI
USW-FLEX-XG,0810010075864,204.58,0,outofstock,yes,Ubiquiti USW-FLEX-XG UniFi Switch Flex XG Managed L2 10G Ethernet Switch,UBIQUITI
USW-FLEX-2.5G-5,0810084696040,38.9,0,outofstock,yes,Ubiquiti USW-FLEX-2.5G-5 UniFi Flex 2.5G Ultra Compact 5 Port POE/USB-C Powered Managed Switch,UBIQUITI
USW-FLEX-MINI-UK,817882029698,23.05,0,outofstock,yes,Ubiquiti USW-FLEX-MINI UniFi USW Flex Mini 5 Port Smart Managed POE/USB C Powered Gigabit Network Switch (UK Plug),UBIQUITI
USW-FLEX-MINI-3,810010071668,60.85,8,instock,yes,"Ubiquiti USW-FLEX-MINI-3 UniFi USW Flex Mini 5 Port Smart Managed POE/USB C Powered Gigabit Network Switch (Triple Pack, No PSU)",UBIQUITI
USW-LITE-16-POE,810010071163,151.86,0,outofstock,yes,Ubiquiti USW-LITE-16-POE UniFi Switch Lite 16 Port Gigabit Managed Switch with 8 POE+ Ports,UBIQUITI
USW-LITE-8-POE-UK,810010071156,79.62,0,outofstock,yes,Ubiquiti USW-LITE-8-POE UniFi Switch Lite 8 Port Gigabit Managed Switch with 4 POE+ Ports (UK Plug),UBIQUITI
USW-PRO-24-POE,817882027649,506.52,0,outofstock,yes,Ubiquiti USW-PRO-24-POE UniFi Gen2 24 Port PoE Gigabit Network Switch,UBIQUITI
USW-PRO-48-POE,817882027656,798.52,2,instock,yes,Ubiquiti USW-PRO-48-POE UniFi Gen2 48 Port PoE Gigabit Network Switch,UBIQUITI
USW-PRO-AGGREGATION,810010072603,621.0,0,outofstock,yes,"Ubiquiti USW-PRO-AGGREGATION UniFi Switch Pro Aggregation, 28x 10G SFP+ Ports, 4x 25G SFP28+ Ports, 760 Gbps Switching, 565.44 Mbps Forwarding, 380 Gbps Non-Blocking Throughput",UBIQUITI
USW-PRO-HD-24,081008469663,435.11,7,instock,yes,Ubiquiti USW-PRO-HD-24 UniFi Switch Pro HD 24 Professional Layer 3 Managed Switch,UBIQUITI
USW-PRO-HD-24-POE,0810084696637,738.63,6,instock,yes,Ubiquiti USW-PRO-HD-24-POE UniFi Switch Pro HD 24 Professional Layer 3 POE++ Managed Switch,UBIQUITI
USW-PRO-48,810010070616,440.52,0,outofstock,yes,Ubiquiti USW-PRO-48 UniFi Gen2 48 Port Non-PoE Gigabit Network Switch,UBIQUITI
USW-PRO-8-POE,0810084692691,223.44,0,outofstock,yes,Ubiquiti USW-PRO-8-POE UniFi Switch Pro 8 Port Layer 3 POE++ Managed Switch,UBIQUITI
USW-PRO-MAX-24-POE,810354023767,579.7,0,outofstock,yes,Ubiquiti UniFi Pro Max 24 PoE Network Switch - USW-Pro-Max-24-POE,UBIQUITI
USW-PRO-MAX-48-POE,0810084692721,932.28,0,outofstock,yes,Ubiquiti UniFi Pro Max 48 PoE Network Switch - USW-Pro-Max-48-POE,UBIQUITI
USW-PRO-MAX-16,0810084694565,203.24,0,outofstock,yes,Ubiquiti USW-PRO-MAX-16 UniFi Pro Max 16 Port Gigabit Layer 3 Managed Non-POE Switch,UBIQUITI
USW-PRO-XG-48,810177160748,1453.49,3,instock,yes,"Ubiquiti (USW-Pro-XG-48) Professional-grade, 48-port Layer 3 Etherlighting switch with (32) 10 GbE, (16) 2.5 GbE, and (4) 25G SFP28 ports.",UBIQUITI
USW-ULTRA-210W,810084693735,148.26,0,outofstock,yes,Ubiquiti USW-ULTRA-210W UniFi Switch Ultra 8 Port Gigabit POE+ Compact Layer 2 Managed Switch,UBIQUITI
USW-ULTRA-60W,810084693728,104.21,0,outofstock,yes,Ubiquiti USW-ULTRA-60W UniFi Switch Ultra 8 Port Layer 2 Gigabit PoE+ Switch,UBIQUITI
USW-ULTRA,0810084693698,79.85,0,outofstock,yes,Ubiquiti USW-ULTRA UniFi Switch Ultra POE++ Powered 8 Port Gigabit POE Managed Network Switch (No PSU),UBIQUITI
UVC-AI-360,00810010075628,292.69,1,instock,yes,Ubiquiti UniFi Protect PTZ Camera AI 360 - UVC-AI-360,UBIQUITI
UVC-G4-INS,0810010078605,79.21,20,instock,yes,Ubiquiti UniFi Protect UVC-G4-INS G4 Instant Cube 2K HD 30fps CCTV Indoor / Outdoor Video Camera - EU PLUG,UBIQUITI
UVC-G5-BULLET,0810084690185,93.05,10,instock,yes,Ubiquiti UVC-G5-Bullet UniFi Protect G5 Bullet 2K Indoor/Outdoor Video Camera,UBIQUITI
UVC-G5-DOME,00810084690208,130.14,3,instock,yes,Ubiquiti UVC-G5-Dome G5 Dome Protect Outdoor HD PoE IP Camera w/ 10m Night Vision (5 MP),UBIQUITI
UVC-G5-FLEX,00810084690222,93.5,12,instock,yes,Ubiquiti UVC-G5-Flex G5 Flex Protect HD PoE Turret IP Camera w/ 10m Night Vision (5 MP),UBIQUITI
UVC-G5-PTZ,0810084693582,197.52,0,outofstock,yes,Ubiquiti UVC-G5-PTZ G5 Compact All-Weather Pan Tilt Zoom Camera - White,UBIQUITI
UVC-G5-PTZ-B,810084696996,195.2,0,outofstock,yes,Ubiquiti UVC-G5-PTZ G5 Compact All-Weather Pan Tilt Zoom Camera - Black,UBIQUITI
UVC-G5-TURRET-ULTRA-B,0810084696972,59.6,0,outofstock,yes,Ubiquiti UVC-G5-TURRET-ULTRA-B UniFi Protect G5 Turret Ultra HD PoE Black Turret IP Camera w/ 30m Night Vision (4 MP),UBIQUITI
UVC-G5-TURRET-ULTRA,810084693575,61.5,0,outofstock,yes,Ubiquiti UVC-G5-TURRET-ULTRA UniFi Protect G5 Turret Ultra HD PoE Turret IP Camera w/ 30m Night Vision (4 MP),UBIQUITI
UVC-G6-BULLET-W,0810084698792,141.11,1,instock,yes,Ubiquiti UniFi Protect G6 Bullet UVC-G6-Bullet-W All Weather 4K PoE Camera,UBIQUITI
UVC-G6-INS-W-UK,0810177160601,123.58,17,instock,yes,"Ubiquiti (UVC-G6-INS-W-UK) Plug-and-play, 4K WiFi-connected camera with a 1/1.8"" 8MP image sensor, Multi-TOPS AI Engine, and two-way audio.",UBIQUITI
UVC-G6-TURRET-W,0810084698815,141.52,0,outofstock,yes,"Ubiquiti UVC-G6-Turret-W All-weather, tamper-resistant 4K PoE camera with a 1/1.8"" 8MP image sensor, Multi-TOPS AI Engine, and 3-axis manual adjustment for flexible installation",UBIQUITI
UX7,810084699188,143.27,0,outofstock,yes,"Ubiquiti UX7 UniFi Express 7 Ultra Compact Mesh Scalable Combined Router, WiFi 7 Access Point and Gateway",UBIQUITI
UXG-FIBER,0810177161530,192.58,0,outofstock,yes,Ubiquiti UXG-FIBER UniFi Gateway Fiber 10G Independent Gateway Router with 2.5 GBE Switch,UBIQUITI
UXG-LITE,810084692042,97.16,4,instock,yes,Ubiquiti UXG-LITE UniFi Security Gateway Lite - Advanced Router and Gateway (UK PSU Included),UBIQUITI
UXG-MAX,810084695210,145.96,0,outofstock,yes,Ubiquiti UXG-MAX UniFi Gateway Max 2.5G Multi-WAN Advanced Router and Gateway - UK Plug,UBIQUITI
UXG-PRO,0810010073525,367.0,0,outofstock,yes,Ubiquiti UniFi Router Next-generation Gateway Pro - UXG-Pro,UBIQUITI
DX517,0846504002672,350.73,0,outofstock,yes,"Synology DX517 5-Bay Expansion Unit, Supports up to 80TB, Hot Swappable Drives, 3 Year Warranty",SYNOLOGY
90AR0072-M00290,4711387492093,399.55,1,instock,yes,"ASUS NUC 14 Pro Barebone Kit, Intel Core Ultra 7 165H CPU, Intel Arc Graphics, Wi-Fi 6E, Bluetooth 5.3",ASUS
P500SV-13420H3X,4711636197373,507.25,7,instock,yes,"ASUS ExpertCenter P500 P500SV-13420H3X Small Form Factor PC, Intel Core i5-13420H 13th Gen, 16GB RAM, 512GB SSD, Windows 11 Pro with Keyboard and Mouse",ASUS
PM700SK-0R5330012X,4711636306621,499.47,29,instock,yes,"ASUS ExpertCenter P700 PM700SK-0R5330012X Small Form Factor Copilot+ PC, AMD Ryzen AI 5 330, 16GB DDR5 RAM, 512GB SSD, Windows 11 Pro with Keyboard and Mouse",ASUS
20PN3,5397184936221,563.12,4,instock,yes,"Dell Pro QCM1250 Mini Desktop PC, Intel Core i5-14500 14th Gen, 16GB DDR5-SDRAM, 512GB SSD, Windows 11 Pro with 1 Year Onsite Warranty",DELL
G92NH,5397184960523,464.78,26,instock,yes,"Dell Pro QCS1250 Slim Desktop PC, Intel Core i5-14500 14th Gen, 8GB DDR5-SDRAM, 512GB SSD, Windows 11 Pro",DELL
JX4DR,5397184935606,595.58,16,instock,yes,"Dell Pro QCS1250 Slim Desktop PC, Intel Core i5-14500 14th Gen, 16GB DDR5-SDRAM, 512GB SSD, Windows 11 Pro",DELL
GB-BMPD-6005,4719331600846,137.45,6,instock,yes,"Gigabyte BRIX (GB-BMPD-6005) Barebone Kit, Intel Pentium Silver N6005 2.8GHz Quad Core CPU,1 x DDR4 SO-DIMM Slot, 1 x M.2 2280 Slot, 1 x 2.5 Inch SATA Slot, Dual Band Wi-Fi & Bluetooth 4.2",GIGABYTE
GB-BRI3H-1315,4719331602123,255.1,9,instock,yes,"Gigabyte BRIX (GB-BRI3H-1315) Barebone Kit, Intel Core i3-1315U 4.5GHz 6 Core CPU, 2 x DDR4 SO-DIMM Slots, 1 x M.2-2280 Slot, 1 x 2.5 Inch SATA Slot, Wi-Fi 6 & Bluetooth 5.2",GIGABYTE
GB-BRI5H-1335,4719331602116,335.56,96,instock,yes,"Gigabyte BRIX (GB-BRI5H-1335) Barebone Kit, Intel Core i5-1335U 4.6GHz 10 Core CPU, 2 x DDR4 SO-DIMM Slots, 1 x M.2 2280 Slot, 1x 2.5"" SATA Slot Wi-Fi 6 & Bluetooth 5.2",GIGABYTE
GB-BRI7H-1355,4719331602109,419.59,9,instock,yes,"Gigabyte BRIX (GB-BRI7H-1355) Barebone Kit, Intel Core i7-1355U 5.0GHz 10 Core CPU, 2 x DDR4 SO-DIMM Slots, 1 x M.2 2280 Slot, 1x 2.5"" SATA Slot, Wi-Fi 6 & Bluetooth 5.2",GIGABYTE
GB-BN1P-N200,4820177145955,164.54,6,instock,yes,"Gigabyte BRIX (GB-BN1P-N200) Barebone Kit, Intel N200 3.2GHz Quad Core CPU, 1 x DDR4 SO-DIMM Slot, 2 x M.2 2280 Slots, Wi-Fi 6 & Bluetooth 5.2",GIGABYTE
GB-BRU5-225H,4719331602345,366.58,8,instock,yes,"Gigabyte BRIX (GB-BRU5-225H) Barebone Kit, Intel Core Ultra 5 225H 14 Core CPU, 2 x DDR5 SO-DIMM Slots, 2 x M.2 2280 Slots, 1 x M.2 E Key 2230 Wi-Fi & BT slot (Wi-Fi 7 RTL8922AE)",GIGABYTE
GB-BTIP-N150,4719331602307,139.44,2,instock,yes,"Gigabyte BRIX (GB-BTIP-N150) Barebone Kit, Intel N150 3.6GHz Quad Core CPU, 1 x DDR5 SO-DIMM Slot, 2 x M.2-2280 Slot, 1 x M.2-2230 slot, 1 x 2.5 Inch SATA Slot, Wi-Fi 5 & Bluetooth 5.0",GIGABYTE
623W1ET#ABU,0197961463620,455.12,13,instock,yes,"HP Pro 290 G9 Small Form Factor Desktop PC, Intel Core i5-13500 13th Gen, 8GB RAM, 256GB SSD, Windows 11 Pro",HEWLETT PACKARD
623W2ET#ABU,0197961463217,479.25,38,instock,yes,"HP Pro 290 G9 Small Form Factor Desktop PC, Intel Core i5-13500 13th Gen, 8GB RAM, 512GB SSD, Windows 11 Pro",HEWLETT PACKARD
623W7ET#ABU,0197961463132,459.85,2,instock,yes,"HP Pro Mini 400 G9 Desktop Mini, Intel Core i5-13500T 13th Gen, 8GB RAM, 256 SSD, Intel UHD Graphics 770, Windows 11 Pro",HEWLETT PACKARD
997S0ET#ABU,0198415815880,578.58,0,outofstock,yes,"HP Pro Mini 400 G9 Desktop Mini, Intel Core i5-14500T 14th Gen, 16GB RAM, 512 SSD, Intel UHD Graphics 770, Windows 11 Pro",HEWLETT PACKARD
9H724ET#ABU,0198415412201,422.25,2,instock,yes,"HP Pro 290 G9 Small Form Factor Desktop PC, Intel Core i3-13100 13th Gen, 8GB RAM, 256GB SSD, Windows 11 Pro",HEWLETT PACKARD
BY6Y1ET#ABU,0199485168647,623.94,2,instock,yes,"HP ProDesk 4 Mini 400 G1i BY6Y1ET#ABU, Intel Core Ultra 5-235T, 16GB RAM, 512 SSD, Intel Graphics, Windows 11 Pro",HEWLETT PACKARD
12LN000AUK,0196804564487,434.55,7,instock,yes,"Lenovo ThinkCentre neo 50q G4 12LN000AUK Mini PC, Intel Core i5-13420H 13th Gen, 8GB RAM, 256GB SSD, Windows 11 Pro with Keyboard and Mouse",LENOVO
12TD003QUK,0198153572076,452.56,14,instock,yes,"Lenovo ThinkCentre M70q G5 12TD003QUK Tiny PC, Intel Core i5-14400T 14th Gen, 8GB DDR5 RAM, 256GB SSD, Intel UHD Graphics 730, Windows 11 Pro with Keyboard and Mouse",LENOVO
12TD0094UK,0199271788998,725.25,7,instock,yes,"Lenovo ThinkCentre M70q G5 12TD0094UK Tiny PC, Intel Core i7-14700T 14th Gen, 16GB DDR5 RAM, 512GB SSD, Intel UHD Graphics 770, Windows 11 Pro with Keyboard and Mouse",LENOVO
12U80003UK,0198153044702,639.58,5,instock,yes,"Lenovo ThinkCentre M70s G5 12U80003UK  SFF PC, Intel Core i5-14400T 14th Gen, 16GB DDR5 RAM, 512GB SSD, Intel UHD Graphics 730, Windows 11 Pro with Keyboard and Mouse and 3 Year Onsite Warranty",LENOVO
13DK0010UK,0198156316080,484.85,9,instock,yes,"Lenovo ThinkCentre neo 30s 13DK0010UK Small Form Factor G5 PC, Intel Core i5-13420H 13th Gen, 8GB RAM, 256GB SSD, Windows 11 Pro with Keyboard and Mouse",LENOVO
13DK002AUK,0198156315489,577.82,2,instock,yes,"Lenovo ThinkCentre neo 30s G5 13DK002AUK Small Form Factor PC, Intel Core i5-13420H 13th Gen, 16GB RAM, 512GB SSD, Windows 11 Pro with Keyboard and Mouse",LENOVO
13G00005UK,0199271429419,416.25,7,instock,yes,"Lenovo ThinkCentre neo 55s G6 13G00005UK Small Form Factor PC, AMD Ryzen 5 220, 8GB RAM, 256GB SSD, Windows 11 Pro with Keyboard and Mouse",LENOVO
13GN000YUK,0199272642237,495.96,12,instock,yes,"Lenovo ThinkCentre neo 55q G6 13GN000YUK Tiny PC, AMD Ryzen 5 220, 16GB RAM, 512GB SSD, Windows 11 Pro with Keyboard and Mouse",LENOVO
CUBI NUC 1M I5 120U BB,4711377229135,315.15,44,instock,yes,"MSI Cubi NUC 1M, Intel Core 5 120U (14th Gen) Barebone, Intel Graphics, 2x DDR5 Slots, Dual ThunderBolt 4, Dual HDMI, Dual LAN, WiFi 6E, BT 5.3 with VESA Mount and Keyboard & Mouse",MSI
C11CK66401,8715946702728,44.59,80,instock,yes,"Epson Expression Home XP-3200 C11CK66401 Inkjet Multifunction Printer, Colour, Wireless, All-in-One, Duplex",EPSON
YD3400C5FHSBX,0730143318020,56.96,0,outofstock,yes,"AMD Ryzen 5 3400G 3.7GHz 4 Core AM4 Processor, 8 Threads, 4.2GHz Boost, Radeon Vega 11 Graphics",AMD
100-100000510BOX,730143314060,45.69,7,instock,yes,"AMD Ryzen 3 4100 4 Core AM4 Processor, 8 Threads, 3.8GHz up to 4.0GHz Boost, 6MB Cache, 65W, with Wraith Stealth Cooler, No Graphics",AMD
100-100000144BOX,0730143313988,74.98,0,outofstock,yes,"AMD Ryzen 3 4300G 4 Core AM4 Processor, 8 Threads, 3.8GHz up to 4.0GHz Boost, 6MB Cache, 65W, with Wraith Stealth Cooler, Radeon Vega 6 Graphics",AMD
100-100000644BOX,730143314114,52.26,0,outofstock,yes,"AMD Ryzen 5 4500 6 Core AM4 Processor, 12 Threads, 3.6GHz up to 4.1GHz Boost, 11MB Cache, 65W, with Wraith Stealth Cooler, No Graphics",AMD
100-100000457BOX,0730143314121,61.09,0,outofstock,yes,"AMD Ryzen 5 5500 6 Core AM4 Processor, 12 Threads, 3.6GHz up to 4.2GHz Boost, 19MB Cache, 65W, with Wraith Stealth Cooler, No Graphics",AMD
100-100001489BOX,730143316040,89.25,0,outofstock,yes,"AMD Ryzen 5 5500GT 3.6GHz 6 Core AM4 Processor, 12 Threads, 3.6GHz up to 4.4GHz Boost, 19MB Cache, 65W,  with Wraith Stealth Cooler, Radeon Graphics",AMD
100-100000927BOX,0730143314190,134.51,0,outofstock,yes,"AMD Ryzen 5 5600 6 Core AM4 Processor, 12 Threads, 3.5GHz up to 4.4GHz Boost, 32MB Cache, 65W, with Wraith Stealth Cooler, No Graphics",AMD
100-100001488BOX,730143316002,109.59,0,outofstock,yes,"AMD Ryzen 5 5600GT 6 Core AM4 Processor, 12 Threads, 3.6GHz up to 4.6GHz Boost, 19MB Cache, 65W, with Wraith Stealth Cooler, Radeon Graphics",AMD
100-100000065BOX,0730143312042,119.29,0,outofstock,yes,"AMD Ryzen 5 5600X 6 Core AM4 Processor, 12 Threads, 3.7GHz up to 4.6GHz Boost, 35MB Cache, 65W, with Wraith Stealth Cooler, No Graphics",AMD
100-100000263BOX,730143313377,156.2,9,instock,yes,"AMD Ryzen 7 5700G 3.8GHz 8 Core AM4 Processor, 16 Threads, 3.9GHz up to 4.6GHz Boost, 20MB Cache, 65W,  with Wraith Stealth Cooler, Radeon Graphics",AMD
100-100000926WOF,0730143314275,204.52,80,instock,yes,"AMD Ryzen 7 5700X 3.4GHz 8 Core AM4 Processor, 16 Threads, 3.4GHz up to 4.6GHz Boost, 36MB Cache, 65W, No Fan, No Graphics",AMD
100-100000063WOF,0730143312714,180.25,11,instock,yes,"AMD Ryzen 7 5800X 3.8GHz 8 Core AM4 Processor, 16 Threads, 3.8GHz up to 4.5GHz Boost, 36MB Cache, 105W, No Fan, No Graphics",AMD
100-100001582BOX,730143316576,159.59,0,outofstock,yes,"AMD Ryzen 7 5800XT, 8 Core AM4 Processor, 16 Threads, 3.8GHz up to 4.8GHz Boost, 36MB Cache, 105W, with Wraith Prism Cooler, No Graphics",AMD
100-100001582WOF N,Â 0730143317818,176.69,0,outofstock,yes,"AMD Ryzen 7 5800XT, 8 Core AM4 Processor, 16 Threads, 3.8GHz up to 4.8GHz Boost, 36MB Cache, 105W,  No Graphics",AMD
100-100001581WOF,730143316552,231.59,0,outofstock,yes,"AMD Ryzen 9 5900XT, 16 Core AM4 Processor, 32 Threads, 3.3GHz up to 4.8GHz Boost, 64MB Cache, 105W, No Fan, No Graphics",AMD
100-100001015BOX,0730143314572,129.54,0,outofstock,yes,"AMD Ryzen 5 7600 6 Core AM5 Processor, 12 Threads, 3.8GHz up to 5.1GHz Boost, 38MB Cache, 65W, Wraith Stealth Cooler, Radeon Graphics",AMD
100-100000593WOF,730143314442,139.56,20,instock,yes,"AMD Ryzen 5 7600X 4.7GHz 6 Core AM5 Processor, 12 Threads, 4.7GHz up to 5.3GHz Boost, 38MB Cache,105W, No Fan, Radeon Graphics",AMD
100-100000592SBX,730143318037,208.21,3,instock,yes,"AMD Ryzen 7 7700 with Radeon Graphics, 8 Core Processor, 16 Threads, 3.8GHz up to 5.3GHz Boost, 40MB Cache, 65W, Wraith Prism LED Cooler, Radeon Graphics",AMD
100-100000591WOF,730143314428,179.56,9,instock,yes,"AMD Ryzen 7 7700X with Radeon Graphics, 8 Core Processor, 16 Threads, 4.5GHz up to 5.4GHz Boost, 40MB Cache, 105W, No Fan, Radeon Graphics",AMD
100-100000910WOF,0730143314930,238.12,2,instock,yes,"AMD Ryzen 7 7800X3D 4.2GHz AM5 Processor, 8 cores, 16 Threads, 4.2GHz up to 5.0GHz Boost, 104MB Cache, No Fan, Radeon Graphics",AMD
100-100000590BOX,0730143314466,235.21,3,instock,yes,"AMD Ryzen 9 7900 with Radeon Graphics, 12 Core Processor, 24 Threads, 3.7GHz up to 5.4GHz Boost, 76MB Cache, 65W, Wraith Prism LED Cooler, Radeon Graphics",AMD
100-100000589WOF,730143314558,231.26,3,instock,yes,"AMD Ryzen 9 7900X with Radeon Graphics, 12 Core Processor, 24 Threads, 4.7GHz up to 5.6GHz Boost, 76MB Cache, 170W, No Fan, Radeon Graphics",AMD
100-100001591BOX,0730143316736,99.23,9,instock,yes,"AMD Ryzen 5 8400F AM5 4.7GHz 6 Core Processor, 12 Threads, 22MB Cache, 65W TDP",AMD
100-100000931BOX,730143316439,121.23,0,outofstock,yes,"AMD Ryzen 5 8500G 3.5GHz 6 Core AM5 Processor, 12 Threads, 3.5GHz up to 5.0GHz Boost, 22MB Cache, with Wraith Stealth Cooler, Radeon Graphics",AMD
100-100001590BOX,0730143316699,179.59,10,instock,yes,"AMD Ryzen 7 8700F AM5 Processor,8 Core, 16 Threads, 4.1GHz up to 5GHz Boost, 16MB Cache, 65W,AMD Wraith Stealth Cooler",AMD
100-100001236SBX,0730143317696,189.59,9,instock,yes,"AMD Ryzen7 8700G 8 Core AM5 Processor 4.2GHz up to 5.1GHz Boost, 24MB Cache, 65W,  Radeon 780MGraphics ",AMD
100-100001405WOF,730143315609,175.32,16,instock,yes,"AMD Ryzen 5 9600X 6 Core AM5 Processor, 12 Threads, 3.9GHz up to 5.4GHz Boost, 38MB Cache, 65W, No Fan, Radeon Graphics",AMD
100-100001404WOF,730143315593,210.21,6,instock,yes,"AMD Ryzen 7 9700X with Radeon Graphics, 8 Core AM5 Processor, 16 Threads, 3.8GHz up to 5.5GHz Boost, 40MB Cache, 65W, No Fan, Radeon Graphic",AMD
100-100001084WOF,730143315289,303.26,19,instock,yes,"AMD Ryzen 7 9800X3D with Radeon Graphics, 8 Core AM5 Processor, 16 Threads, 4.7GHz up to 5.2GHz Boost, 104MB Cache, 120W, No Fan, Radeon Graphics",AMD
100-100001973WOF,0730143318280,353.94,187,instock,yes,"AMD Ryzen 7 9850X3D 5.6GHz 8 Core AM5 Desktop Processor with 16 Threads, AMD Radeon Graphics, 104MB Cache & 120W TDP",AMD
100-100000662WOF,730143315296,268.16,7,instock,yes,"AMD Ryzen 9 9900X with Radeon Graphics, 12 Core AM5 Processor, 24 Threads, 4.4Ghz up to 5.6GHz Boost, 76MB Cache, 120W, No Fan, Radeon Graphics",AMD
100-1000001368WOF,730143315579,371.21,0,outofstock,yes,"AMD Ryzen 9 9900X3D 12 Core AM5 Processor with Radeon Graphics, 24 Threads, 4.4GHz up to 5.5GHz Boost, 140MB Cache, 120W, No Fan, Radeon Graphics",AMD
100-100001277WOF,730143315272,365.21,5,instock,yes,"AMD Ryzen 9 9950X with Radeon Graphics, 16 Core AM5 Processor, 32 Threads, 4.3GHz up to 5.7GHz Boost, 80MB Cache, 170W, No Fan, Radeon Graphics",AMD
100-100000719WOF,730143315555,440.21,1,instock,yes,"AMD Ryzen 9 9950X3D 16 Core AM5 Processor with Radeon Graphics, 4.3GHz up to 5.7GHz Boost, 144MB Cache, 170W, No Fan, Radeon Graphics",AMD
BX8071512700KF,00735858498982,228.59,35,instock,yes,"Intel 12th Gen Core i7-12700KF 12 Core Processor 20 Threads, 3.6GHz up to 5.0GHz Turbo Alder Lake Socket LGA1700, 25MB Cache, 125W, Maximum Turbo Power 190W, No Graphics, No Cooler",INTEL
BX8071514100,5032037279079,138.24,76,instock,yes,"Intel Core i3 14100 4 Core Processor 8 Threads, 3.5GHz up to 4.7GHz Turbo Raptor Lake Refresh Socket LGA 1700 12MB Cache, 60W, Maximum Turbo Power 110W, Intel UHD 730 Graphics",INTEL
BX8071514100F,5032037279093,59.75,28,instock,yes,"Intel Core i3 14100F 4 Core Processor 8 Threads, 3.5GHz up to 4.7GHz Turbo, Raptor Lake Refresh Socket LGA 1700 12MB Cache, 60W, Maximum Turbo Power 110W, No Graphics,",INTEL
BX8071512100,5032037238458,135.23,96,instock,yes,"Intel Core i3 12100 4 Core Processor 8 Threads, 3.3GHz up to 4.3GHz Turbo, Alder Lake Socket LGA 1700, 12MB Cache, 60W, Maximum Turbo Power 89W, Intel UHD 730 Graphics",INTEL
BX8071512100F,5032037238731,66.42,0,outofstock,yes,"Intel Core i3 12100F 4 Core Processor 8 Threads, 3.3GHz up to 4.3GHz Turbo, Alder Lake Socket LGA 1700, 12MB Cache, 60W, Maximum Turbo Power 89W, No Graphics",INTEL
BX8071514400,5032037279130,153.25,63,instock,yes,"Intel Core i5 14400 10 Core Processor 16 Threads, 3.5GHz up to 4.7GHz Turbo Raptor Lake Refresh Socket LGA 1700 20MB Cache, 65W, Maximum Turbo Power 148W, Intel UHD 730 Graphics",INTEL
BX8071514400F,5032037279147,137.59,68,instock,yes,"Intel Core i5 14400F 10 Core Processor 16 Threads, 3.5GHz up to 4.7GHz Turbo Raptor Lake Refresh Socket LGA 1700 20MB Cache, 65W, Maximum Turbo Power 148W, No Graphics",INTEL
BX8071514500,5032037279178,212.59,0,outofstock,yes,"Intel Core i5 14500 14 Core Processor 20 Threads, 2.6GHz up to 5.0GHz Turbo Raptor Lake Refresh Socket LGA 1700 24MB Cache, 65W, Maximum Turbo Power 148W, Intel UHD 730 Graphics",INTEL
BX8071514600K,5032037278447,215.56,23,instock,yes,"Intel Core i5 14600K 14 Core Processor, 20 Threads, 2.5GHz up to 5.3GHz Turbo Raptor Lake Refresh Socket LGA 1700 20MB Cache, 65W, Maximum Turbo Power 148W, Intel UHD 730 Graphics, No Cooler",INTEL
BX8071514600KF,5032037278461,166.82,33,instock,yes,"Intel Core i5 14600KF 14 Core Processor 20 Threads, 2.5GHz up to 5.3GHz Turbo Raptor Lake Refresh Socket LGA 1700 20MB Cache, 65W, Maximum Turbo Power 148W, No Graphics, No Cooler",INTEL
BX8071512400,5032037237741,159.59,44,instock,yes,"Intel Core i5 12400 6 Core Processor 12 Threads, 2.5GHz up to 4.4GHz Turbo, Alder Lake Socket LGA 1700 18MB Cache, 65W, Maximum Turbo Power 117W, Intel UHD 730 Graphicss",INTEL
BX8071512400F,5032037237758,93.89,13,instock,yes,"Intel Core i5 12400F 6 Core Processor 12 Threads, 2.5GHz up to 4.4GHz Turbo, Alder Lake Socket LGA 1700, 18MB Cache, 65W, Maximum Turbo Power 117W, No Graphics",INTEL
BX8071512600K,00735858499040,165.17,0,outofstock,yes,"Intel 12th Gen Core i5-12600K 10 Core Processor 20 Threads, 3.7GHz up to 4.9GHz Turbo, Alder Lake Socket LGA1700, 20MB Cache, 125W, Maximum Turbo Power 150W, Intel UHD 770 Graphics, No Cooler",INTEL
BX8071514700,5032037279239,280.52,36,instock,yes,"Intel Core i7 14700 20 Core Processor, 28 Threads, 2.1GHz up to 5.3GHz Turbo Raptor Lake Socket LGA 1700 33MB Cache, 65W, Maximum Turbo Power 219W, Intel UHD 770 Graphics",INTEL
BX8071514700F,5032037547680,252.36,10,instock,yes,"Intel Core i7 14700F 20 Core Processor 28 Threads, 2.1GHz up to 5.3GHz Turbo Raptor Lake Socket LGA 1700 33MB Cache, 65W, Maximum Turbo Power 219W, No Graphics",INTEL
BX8071514700K,5032037278485,280.89,18,instock,yes,"Intel Core i7 14700K 20 Core Processor, 28 Threads, 2.5GHz up to 5.6GHz Turbo Raptor Lake Socket LGA 1700 33MB Cache, 125W, Maximum Turbo Power 253W, Intel UHD 770 Graphics, No Cooler",INTEL
BX8071514700KF,5032037278508,267.69,52,instock,yes,"Intel Core i7 14700KF 20 Core Processor, 28 Threads, 2.5GHz up to 5.6GHz Turbo Raptor Lake Socket LGA 1700 33MB Cache, 125W, Maximum Turbo Power 253W, No Graphics, No Cooler",INTEL
BX8071512700,5032037237840,269.59,18,instock,yes,"Intel Core i7 12700 12 Core Processor, 20 Threads, 2.1GHz up to 4.9GHz Turbo Alder Lake Socket LGA 1700 25MB Cache, 65W, Maximum Turbo Power 180W, Intel UHD 730 Graphic",INTEL
BX8071512700F,5032037237826,208.59,21,instock,yes,"Intel Core i7 12700F 12 Core Processor Processor, 20 Threads, 2.1GHz up to 4.9GHz Turbo Alder Lake Socket LGA 1700 25MB Cache, 65W, Maximum Turbo Power 180W, No Graphics",INTEL
BX8071512700K,00735858498920,247.59,14,instock,yes,"Intel 12th Gen Core i7-12700K 12 Core Processor 20 Threads, 3.6GHz up to 5.0GHz Turbo, Alder Lake Socket LGA1700, 25MB Cache, 125W, Maximum Turbo Power 190W Overclockable CPU, No Cooler",INTEL
BX8071514900K,5032037278522,371.52,18,instock,yes,"Intel Core i9 14900K 24 Core Processor, 32 Threads, 3.0GHz up to 5.8GHz Turbo Raptor Lake Socket LGA 1700 36MB Cache, 125W, Maximum Turbo Power 253W, Intel UHD 770 Graphics, No Cooler",INTEL
BX8071514900KF,5032037278546,358.1,16,instock,yes,"Intel Core i9 14900KF 24 Core Processor, 32 Threads, 3.0GHz up to 5.8GHz Turbo Raptor Lake Socket LGA 1700 36MB Cache, 125W, Maximum Turbo Power 253W, No Graphics, No Cooler",INTEL
BX8071512900K,00735858499613,305.15,17,instock,yes,"Intel 12th Gen Core i9-12900K 16 Core Desktop 24 Threads, 3.2GHz up to 5.2GHz Turbo, Alder Lake Socket LGA1700, 30MB Cache, 125W, Maximum Turbo Power 241W, Intel UHD 770 Graphics, No Cooler",INTEL
BX8071512900KF,5032037234221,258.49,5,instock,yes,"Intel 12th Gen Core i9-12900KF 16 Core Processor 24 Threads, 3.2GHz up to 5.2GHz Turbo, Alder Lake Socket LGA1700, 30MB Cache, 125W, Maximum Turbo Power 241W, No Graphics, No Cooler",INTEL
BX80768225,5032037282352,124.46,7,instock,yes,"Intel Core Ultra 5 225 2.7Ghz up to 4.9GHz 10 Core, 10 Threads,  20MB Cache, 65W, Maximum Turbo Power 121W",INTEL
BX80768245K,5032037282086,149.59,3,instock,yes,"Intel Core Ultra 5 245K 14 Core Processor, 14 Threads, 3.6GHz up to 5.2GHz, LGA 1851 Arrow Lake Processor, 24MB Cache,125w, 159w Maximum Turbo Power,  Arc Xe2 Graphics 64EU, No Cooler",INTEL
BX80768250K,5032037284738,192.52,2,instock,yes,"Intel Core Ultra 5 processor 250K Plus, 18 Cores, 18 Threads, 3.3GHz up to 5.3GHz, LGA 1851 Socket ,30MB Cache, 125W, Maximum Turbo Power 159W, Intel Graphics, No Cooler",INTEL
BX80768265,5032037282512,269.54,0,outofstock,yes,"Intel Core (BX80768265) Ultra 7 Processor 265 Processor 20 Core,  20 Threads, 2.4GHz up to 5.3GHz Turbo,  LGA 1851 Socket, 66MB Cache, 65W, Maximum Turbo Power182W",INTEL
BX80768265K,5032037282062,245.69,0,outofstock,yes,"Intel Core Ultra 7 265K 20 Core, 20 Threads, 3.9GHz up to 5.5GHz Arrow Lake Processor LGA 1851, 36MB Cache, 125w, 250w Maximum Turbo Power, Arc Xe2 Graphics 64EU, No Cooler",INTEL
BX80768270K,5032037284837,239.56,20,instock,yes,"Intel Core Ultra 7 processor 270K Plus, 24 Cores, 24 Threads, 3.2GHz up to 5.5GHz, LGA 1851 Socket 36MB Cache, 125W, Maximum Turbo Power 250W, Intel Graphics, No Cooler",INTEL
BX80768285K,5032037281928,425.12,14,instock,yes,"Intel Core Ultra 9 285K 24 Core, 24 Threads, 3.7GHz up to 5.7GHz Arrow Lake Processor  LGA 1851, 36MB Cache, 125w, 250w Maximum Turbo Power, Arc Xe2 Graphics 64EU, No Cooler",INTEL
0-761345-20075-2,761345200738,59.54,1,instock,yes,"Antec CSK1000 PRO 1000W ATX 3.1 Power Supply - 80 PLUS Bronze, Semi-Modular, PCIe 5.1 Ready, 12V-2x6 Connector, Quiet 120mm Fan, UK Plug",ANTEC
0-761345-20103-2,0761345201032,31.05,87,instock,yes,"Antec CSK550DC 550W Power Supply, 80 Plus Bronze Certified, ATX 12V 2.52, Non-Modular, DC-to-DC, Flat Black Cables, 120mm Quiet Fan, UK Plug",ANTEC
0-761345-20113-1,0761345201131,39.88,92,instock,yes,"Antec CSK DC 750W PSU, 80+ Bronze, Fully Wired, Antec's 5-year warranty",ANTEC
0-761345-20118-6,0761345201186,42.28,1,instock,yes,"Antec CSK DC 750W White PSU, 80+ Bronze, Fully Wired, Antec's 5-year warranty",ANTEC
0-761345-20071-4,0761345200714,49.55,22,instock,yes,"Antec CSK850 PRO 850W Semi-Modular ATX 3.1 Power Supply, PCIe 5.1 Ready with 12V 2x6 Connector, 80 Plus Bronze Certified, Quiet 120mm Fan, 5-Year Warranty",ANTEC
0-761345-20140-7,0761345201407,69.5,0,outofstock,yes,"Antec GSK ATX3.1 750W Power Supply V2 - 80 PLUS Gold, Full Modular, PCIe 5.1, JP Capacitors, Zero RPM Manager, 7-Year Warranty",ANTEC
0-761345-20147-6,0761345201476,63.9,79,instock,yes,"Antec GSK850 V2 850W Fully Modular ATX 3.1 Power Supply, 80 PLUS Gold, PCIe 5.1 Ready with 12V-2x6 Cable, Silent 120mm Fan, High-Performance PSU for Gaming PCs",ANTEC
0-761345-20093-6,0761345200936,74.96,3,instock,yes,"Antec GSK ATX3.1 850W Power Supply, White,80 PLUS Gold, Full Modular, PCIe 5.1, JP Capacitors, Silent FDB Fan, CircuitShield Protection",ANTEC
0-761345-20153-7,0761345201537,76.11,4,instock,yes,"Antec GSK ATX3.1 850W Power Supply V2, White,80 PLUS Gold, Full Modular, PCIe 5.1, JP Capacitors, Silent FDB Fan, CircuitShield Protection",ANTEC
0-761345-20014-1,0761345200141,122.22,20,instock,yes,"Antec HCG1000 PRO Platinum ATX 3.1 Power Supply - 1000W, Fully Modular, 80 PLUS Platinum Certified, Silent Fan, High-Performance Gaming PSU",ANTEC
0-761345-20020-2,0761345200202,149.52,26,instock,yes,"Antec HCG1200 PRO Platinum ATX 3.1 Power Supply - 1200W, Fully Modular, 80 PLUS Platinum Certified, Silent Fan, High-Performance Gaming PSU",ANTEC
0-761345-20008-0,0761345200080,99.66,14,instock,yes,"Antec HCG850 PRO Platinum ATX 3.1 Power Supply - 850W, Fully Modular, 80 PLUS Platinum Certified, Silent Fan, High-Performance Gaming PSU",ANTEC
0-761345-11394-6,761345113946,86.55,5,instock,yes,"Antec NE1000G M, PCIe 5.0 Ready, Fully Modular, 80PLUS Gold, Single Rail, 83A, 120mm FDB Fan, ATX3.0 PSU",ANTEC
0-761345-20212-1,0761345202121,82.66,0,outofstock,yes,"Antec NE1000 Platinum NeoEco 1000W Fully -Modular ATX 3.1 Power Supply, PCIe 5.1 Ready with 12V 2x6 Connector, 80 Plus Platinum Certified, 120mm FDB Silent Fan, 10-Year Warranty",ANTEC
0-761345-20218-3,0761345202183,93.36,2,instock,yes,"Antec NE1200 Platinum NeoEco 1200W Fully -Modular ATX 3.1 Power Supply, PCIe 5.1 Ready with 12V 2x6 Connector, 80 Plus Platinum Certified, 120mm FDB Silent Fan, 10-Year Warranty",ANTEC
0-761345-20206-0,0761345202060,70.02,11,instock,yes,"Antec NE850 Platinum NeoEco 850W Fully -Modular ATX 3.1 Power Supply, PCIe 5.1 Ready with 12V 2x6 Connector, 80 Plus Platinum Certified, 120mm FDB Silent Fan, 10-Year Warranty",ANTEC
0-761345-20161-2,0761345201612,330.66,8,instock,yes,"Antec Signature 2200 Platinum 2200W ATX 3.1 Power Supply â Fully Modular, 80 PLUS Platinum, PCIe 5.1 Ready, AI-Assisted Smart Fan Control, 12V-2x6 Connector",ANTEC
90-UXC075-BNGAAA,4710483948220,46.65,24,instock,yes,"ASRock PRO-650B ATX Power Supply Unit, 80 PLUS BRONZE Certified, Low noise 120mm FAN, High Efficiency PSU",ASROCK
90-UXC075-GNGAAA,4710483948299,54.84,22,instock,yes,"ASRock CL-750G 750W ATX Power Supply Unit, 80 PLUS GOLD Certified, 120mm Golf-Blade Fan, High Efficiency PSU",ASROCK
90-UXC085-GNGAAA,4710483948367,58.93,4,instock,yes,"ASRock CL-850G 850W ATX Power Supply Unit, 80 PLUS GOLD Certified, 120mm Golf-Blade Fan, High Efficiency PSU",ASROCK
90-UXP100-GFGAAB,4710483948572,106.41,10,instock,yes,"ASRock Phantom Gaming PG-1000G 1000W ATX Power Supply Unit, 80 Plus Gold Certified, 120mm Silent Cooling Fan, High Efficiency PSU",ASROCK
90-UXP075-GFGAAB,4710483948435,85.42,13,instock,yes,"ASRock Phantom Gaming PG-750G 750W ATX Power Supply Unit, 80 Plus Gold Certified, 120mm Silent Cooling Fan, High Efficiency PSU",ASROCK
90-UXP085-GFGAAB,4710483948503,94.13,18,instock,yes,"ASRock Phantom Gaming PG-850G 850W ATX Power Supply Unit, 80 Plus Gold Certified, 135mm Fluid Dynamic Bearing Fan, High Efficiency PSU",ASROCK
90-UXR065-BNGAA2,4711581491656,32.18,26,instock,yes,"ASRock PRO-650B 650B ATX Power Supply Unit, 80 PLUS Bronze Certified, Low noise 120mm FAN, High Efficiency PSU",ASROCK
90-UXR065-GNGAA2,4711581491694,41.74,14,instock,yes,"ASRock PRO-650G 650W ATX Power Supply Unit, 80 Plus Gold Certified, 120mm Silent Cooling Fan, High Efficiency PSU",ASROCK
90-UXR075-BNGAA2,4711581491731,38.21,15,instock,yes,"ASRock PRO-750B 750W ATX Power Supply Unit, 80 Plus Bronze Certified, 120mm Silent Cooling Fan, High Efficiency PSU",ASROCK
90-UXR075-GNGAA2,4711581491373,47.47,6,instock,yes,"ASRock PRO-750G 750W ATX Power Supply Unit, 80 Plus Gold Certified, 120mm Silent Cooling Fan, High Efficiency PSU",ASROCK
90-UXR085-BNGAA2,4711581491410,45.11,2,instock,yes,"ASRock PRO-850B 850W ATX Power Supply Unit, 80 Plus Bronze Certified, 120mm Silent Cooling Fan, High Efficiency PSU",ASROCK
90-UXR085-GNGAA2,4711581491458,53.2,0,outofstock,yes,"ASRock PRO-850G 850W ATX Power Supply Unit, 80 Plus Gold Certified, 120mm Silent Cooling Fan, High Efficiency PSU",ASROCK
90-UXS100-GFGAAA,4710483949197,94.95,7,instock,yes,"ASRock Steel Legend SL-1000G 1000W ATX Power Supply Unit, 80 Plus Gold Certified, 120mm Silent Cooling Fan, High Efficiency PSU",ASROCK
90-UXS100-GFGABA,4710483949203,103.13,7,instock,yes,"ASRock Steel Legend SL-1000G 1000W ATX Power Supply Unit, 80 Plus Gold Certified, 120mm Silent Cooling Fan, High Efficiency PSU",ASROCK
90-UXS120-GFGAAA,4711581491076,105.59,3,instock,yes,"ASRock SL-1200G 1200W ATX Power Supply Unit, 80 PLUS GOLD Certified, 135mm Striped Axial FDB Fan, High Efficiency PSU",ASROCK
90-UXS065-GFGAAA,4710483948923,62.86,2,instock,yes,"ASRock Steel Legend SL-650G 650W ATX Power Supply Unit, 80 Plus Gold Certified, 120mm Silent Cooling Fan, High Efficiency PSU",ASROCK
90-UXS075-GFGAAA,4710483948985,69.56,1,instock,yes,"ASRock Steel Legend SL-750G 750W ATX Power Supply Unit, 80 Plus Gold Certified, 120mm Silent Cooling Fan, High Efficiency PSU",ASROCK
90-UXS085-GFGAAA,4710483949074,79.67,11,instock,yes,"ASRock Steel Legend SL-850G 850W ATX Power Supply Unit, 80 Plus Gold Certified, 120mm Silent Cooling Fan, High Efficiency PSU",ASROCK
90-UXS085-GFGABA,4710483949081,86.76,6,instock,yes,"ASRock Steel Legend SL-850G 850W ATX Power Supply Unit, 80 Plus Gold Certified, 120mm Silent Cooling Fan, High Efficiency PSU",ASROCK
90-UXT130-TFGAAB,4710483949296,219.36,5,instock,yes,"ASRock TC-1300T 1300W ATX, Power Supply Unit, 80 PLUS TITANIUM Certified. 135mm Striped Axial FDB Fan, High Efficiency PSU",ASROCK
90-UXT165-TFGAAB,4710483949845,264.38,5,instock,yes,"ASRock TC-1650T, 1600W ATX Power Supply Unit, 80 PLUS TITANIUM Certified. 135mm Striped Axial FDB Fan, High Efficiency PSU",ASROCK
BN238,4260052187128,65.65,0,outofstock,yes,"Be Quiet! 500W be quiet! SFX-L, Full Modular, 80PLUS Gold, Single Rail, 41.7A, 120mm Fan, SFX PSU w/ ATX Bracke",BEQUIET
BN239,4260052187135,72.95,0,outofstock,yes,"be quiet! SFX L Power 600W PSU, 80 PLUS Gold, SFX-to-ATX Adapter, Temperature Controlled 120mm Fan, 3 Year Warranty",BEQUIET
BN292,4260052186336,36.52,0,outofstock,yes,"Be Quiet! 400W PURE POWER 11, 80 PLUS Gold, SLI/CrossFire, Dual Rail, 32A, 120mm Fan, ATX PSU, 5 Year Warranty",BEQUIET
BN323,4260052188293,43.75,0,outofstock,yes,"be quiet! 300W TFX Power 3, 80 PLUS Gold Wired PSU, Dual Rail, 26A +12V, Black, TFX PSU",BEQUIET
BN331,4260052189368,222.66,4,instock,yes,be quiet! Dark Power Pro 13 1300W ATX3.0 80 PLUS Titanium PSU with PCIe 5.0 Support,BEQUIET
BN333,4260052189382,145.81,0,outofstock,yes,"Be Quiet! Dark Power 13, 750W PCIe 5.0 Fully Modular, 80PLUS Titanium, Quad Rail, 62.5A, 135mm Fan, ATX 3.0 PSU",BEQUIET
BN334,4260052189399,145.5,0,outofstock,yes,"Be Quiet! Dark Power 13, 850W PCIe 5.0 Fully Modular, 80PLUS Titanium, Quad Rail, 62.5A, 135mm Fan, ATX 3.0 PSU",BEQUIET
BP002EU,4260052191170,48.5,91,instock,yes,"be quiet! 650W PURE POWER 12, 80 PLUS Gold, ATX 3.1 compliant and PCIe 5.1 compatible,10-year manufacturer's warranty",BEQUIET
BP003EU,4260052191187,55.33,66,instock,yes,"be quiet! 750W PURE POWER 12, 80 PLUS Gold, ATX 3.1 compliant and PCIe 5.1 compatible,10-year manufacturer's warranty",BEQUIET
BP004EU,4260052191194,59.11,87,instock,yes,"be quiet! 850W PURE POWER 12, 80 PLUS Gold, ATX 3.1 compliant and PCIe 5.1 compatible,10-year manufacturer's warranty",BEQUIET
BP006EU,4260052191361,69.66,37,instock,yes,"be quiet! Power Zone 2 750W PSU - 80 PLUS Platinum, Semi-Passive Cooling, Pure Wings 3 Fan, PCIe 5.1/ATX 3.1 Compatibility, 10-Year Warranty",BEQUIET
BP009EU,4260052191859,30.6,0,outofstock,yes,"be quiet! System Power 11 450W is ATX 3.1 compliant and PCIe 5.1 compatible, 5-year manufacturer's warranty",BEQUIET
BP019UK,4260052194188,130.22,15,instock,yes,"be quiet! DARK POWER 14, 850W, 80 PLUS certified and Cybenetics efficiency, ATX 3.1 compliant, PCIe 5.1 compatible, backed by a 10-year manufacturer's warranty.",BEQUIET
BP024EU,4260052192160,58.22,11,instock,yes,"be quiet! Pure Power 13 M 550W is ATX 3.1 compliant and PCIe 5.1 compatible, 10-year manufacturer's warranty",BEQUIET
BP027EU,4260052192191,65.66,132,instock,yes,"be quiet! Pure Power 13 M 850W is ATX 3.1 compliant and PCIe 5.1 compatible,10-year manufacturer's warranty.",BEQUIET
BP028EU,4260052192207,74.22,0,outofstock,yes,"be quiet! Pure Power 13 M 1000W is ATX 3.1 compliant and PCIe 5.1 compatible, 10-year manufacturer's warranty.",BEQUIET
BP029UK,4260052193723,111.5,88,instock,yes,"be quiet! Pure Power 13 M 1200W PSU, 80 PLUS Gold, Exceptionally Quiet 120mm Fan, ATX 3.1, 10 Year Warranty",BEQUIET
BP030EU,4260052193631,127.66,12,instock,yes,"be quiet! Power Zone 2, 1200W, Semi-passive zero-RPM cooling, 2 x 90' angled 12V-2x6 connectors and PCIe 5.1/ATX 3.1 compatibility, 10-year manufacturer's warranty.",BEQUIET
BP900UK,4260052194119,225.0,12,instock,yes,be quiet! Dark Power Pro 13 1300W ATX3.0 80 PLUS Titanium PSU with PCIe 5.0 Support,BEQUIET
BP901UK,4260052194058,239.6,5,instock,yes,"be quiet! Dark Power Pro 13 1600W PSU, 80 PLUS Titanium, ATX 3.1 PSU with full support for PCIe 5.1 GPUs and GPUs with 6+2 pin connectors, 10-year manufacturers warranty",BEQUIET
BP905UK,4260052194072,87.36,1,instock,yes,"be quiet! Straight Power 12 750W PSU, 80 PLUS Platinum, Japanese Capacitors, Fully Modular, 10 Year Warranty",BEQUIET
BP910UK,4260052194089,43.88,10,instock,yes,"be quiet! 300W TFX Power 3, 80 PLUS Gold Wired PSU, Dual Rail, 26A +12V, Black, TFX PSU",BEQUIET
CIT-TFX-300W,5055492413260,19.53,16,instock,yes,"CIT 300W TFX-300W Silver Coating Power Supply, Low Noise 8cm Fan with intelligent fan speed control, Support standard TFX form factor",CIT
PSUCIT500ATVECO,5055492414472,19.5,77,instock,yes,CiT 500w ATV Eco Bronze 500W 230V 12cm Fan APFC,CIT
PSUCIT600FXV2,5055492409867,23.5,22,instock,yes,"CiT 600W ATX Power Supply, 80+ Efficiency, 120mm Silent Fan, Active PFC, PCIe, SATA & Molex Connectors, Black PSU for Gaming & Desktop PC",CIT
CRONUS-500W-BULK,5055492408679 BULK,18.4,0,outofstock,yes,"CRONUS 500W ATV ECO PSU, 120mm Silent Cooling Fan, 80 PLUS Bronze, Non Modular, Flat Black Cables, White Box",CRONUS
CRONUS-500ATV,5055492408679,19.9,0,outofstock,yes,"CRONUS 500ATV FX PRO 500W PSU, 140mm Silent Cooling Fan, 80 PLUS Bronze, Non Modular, Flat Black Cables, Supreme Performance",CRONUS
CRONUS-600ATV,5055492408686,25.53,0,outofstock,yes,"CRONUS 600ATV FX PRO 600W PSU, 140mm Silent Cooling Fan, 80 PLUS Bronze, Non Modular, Flat Black Cables, Supreme Performance",CRONUS
CRONUS-700ATV,5055492408693,27.88,78,instock,yes,"CRONUS 700ATV FX PRO 700W PSU, 140mm Silent Cooling Fan, 80 PLUS Bronze, Non Modular, Flat Black Cables, Supreme Performance",CRONUS
R-PF400D-HA0B-UK,6933412709282,19.22,199,instock,yes,"DeepCool PF400 80 PLUS Standard Power Supply 400W, Silent Hydraulic Bearing Fan, Reliable Protection, Flat Black Cables, 85% Efficiency",DEEPCOOL
R-PF500D-HA0B-UK,6933412711261,22.45,694,instock,yes,"DeepCool PF500 500W PSU, 120mm Silent Hydraulic Bearing Fan, 80 PLUS White, Non Modular, UK Plug, Flat Black Cables, Efficient & Affordable",DEEPCOOL
R-PF600D-HA0B-UK,6933412711407,26.66,409,instock,yes,"DeepCool PF600 600W PSU, 120mm Silent Hydraulic Bearing Fan, 80 PLUS White, Non Modular, UK Plug, Flat Black Cables, Efficient & Affordable",DEEPCOOL
R-PF700D-HA0B-UK,6933412711544,32.97,251,instock,yes,"DeepCool 700W 80 PLUS Standard Power Supply - Silent Operation, Reliable Protection, Efficient Power Delivery",DEEPCOOL
R-PL650D-FC0B-UK-V2,6933412721178,33.5,197,instock,yes,"DeepCool PL650D 650W 80 Plus Bronze Power Supply with 120mm Hydro-Bearing Fan, ATX3.1 & PCIe 5.0 Support, Non-Modular Design PSU",DEEPCOOL
R-PL750D-FC0B-UK-V2,6933412721352,33.33,364,instock,yes,"DeepCool PL750D 750W Power Supply, ATX12V V3.1, 80 PLUS Bronze, Non-Modular, 120mm Hydro Bearing Fan, 12VHPWR PCIe 5.0, 5-Year Warranty",DEEPCOOL
R-PN750D-FC0B-UK,6933412718758,39.55,0,outofstock,yes,"DeepCool PN750D 750W PSU, ATX 3.1, 120mm Silent High Performance Fan, 80 PLUS Gold, Non Modular, UK Plug, Flat Black Cables, Japanese Bulk Capacitors",DEEPCOOL
R-PN850D-FC0B-UK,6933412718918,44.33,0,outofstock,yes,"DeepCool PN850D 850W PSU, ATX 3.1, 120mm Silent High Performance Fan, 80 PLUS Gold, Non Modular, UK Plug, Flat Black Cables, Japanese Bulk Capacitors",DEEPCOOL
BR500-12BL,5055492407542,11.94,0,outofstock,yes,"EVO LABS BR500-12BL 500W PSU,120mm Black Silent Fan with Improved Ventilation, Non Modular, High-Efficiency, PFC Certified, CE Compliant, Retail Packaged",EVO LABS
BR600-12BL,5055492420930,14.77,0,outofstock,yes,"EVO LABS BR600-12BL 600W PSU,120mm Black Silent Fan with Improved Ventilation, Non Modular, High-Efficiency, PFC Certified, CE Compliant, Retail Packaged",EVO LABS
BR750-12BL,05055492420954,15.45,0,outofstock,yes,"EVO LABS BR750-12BL 750W PSU,120mm Black Silent Fan with Improved Ventilation, Non Modular, High-Efficiency, PFC Certified, CE Compliant, Retail Packaged",EVO LABS
PSUGMXGT300TFX,6931858790246,26.5,22,instock,yes,"GameMax GT-300W 300W TFX Power Supply for Small Form Factor PCs, 80 Plus Bronze Efficient PSU with Quiet 80mm Cooling Fan and Active PFC, Ideal Replacement PSU for Slim Desktop Systems",GAMEMAX
PSUGMXGX850PRO,6931858767521,61.53,2,instock,yes,GAMEMAX GX-850 Pro Modular 80 Plus Gold ATX3.0 PCIe 5.0 PSU With 135mm FDB Fan,GAMEMAX
PSUGMXGX850PROW,6931858767538,65.22,0,outofstock,yes,"GAMEMAX GX-850 Pro Modular 80 Plus Gold ATX3.0 PCIe 5.0 PSU With 135mm FDB Fan, White",GAMEMAX
GMXRPG600,5055492409195,24.86,12,instock,yes,"GAMEMAX RPG Rampage 600W PSU, 140mm Ultra Silent Fan, 80 PLUS Bronze, Non Modular, Flat Black Cables, Japanese TK Main Capacitor Fitted",GAMEMAX
GMXRPG700,5055492409201,31.97,20,instock,yes,"GAMEMAX RPG Rampage 700W PSU, 140mm Ultra Silent Fan, 80 PLUS Bronze, Non Modular, Flat Black Cables, Japanese TK Main Capacitor Fitted",GAMEMAX
GMXRPG800,5055492409225,35.85,2,instock,yes,"GAMEMAX RPG Rampage 800W PSU, 140mm Ultra Silent Fan, 80 PLUS Bronze, Non Modular, Flat Black Cables, Japanese TK Main Capacitor Fitted",GAMEMAX
GMXRPG750FMOD,5055492413963,39.1,23,instock,yes,Gamemax RPG Rampage 750W Fully Modular 80 Plus Bronze PSU With 140mm FDB Fan,GAMEMAX
GMXRPG850FMOD,5055492413970,44.82,20,instock,yes,Gamemax RPG Rampage 850W Fully Modular 80 Plus Bronze PSU With 140mm FDB Fan,GAMEMAX
GP-AE850PM PG5,4719331554262,83.13,16,instock,yes,"Gigabyte AORUS ELITE 850W PSU - Fully Modular, 80 PLUS Platinum, ATX 3.1, PCIe 5.0 Ready, 12VHPWR, Silent 120mm FDB Fan, 10-Year Warranty",GIGABYTE
GP-AE850PM PG5 ICE,4719331554439,86.55,0,outofstock,yes,"Gigabyte AORUS ELITE ICE 850W White PSU - Fully Modular, 80 PLUS Platinum, ATX 3.1, PCIe 5.0 Ready, 12VHPWR, Silent 120mm FDB Fan, 10-Year Warranty",GIGABYTE
GP-AE1000PM PG5,4719331554569,103.65,0,outofstock,yes,"GIGABYTE AORUS ELITE P1000W 80+ Platinum Modular PCIe 5.0 Power Supply - ATX 3.0 Standard, Fully Modular, Quiet 120mm Fan, Compact Design",GIGABYTE
GP-AE1000PM PG5 ICE,4719331554651,106.76,11,instock,yes,"GIGABYTE AORUS ELITE P1000W 80+ Platinum Modular PCIe 5.0 ICE Power Supply - ATX 3.0 Standard, Fully Modular, Quiet 120mm Fan, Compact Design",GIGABYTE
GP-P550SS,4719331554187,29.93,0,outofstock,yes,"GIGABYTE GP-P550SS 550W 80 PLUS Silver Certified Power Supply - ATX 3.0 Standard, Quiet 120mm Fan, Flat Cable Design, BULK PACK",GIGABYTE
GP-P650G PG5,4719331556822,36.2,20,instock,yes,"Gigabyte P650G PG5 650W ATX 3.1 Power Supply, 80 PLUS Gold, PCIe Gen 5.1 16-Pin, 120mm HYB Fan, Non-Modular PSU, Black, GP-P650G PG5",GIGABYTE
GP-P750BS-UK,4719331555252,35.85,6,instock,yes,"Gigabyte 750W 80+ Bronze Certified Power Supply, Silent 120mm FDB Fan, Soft-Textured Cables, Single +12V Rail, Advanced Protection, 3-Year Warranty",GIGABYTE
GP-UD1000GM PG5,4719331553296,88.89,0,outofstock,yes,"GIGABYTE UD1000GM PG5 1000W PSU, 120mm Smart Hydraulic Bearing Fan, 80 PLUS Gold, Fully Modular, UK Plug, High-Quality Japanese Capacitors, Support for PCIe Gen 5.0 Graphics Cards with High Quality Native 16-pin Cable",GIGABYTE
GP-UD1000GM PG5 V2,4719331556150,90.5,16,instock,yes,"GIGABYTE UD1000GM PG5 1000W PSU V2, PCIe Gen 5.1, 80 PLUS Gold, Fully Modular Design, 120mm Fan, ATX 3.1 compatible, UK Plug",GIGABYTE
GP-UD1000GM PG5 ICE,4719331556631,92.9,9,instock,yes,"GIGABYTE UD1000GM PG5 1000W PSU V2, ICE, PCIe Gen 5.1, 80 PLUS Gold, Fully Modular Design, 120mm Fan, ATX 3.1 compatible, UK Plug",GIGABYTE
GP-UD750GM PG5 ICE,4719331556358,65.5,2,instock,yes,"GIGABYTE GP-UD750GM 750W V2 ICE, 80 Plus Gold Certified Fully Modular Power Supply, PCIe Gen 5.1, 80 PLUS Gold, Fully Modular Design, 120mm Fan, ATX 3.1 compatible, UK Plug",GIGABYTE
GP-UD750GM PG5 V2,4719331555917,58.5,15,instock,yes,"GIGABYTE GP-UD750GM 750W V2, 80 Plus Gold Certified Fully Modular Power Supply, PCIe Gen 5.1, 80 PLUS Gold, Fully Modular Design, 120mm Fan, ATX 3.1 compatible, UK Plug",GIGABYTE
GP-UD850GM PG5 V2,4719331556037,68.81,16,instock,yes,"GIGABYTE GP-UD850GM 850W V2, 80 Plus Gold Certified Fully Modular Power Supply, PCIe Gen 5.1, 80 PLUS Gold, Fully Modular Design, 120mm Fan, ATX 3.1 compatible, UK Plug",GIGABYTE
M-400U,5053118548723,12.82,13,instock,yes,"Target M-400U 400W Ultra-Quiet Micro ATX Power Supply, Reliable SFX Replacement PSU for Compact Home & Office Desktop PCs, Silent 8cm Temperature Control Fan, Grey",TARGET
AN-585A2,AN-585A2,524.24,4,instock,yes,"AMD Ryzen 7 5700G 8 Core 16 Threads 3.80GHz (4.60GHz Boost) 16GB Kingston DDR4 RAM, 1TB Kingston NVMe, with Wi-Fi 6 Card - Stylish Black Deep Cool Case - Pre-Built System",TARGET
CAD-737T,CAD-737T,1812.35,1,instock,yes,"Professional Tower with Intel i7, 14th Gen, 20 Core 5.60GHz, 2TB Kingston NVMe Storage, 64GB DDR5 Kingston RAM, RTXA1000 8GB Quadro Graphics, Wi-Fi 6, Windows 11 Pro",TARGET
DC-316W5,SBBUS-DC-316W5,395.94,3,instock,yes,"Intel i3 14100 Quad Core 8 Thread 3.50GHz (4.70GHz Boost), 16GB Kingston RAM, 500GB Kingston NVMe M.2, WiFi 6 + BT, Deep Cool Micro Chassis - Pre-Built PC",TARGET
SBBUS-DC-381T,DC-381T,259.0,10,instock,yes,"AMD Ryzen 3 4300G Quad Core 8 Thread 3.80GHz (4.00GHz Boost), 8GB DDR4 RAM, 1TB Kingston NVMe M.2, WiFi 6 + BT, Deep Cool Micro Chassis - Pre-Built PC",TARGET
DC-761T,DC-761T,452.0,6,instock,yes,"AMD Ryzen 7 5700G 8 Core AM4 Processor, 16 Threads, 3.9GHz up to (4.6GHz Boost), 16GB DDR4 RAM, 1TB Kingston NVMe M.2, WiFi 6 + BT, Deep Cool Micro Chassis - Pre-Built PC",TARGET
GB-N286B,GB-N286B,240.0,4,instock,yes,"Ultra Compact Intel N150, Quad Core, 8GB Kingston DDR5 RAM, 256GB ADATA NVMe, Wi-Fi & BT, USB-C Pre-Built PC",TARGET
GM-382S,GM-382S,323.62,6,instock,yes,"RGB Micro Tower - AMD Ryzen 3 4300G Quad Core 8 Thread 3.80GHz (4.00GHz Boost), 16GB DDR4 RAM, 1TB NVMe M.2, WiFi 6 + BT, 120mm RGB Air Cooler - Pre-Built PC",TARGET
GM-DC516,GM-DC516,551.64,2,instock,yes,"RGB Gaming Build AMD Ryzen 5 5500 6 Core 12 Thread 4.20GHz, 16GB DDR4 RAM, 1TB NVMe Storage, RTX5050 8GB, RGB Air Cooler CPU, Bazzite OS Installed",TARGET
MS-2426,MS-2426,426.59,6,instock,yes,Intel Quad Core i3 14th Gen 23 Inch Full HD All-in-One Business / Education Desktop PC with 16GB RAM and 256GB SSD HD Cam - Pre Built PC,TARGET
SBBUS-SF-3286,SF-3286,344.82,14,instock,yes,"Intel i3 12th Gen 4 Core 8 Threads 3.30GHz (4.30GHz Boost) 8GB ADATA DDR4 RAM, 512GB ADATA NVMe, - Small Form Factor Case - Pre-Built System - Free USB WiFi Dongle",TARGET
SF-A5566,,386.63,0,outofstock,yes,"AMD Ryzen 5 5600GT 6 Core 12 Threads 3.60GHz (4.60GHz Boost) 16GB ADATA DDR4 RAM, 512GB ADATA NVMe, WiFi - Small Form Factor Case - Pre-Built System",TARGET
SF-V56W6,SF-V56W6,439.5,8,instock,yes,"Small Form Factor Intel 14th Gen Core i5 10 Core 4.70GHz Home / Office PC with 16GB RAM, 1TB NVMe Pre-Built PC",TARGET
CCT-U733P,5053118463002,1288.22,0,outofstock,yes,"LOGIX Intel Core Ultra 7 AI Powered 20 Core, 3.90GHz (5.50GHz Boost) NPU with 13 TOPS, 32GB Kingston DDR5 Memory, 1TB Kingston NVMe, Gigabyte RTX 5060 8GB 4xMonitor, 2 x 2.5GB LAN, Windows 11 Pro",LOGIX
CCT-V5M7,5053118341133,596.73,1,instock,yes,"LOGIX Micro Tower - Designed for CCTV Use - Intel i5 Processor, 16GB Kingston Memory, 500GB Kingston SSD, Output to 4 Monitors, with Dual LAN, Windows 11 Pro",LOGIX
DC-348WH,5053118471670,477.13,10,instock,yes,LOGIX Intel Core i3 14th Gen Quad Core 16GB RAM with 500GB SSD Wireless Family Desktop PC with Windows 11 Home & Keyboard & Mouse,LOGIX
DC-348WP,5053118978803,481.12,7,instock,yes,LOGIX Intel Core i3 14th Gen Quad Core 16GB RAM with 500GB SSD Business / Education Desktop PC with Windows 11 Pro plus Keyboard & Mouse,LOGIX
DC-716WH,5053118119930,732.6,3,instock,yes,"LOGIX Intel i7-14700 2.10GHz (5.30GHz Boost) 20 Core 28 threads. 32GB Kingston RAM, 1TB Kingston NVMe, Wi-Fi 6, Windows 11 Home + FREE Keyboard & Mouse",LOGIX
DC-716WP,5053118991956,742.65,0,outofstock,yes,"LOGIX Intel i7-14700 2.10GHz (5.30GHz Boost) 20 Core 28 threads. 32GB Kingston RAM, 1TB Kingston NVMe, Wi-Fi 6, Windows 11 PRO + FREE Keyboard & Mouse",LOGIX
LT-558P,5053118231151,598.44,2,instock,yes,"LOGIX 14th Gen Intel i5 10 Core 4.70GHz 1 Litre Mini Business / Security PC for Alarm & Door Entry Systems with 16GB RAM, 500GB NVMe SSD,WiFi BT, Windows 11 Pro, Keyboard & Mouse",LOGIX
NC-G513,5053118279504,595.45,9,instock,yes,"LOGIX Intel Core i5-1335U 4.6GHz 10 Core CPU, 1 x DDR4 16GB SO-DIMM, 500GB Kingston NVMe, Wireless AX & Bluetooth 5.2 Windows 11 Pro - Pre-Built",LOGIX
S4-386H,5053118546309,487.44,6,instock,yes,"LOGIX 14th Gen Intel Core i3 Quad Core Small Form Factor SFF Home / Office PC with 8GB RAM, 500GB SSD, Windows 11 Home, WiFi 6, Keyboard, Mouse & 3 Year Warranty",LOGIX
S4-386P,5053118141528,489.89,0,outofstock,yes,"LOGIX 14th Gen Intel Core i3 Quad Core Small Form Factor SFF Business / Education PC with 8GB RAM, 500GB SSD, Windows 11 Pro, Keyboard, Mouse & 3 Year Warranty",LOGIX
S4-516H,5053118325386,567.88,5,instock,yes,"LOGIX 14th Gen Intel Core i5 10 Core Small Form Factor SFF Home / Office PC with 16GB RAM, 1TB SSD, Wi-Fi 6 + BT, Windows 11 Home, Keyboard, Mouse & 3 Year Warranty",LOGIX
S4-516P,5053118243574,597.38,6,instock,yes,"LOGIX 14th Gen Intel Core i5 10 Core Small Form Factor SFF Business / Education PC with 16GB RAM, 1TB SSD, Windows 11 Pro, Keyboard, Mouse & 3 Year Warranty",LOGIX
S4-716H,S4-716H,611.62,4,instock,yes,"LOGIX 14th Gen Intel Core i7 20 Core Small Form Factor SFF Home / Office PC with 16GB RAM, 1TB SSD, Wi-Fi 6 + BT, Windows 11 Home, Keyboard, Mouse & 3 Year Warranty",LOGIX
S4-716P,5053118883114,688.12,6,instock,yes,"LOGIX 14th Gen Intel Core i7 20 Core Small Form Factor SFF Business / Education PC with 16GB RAM, 1TB SSD, Windows 11 Pro, Keyboard, Mouse & 3 Year Warranty",LOGIX
U1-516P,5053118168761,596.72,0,outofstock,yes,"LOGIX Intel Core Ultra 5 10 Core, Small Form Factor SFF Business / Education PC with 16GB DDR5 RAM, 500GB SSD, Windows 11 Pro, Keyboard, Mouse & 3 Year Warranty",LOGIX
AX5U6000C3032G-DTLABBK,4711085944573,695.32,0,outofstock,yes,"Adata XPG Lancer Blade AX5U6000C3032G-DTLABBK 64GB U-DIMM System Memory DDR5, 6000MHz, 2 x 32GB",ADATA
AX5U5600C4616G-DTLABBK,4711085945457,321.23,33,instock,yes,"Adata XPG Lancer Blade AX5U5600C4616G-DTLABBK 32GB U-DIMM System Memory DDR5, 5600MHz, 2 x 16GB",ADATA
AX4U320016G16A-DTBKD35,4711085942845,188.1,22,instock,yes,"ADATA XPG Gammix D35 AX4U320016G16A-DTBKD35 32GB (2x 16GB) DIMM System Memory, 3200MHz, DDR4, CL16, Black, Intel XMP",ADATA
AD4U320038G22-SGN,4710273776576,45.59,2,instock,yes,"Adata Premier AD4U320038G22-SGN  8GB DIMM System Memory, DDR4, 3200MHz, 1 x 8GB",ADATA
AX5U6400C3216G-SLABBK,4711085944603,219.56,17,instock,yes,"Adata XPG Lancer Blade AX5U6400C3216G-SLABBK 16GB U-DIMM System Memory DDR5, 6400MHz, 1 x 16GB Kit",ADATA
AD4U32008G22-BGN,AD4U32008G22-BGN,45.59,45,instock,yes,"ADATA Premier AD4U32008G22-BGN 8GB (1x 8GB) DIMM System Memory, 3200MHz, DDR4, CL22 - Bulk",ADATA
AD5U480016G-B,AD5U480016G-B,125.69,94,instock,yes,"Adata AD5U480016G-B 16GB U-DIMM System Memory DDR5, 4800MHz, 1 x 16GB Bulk",ADATA
AD4S266616G19-SGN,4711085931467,124.54,28,instock,yes,"ADATA Premier AD4S266616G19-SGN 16GB (1x 16GB) SODIMM System Memory, 2666MHz, DDR4, CL19",ADATA
AD4S26668G19-SGN,4711085930750,45.59,8,instock,yes,"ADATA Premier AD4S26668G19-SGN 8GB (1x 8GB) SODIMM System Memory, 2666MHz, DDR4, CL19",ADATA
AD4S320016G22-SGN,4711085931481,80.4,18,instock,yes,"ADATA Premier AD4S320016G22-SGN 16GB (1x 16GB) SODIMM System Memory, 3200MHz, DDR4, CL22",ADATA
AD4U266616G19-SGN,4711085931405,94.95,17,instock,yes,"ADATA Premier AD4U266616G19-SGN 16GB (1x 16GB) DIMM System Memory, 2666MHz, DDR4, CL19",ADATA
AD4U26668G19-SGN,4711085931382,57.98,21,instock,yes,"ADATA Premier AD4U26668G19-SGN 8GB (1x 8GB) DIMM System Memory, 2666MHz, DDR4, CL19",ADATA
AD4U320016G22-SGN,4711085931443,79.24,34,instock,yes,"ADATA Premier AD4U320016G22-SGN 16GB (1x 16GB) DIMM System Memory, 3200MHz, DDR4, CL22",ADATA
AD4U320032G22-SGN,4711085933485,186.39,10,instock,yes,"ADATA Premier AD4U320032G22-SGN 32GB (1x 32GB) DIMM System Memory, 3200MHz, DDR4, CL22",ADATA
AD4U32008G22-SGN,4711085930743,52.12,208,instock,yes,"ADATA Premier AD4U32008G22-SGN 8GB (1x 8GB) DIMM System Memory, 3200MHz, DDR4, CL22",ADATA
AD5U56008G-B,4711085940186,85.25,44,instock,yes,"ADATA (AD5U56008G-B) 8GB (1x 8GB) DDR5 5600 U-DIMM Memory, 5600MHz, CL46, 1.1V, Limited Lifetime Warranty - Bulk",ADATA
AUSDH32GUICL10-RA1,4713435793947,2.08,0,outofstock,yes,Adata Premier 32GB Micro SDHC UHS-I Class 10 Memory Card with Adaptor,ADATA
AUSDX128GUICL10A1-RA1,4713218461940,11.35,48,instock,yes,Adata Premier microSDXC/SDHC 128GB  SD5.1 UHS-I Memory Card,ADATA
AUSDX256GUICL10A1RA1,4713218466266,20.7,3,instock,yes,Adata Premier microSDXC/SDHC 256GB SD5.1 UHS-I Memory Card,ADATA
AUSDX256GUICL10A1RA1,4713218466266,20.7,3,instock,yes,Adata Premier microSDXC/SDHC 256GB SD5.1 UHS-I Memory Card,ADATA
AUV128-512G-RBE,4711085942326,48.59,15,instock,yes,"Adata UV128 512GB USB 3.2 Gen 1 Flash Drive, Black and Blue",ADATA
AX4U32008G16A-DTBKD35,4711085942807,80.89,20,instock,yes,"ADATA XPG Gammix D35 AX4U32008G16A-DTBKD35 16GB (2x 8GB) DIMM System Memory, 3200MHz, DDR4, CL16, Black, Intel XMP",ADATA
AX5U5600C4616G-SLABBK,4711085945440,152.59,49,instock,yes,"Adata XPG Lancer Blade AX5U5600C4616G-SLABBK 16GB U-DIMM System Memory DDR5, 5600MHz, 1 x 16GB",ADATA
AX5U6000C4816G-SLABBK,4711085948359,159.5,30,instock,yes,"Adata XPG Lancer Blade AX5U6000C4816G-SLABBK 16GB U-DIMM System Memory DDR5, 6000MHz, 1 x 16GB",ADATA
AX5U6000C4816G-DTLABBK,4711085948366,338.8,18,instock,yes,"Adata XPG Lancer Blade AX5U6000C4816G-DTLABBK 32GB U-DIMM System Memory DDR5, 6000MHz, 2 x 16GB Kit",ADATA
AX5U6400C3216G-DCLANRSG,4711085948991,417.1,18,instock,yes,"Adata LANCER NEON AX5U6400C3216G-DCLANRSG DDR5 6400MHz, 32GB, (2 x 16GB) CL32, 1.4v, Retail, Silver RGB System Memory, Using Eco-Friendly Material",ADATA
AX5U7200C3416G-DCLANRSG,4711085949578,415.69,6,instock,yes,"Adata LANCER NEON AX5U7200C3416G-DCLANRSG DDR5 7200MHz, 32GB, (2 x 16GB) CL34, 1.4v, Retail, Silver RGB System Memory, Using Eco-Friendly Material",ADATA
AX5U8000C3816G-DCLANRSG,4711085949592,415.54,10,instock,yes,"Adata Lancer Neon AX5U8000C3816G-DCLANRSG 32GB (2 x 16GB) DDR5 8000MHz, CL38, 1.45v, Silver RGB Eco System Memory, Using Eco-Friendly Material",ADATA
AX4U36008G18I-DTBKD35G,4711085943408,111.34,10,instock,yes,"ADATA XPG Spetrix D35G AX4U36008G18I-DTBKD35G 16GB (2x 8GB) DIMM System Memory, 3600MHz, DDR4, CL18, Black, RGB, Intel XMP",ADATA
AU08GGB32CSYBGH,AU08GGB32CSYBGH,16.87,0,outofstock,yes,"Apacer AU08GGB32CSYBGH 8GB DIMM System Memory, DDR4, 3200MHz, 1 x 8GB, 288 Pin, CL22, Bulk",APACER
KF432C16BB2A/8,740617337549,94.31,0,outofstock,yes,"Kingston FURY Beast KF432C16BB2A/8 8GB (1x 8GB) DIMM System Memory, 3200MHz, DDR4, CL16, Black, RGB, Intel XMP",KINGSTON
KF556C36BWEK2-32,0740617333725,308.59,0,outofstock,yes,"Kingston FURY Beast KF556C36BWEK2-32 32GB (2x 16GB) DIMM System Memory, 5600MHz, DDR5, CL36, White, Intel XMP, AMD EXPO",KINGSTON
KF564C32BBEK2-32,7406173427652,376.42,9,instock,yes,"Kingston FURY Beast KF564C32BBEK2-32 32GB (2x 16GB) DIMM System Memory, 6400MHz, DDR5, CL32, Black, Intel XMP, AMD EXPO",KINGSTON
KF564C32RSAK2-64,740617322002,641.87,0,outofstock,yes,"Kingston FURY Renegade KF564C32RSAK2-64 64GB (2x 32GB) DIMM System Memory, 6400MHz, DDR5, CL32, Silver, RGB, Intel XMP",KINGSTON
KF564C32RSAK2-32,740617329742,340.1,10,instock,yes,"Kingston FURY Renegade KF564C32RSAK2-32 32GB (2x 16GB) DIMM System Memory, 6400MHz, DDR5, CL32, Silver, RGB, Intel XMP",KINGSTON
KF564C32RSK2-64,0740617339529,656.38,0,outofstock,yes,"Kingston FURY Renegade KF564C32RSK2-64 64GB (2x 32GB) DIMM System Memory, 6400MHz, DDR5, CL32, Silver, Intel XMP",KINGSTON
KF572C38RSA-24,740617338706,309.59,4,instock,yes,"Kingston FURY Renegade KF572C38RSA-24 24GB (1x 24GB) DIMM System Memory, 7200MHz, DDR5, CL38, Silver, RGB, Intel XMP",KINGSTON
KF572C38RSAK2-48,740617338690,414.25,0,outofstock,yes,"Kingston FURY Renegade KF572C38RSAK2-48 48GB (2x 24GB) DIMM System Memory, 7200MHz, DDR5, CL38, Silver, RGB, Intel XMP",KINGSTON
KINGSTON CDU,KINGSTON CDU,148.5,1,instock,yes,"Kingston Technology Countertop Display Stand, 115 Unit Capacity",KINGSTON
DTMAX/1TB,740617322354,71.65,0,outofstock,yes,"Kingston DTMAX/1TB DataTraveler Max 1TB USB-C USB Drive, USB3.2, Gen2, 1000MB/s, Black, Retail Boxed",KINGSTON
DTMAX/512GB,740617322392,42.21,0,outofstock,yes,"Kingston DTMAX/512GB DataTraveler Max 512GB USB-C USB Drive, USB3.2, Gen2, 1000MB/s, Black, Retail Boxed",KINGSTON
DTMAXA/512GB,740617328332,44.21,0,outofstock,yes,Kingston DataTraveller Max DTMAXA/512GB 512GB USB 3.2 Gen 2 Flash Drive,KINGSTON
DTMC3G2/128GB,740617328028,13.67,0,outofstock,yes,"Kingston DTMC3G2/64GB 128GB DataTraveler Micro USB Flash Drive, USB 3.2, Metal Casing, Up to 200MB/s",KINGSTON
DTMC3G2/64GB,740617328066,12.25,10,instock,yes,"Kingston DTMC3G2/64GB 64GB DataTraveler Micro USB Flash Drive, USB 3.2, Metal Casing, Up to 200MB/s",KINGSTON
DTSE9G3/64GB,0740617341270,10.28,10,instock,yes,"Kingston DataTraveler SE9 G3 64GB USB 3.2 USB Flash Drive, Gold",KINGSTON
DTX/64GB,740617309829,4.99,204,instock,yes,Kingston DataTraveler Exodia 64GB USB 3.2 Black with Cyan loop USB Flash Drive,KINGSTON
DTXM/256GB,740617326383,16.29,0,outofstock,yes,"Kingston DataTraveler ExodiaM DTXM/256GB USB Flash Drive, 256GB, USB 3.2, Turquoise / Black, Moving Cap Design",KINGSTON
DTXON/256GB,740617332674,10.95,0,outofstock,yes,Kingston DataTraveler Exodia Onyx 256GB Portable USB 3.2 Gen 1,KINGSTON
DTXS/128GB,740617348699,7.2,123,instock,yes,"Kingston DataTraveler Exodia S DTXS/128GB USB Flash Drive, 128GB, USB 3.2, Black/Green, Swivel Cap Design",KINGSTON
DTXS/256GB,740617348736,16.32,26,instock,yes,"Kingston DataTraveler Exodia S DTXS/256GB USB Flash Drive, 256GB, USB 3.2, Black/Orange, Swivel Cap Design",KINGSTON
DTXS/512GB,0740617348774,35.52,4,instock,yes,"Kingston DataTraveler Exodia S DTXS/512GB USB Flash Drive, 512GB, USB 3.2, Black/Yellow, Swivel Cap Design",KINGSTON
DTXS/64GB,0740617348651,4.55,0,outofstock,yes,"Kingston DataTraveler Exodia S DTXS/64GB USB Flash Drive, 64GB, USB 3.2,  Black, Swivel Cap Design",KINGSTON
KF560C36BBE2K2-32,740617345841,382.23,7,instock,yes,"Kingston FURY Beast KF560C36BBE2K2-32 32GB (2x 16GB) DIMM System Memory, 6000MHz, DDR5, CL36, Black, Intel XMP, AMD EXPO",KINGSTON
KF564C32BWEK2-64,740617342659,637.87,0,outofstock,yes,"Kingston FURY Beast KF564C32BWEK2-64 64GB (2x 32GB) DIMM System Memory, 6400MHz, DDR5, CL32, White, Intel XMP, AMD EXPO",KINGSTON
KF436C18BB2AK4/128,740617337389,897.49,0,outofstock,yes,"Kingston FURY Beast KF436C18BB2AK4/128 128GB (4x 32GB) DIMM System Memory, 3600MHz, DDR4, CL18, Black, RGB, Intel XMP",KINGSTON
KCP432SD8/32,740617310979,218.54,1,instock,yes,"Kingston KCP432SD8/32 32GB (1x 32GB) SODIMM System Memory, 3200MHz, DDR4, CL22",KINGSTON
KF432C16BBK2/32,KF432C16BBK2/32,204.12,0,outofstock,yes,"Kingston FURY Beast KF432C16BBK2/32 32GB (2x 16GB) DIMM System Memory, 3200MHz, DDR4, CL16, Black, Intel XMP",KINGSTON
KF432C16BB2AK2/16,740617337532,140.41,12,instock,yes,"Kingston FURY Beast KF432C16BB2AK2/16 16GB (2x 8GB) DIMM System Memory, 3200MHz, DDR4, CL16, Black, RGB, Intel XMP",KINGSTON
KF432C16BB2AK2/32,740617337501,245.72,0,outofstock,yes,"Kingston FURY Beast KF432C16BB2AK2/32 32GB (2x 16GB) DIMM System Memory, 3200MHz, DDR4, CL16, Black, RGB, Intel XMP",KINGSTON
KF432S20IBK2/16,0740617318425,159.79,4,instock,yes,"Kingston FURY Impact KF432S20IBK2/16 16GB (2x 8GB) SODIMM System Memory, 3200MHz, DDR4, CL20, Intel XMP",KINGSTON
KF432S20IB/16,740617318395,132.68,10,instock,yes,"Kingston FURY Impact KF432S20IB/16 16GB (1x 16GB) SODIMM System Memory, 3200MHz, DDR4, CL20, Intel XMP",KINGSTON
KF432S20IB/32,740617318371,248.77,0,outofstock,yes,"Kingston FURY Impact KF432S20IB/32 32GB (1x 32GB) SODIMM System Memory, 3200MHz, DDR4, CL20, Intel XMP",KINGSTON
KF432C16BB/16,740617319859,115.59,0,outofstock,yes,"Kingston FURY Beast KF432C16BB/16 16GB (1x 16GB) DIMM System Memory, 3200MHz, DDR4, CL16, Black, Intel XMP",KINGSTON
KF436C18BBK2/32,740617319743,242.71,4,instock,yes,"Kingston FURY Beast KF436C18BBK2/32 32GB (2x 16GB) DIMM System Memory, 3600MHz, DDR4, CL18, Black, Intel XMP",KINGSTON
KF436C17BB2AK2/16,74061733744,193.59,4,instock,yes,"Kingston FURY Beast KF436C17BB2AK2/16 16GB (2x 8GB) DIMM System Memory, 3600MHz, DDR4, CL17, Black, RGB, Intel XMP",KINGSTON
KF436C17BBK2/16,740617319781,182.25,9,instock,yes,"Kingston FURY Beast KF436C17BBK2/16 16GB (2x 8GB) DIMM System Memory, 3600MHz, DDR4, CL17, Black, Intel XMP",KINGSTON
KF552C40BB2AK2-64,740617350340,581.75,0,outofstock,yes,"Kingston FURY Beast KF552C40BB2AK2-64 64GB (2x 32GB) DIMM System Memory, 5200MHz, DDR5, CL40, Black, RGB, Intel XMP",KINGSTON
KF552C40BB2-32,740617350210,339.0,2,instock,yes,"Kingston FURY Beast KF552C40BB2-32 32GB (1x 32GB) DIMM System Memory, 5200MHz, DDR5, CL40, Black, Intel XMP",KINGSTON
KF552C40BB2K2-64,740617350203,661.97,0,outofstock,yes,"Kingston FURY Beast KF552C40BB2K2-64 64GB (2x 32GB) DIMM System Memory, 5200MHz, DDR5, CL40, Black, Intel XMP",KINGSTON
KF552C40BBK2-64,740617326550,608.05,0,outofstock,yes,"Kingston FURY Beast KF552C40BBK2-64 64GB (2x 32GB) DIMM System Memory, 5200MHz, DDR5, CL40, Black, Intel XMP",KINGSTON
KF552C40BBAK2-32,740617328561,317.49,0,outofstock,yes,"Kingston FURY Beast KF552C40BBAK2-32 32GB (2x 16GB) DIMM System Memory, 5200MHz, DDR5, CL40, Black, RGB, Intel XMP",KINGSTON
KF556C36BWEAK2-32,740617333701,385.52,10,instock,yes,"Kingston FURY Beast KF556C36BWEAK2-32 32GB (2x 16GB) DIMM System Memory, 5600MHz, DDR5, CL36, White, RGB, Intel XMP, AMD EXPO",KINGSTON
KF556C36BBE-16,740617330809,182.51,5,instock,yes,"Kingston FURY Beast KF556C36BBE-16 16GB (1x 16GB) DIMM System Memory, 5600MHz, DDR5, CL36, Black, Intel XMP, AMD EXPO",KINGSTON
KF556C36BBEAK2-32,0740617330779,342.63,60,instock,yes,"Kingston FURY Beast KF556C36BBEAK2-32 32GB (2x 16GB) DIMM System Memory, 5600MHz, DDR5, CL36, Black, RGB, Intel XMP, AMD EXPO",KINGSTON
KF556C36BBEK2-64,0740617331745,623.56,0,outofstock,yes,"Kingston FURY Beast KF556C36BBEK2-64 64GB (2x 32GB) DIMM System Memory, 5600MHz, DDR5, CL36, Black, Intel XMP, AMD EXPO",KINGSTON
KF556C40BBK2-64,0740617326574,717.77,2,instock,yes,"Kingston FURY Beast KF556C40BBK2-64 64GB (2x 32GB) DIMM System Memory, 5600MHz, DDR5, CL40, Black, Intel XMP",KINGSTON
KF556C40BB-8,740617325942,99.59,0,outofstock,yes,"Kingston FURY Beast KF556C40BB-8 8GB (1x 8GB) DIMM System Memory, 5600MHz, DDR5, CL40, Black, Intel XMP",KINGSTON
KF556C40BBAK4-128,0740617335170,1058.97,0,outofstock,yes,"Kingston FURY Beast KF556C40BBAK4-128 128GB (4x 32GB) DIMM System Memory, 5600MHz, DDR5, CL40, Black, RGB, Intel XMP",KINGSTON
KF556C40BBK2-16,0740617325935,196.25,17,instock,yes,"Kingston FURY Beast KF556C40BBK2-16 16GB (2x 8GB) DIMM System Memory, 5600MHz, DDR5, CL40, Black, Intel XMP",KINGSTON
KF560C30BBEAK2-64,0740617342819,652.78,0,outofstock,yes,"Kingston FURY Beast KF560C30BBEAK2-64 64GB (2x 32GB) DIMM System Memory, 6000MHz, DDR5, CL30, Black, RGB, Intel XMP, AMD EXPO",KINGSTON
KF560C32RSK2-96,0740617338805,1145.59,1,instock,yes,"Kingston FURY Renegade KF560C32RSK2-96 96GB (2x 48GB) DIMM System Memory, 6000MHz, DDR5, CL32, Silver, Intel XMP",KINGSTON
KF560C36BBE2-32,740617345902,369.07,0,outofstock,yes,"Kingston FURY Beast KF560C36BBE2-32 32GB DIMM System Memory, 6000MHz, DDR5, CL36, Black, Intel XMP, AMD",KINGSTON
KF560C36BBE2K2-64,740617350128,650.14,0,outofstock,yes,"Kingston FURY Beast KF560C36BBE2K2-64 64GB (2x 32GB) DIMM System Memory, 6000MHz, DDR5, CL36, Black, Intel XMP, AMD EXPO",KINGSTON
KF560C36BBEA-8,740617331912,105.69,0,outofstock,yes,"Kingston FURY Beast KF560C36BBEA-8 8GB (1x 8GB) DIMM System Memory, 6000MHz, DDR5, CL36, Black, RGB, Intel XMP, AMD EXPO",KINGSTON
KF560C36BBE-8,740617331738,105.69,0,outofstock,yes,"Kingston FURY Beast KF560C36BBE-8 8GB (1x 8GB) DIMM System Memory, 6000MHz, DDR5, CL36, Black, Intel XMP, AMD EXPO",KINGSTON
KF560C36BBEK2-16,740617331721,199.59,0,outofstock,yes,"Kingston FURY Beast KF560C36BBEK2-16 16GB (2x 8GB) DIMM System Memory, 6000MHz, DDR5, CL36, Black, Intel XMP, AMD EXPO",KINGSTON
KF560C36BBEAK2-16,740617331905,214.59,0,outofstock,yes,"Kingston FURY Beast KF560C36BBEAK2-16 16GB (2x 8GB) DIMM System Memory, 6000MHz, DDR5, CL36, Black, RGB, Intel XMP, AMD EXPO",KINGSTON
KF560C36BBE2AK2-32,0740617345902,375.69,0,outofstock,yes,"Kingston FURY Beast KF560C36BBE2AK2-32 32GB (2x 16GB) DIMM System Memory, 6000MHz, DDR5, CL36, Black, RGB, Intel XMP, AMD EXPO",KINGSTON
KF560C36BWE2-16,740617345865,181.4,7,instock,yes,"Kingston FURY Beast KF560C36BWE2-16 16GB (1x 16GB) DIMM System Memory, 6000MHz, DDR5, CL36, White, Intel XMP, AMD EXPO",KINGSTON
KF560C36BBEK2-64,740617331707,656.4,0,outofstock,yes,"Kingston FURY Beast KF560C36BBEK2-64 64GB (2x 32GB) DIMM System Memory, 6000MHz, DDR5, CL36, Black, Intel XMP, AMD EXPO",KINGSTON
KF560C36BWE2AK2-32,740617345889,317.97,0,outofstock,yes,"Kingston FURY Beast KF560C36BWE2AK2-32 32GB (2x 16GB) DIMM System Memory, 6000MHz, DDR5, CL36, White, RGB, Intel XMP, AMD EXPO",KINGSTON
KF560C36BWEAK2-64,740617333480,710.26,7,instock,yes,"Kingston FURY Beast KF560C36BWEAK2-64 64GB (2x 32GB) DIMM System Memory, 6000MHz, DDR5, CL36, White, RGB, Intel XMP, AMD EXPO",KINGSTON
KF560C36BBEAK2-64,740617331882,741.94,2,instock,yes,"Kingston FURY Beast KF560C36BBEAK2-64 64GB (2x 32GB) DIMM System Memory, 6000MHz, DDR5, CL36, Black, RGB, Intel XMP, AMD EXPO",KINGSTON
KF572C38RSK2-32,0740617331455,389.52,9,instock,yes,"Kingston FURY Renegade KF572C38RSK2-32 32GB (2x 16GB) DIMM System Memory, 7200MHz, DDR5, Silver, Intel XMP",KINGSTON
KF436C18BBK2/64,740617319729,450.12,0,outofstock,yes,"Kingston FURY Beast KF436C18BBK2/64 64GB (2x 32GB) DIMM System Memory, 3600MHz, DDR4, CL18, Black, Intel XMP",KINGSTON
KVR32N22S8/8BK,740617299786,83.91,12,instock,yes,"Kingston ValueRAM KVR32N22S8/8BK 8GB (1x 8GB) DIMM System Memory, 3200MHz, DDR4, CL22 - Bulk",KINGSTON
KVR56S46BS8-16,740617334050,239.6,0,outofstock,yes,"Kingston ValueRAM KVR56S46BS8-16 16GB (1x 16GB) SODIMM System Memory, 5600MHz, DDR5, CL46",KINGSTON
SDCE/128GB,740617290141,18.94,0,outofstock,yes,"Kingston SDCE/128GB High Endurance micro SD Flash Memory Card, 128GB, Class 10, A1, UHS-I U1, Retail Packed",KINGSTON
SDCE/64GB,740617290226,13.2,0,outofstock,yes,"Kingston SDCE/64GB High Endurance micro SD Flash Memory Card, 64GB, Class 10, A1, UHS-I U1, Retail Packed",KINGSTON
SDCG3/128GB,740617301182,8.98,0,outofstock,yes,"Kingston Canvas Go! Plus SDCG3/128GB 128GB Flash Card, UHS-1 (U3)",KINGSTON
SDCS3/128GB,0740617348453,14.95,60,instock,yes,Kingston Canvas Select 128GB Micro SD UHS-I Flash Card with Adapter,KINGSTON
SDCS3/64GB,0740617348408,9.95,280,instock,yes,"Kingston Canvas Select Plus 64GB Micro SD UHS-I Card with Adapter, A1-Rated for Android Devices",KINGSTON
SDR2V6/128GB,740617340617,31.15,0,outofstock,yes,"Kingston Canvas React Plus V60 128GB Memory Card, 4K, UHS-II, 280MB/s R, 150MB/s W",KINGSTON
SDS3/128GB,740617348286,19.59,177,instock,yes,Kingston Canvas Select Plus  SDS3/128GB V30 128GB SD Class 10 UHS-I U3 Flash Card,KINGSTON
WFS-SD,0740617307740,17.59,0,outofstock,yes,Kingston KTC Workflow SD Reader SDHC / SDXC UHS-II Card Reader,KINGSTON
NTBSD4N32SP-16,6926337231341,79.59,1,instock,yes,"Netac Basic NTBSD4N32SP-16 16GB (1x 16GB) SODIMM System Memory, 3200MHz, DDR4, CL22",NETAC
NTBSD5P56SP-16,6926337237770,135.59,0,outofstock,yes,"Netac Basic NTBSD5P56SP-16 16GB (1x 16GB) DIMM System Memory, 5600MHz, DDR5, CL46 - Bulk",NETAC
NTBSD4N26SP-08,6926337231167,42.99,3,instock,yes,"Netac Basic NTBSD4N26SP-08 8GB (1x 8GB) SODIMM System Memory, 2666MHz, DDR4, CL19",NETAC
NTBSD4N26SP-16,6926337231273,37.17,0,outofstock,yes,"Netac Basic NTBSD4N26SP-16 16GB (1x 16GB) SODIMM System Memory, 2666MHz, DDR4, CL19",NETAC
PSD48G32002/PSD48G320081,4711378427424,45.39,125,instock,yes,"Patriot Signature Series (PSD48G32002) 8GB, DDR4, DIMM, 3200MTs, CL22, 288 Pin, Limited Lifetime Warranty",PATRIOT
PVV516G60C30,04711378429183,163.23,150,instock,yes,"Patriot VIPER VENOM (PVV516G60C30) 16GB UDIMM System Memory, 6000MHz, DDR5, CL30, Matte Black",PATRIOT
PSD416G32002 / PSD416G320081,814914027097,85.59,142,instock,yes,Patriot Signature Line 16GB No Heatsink (1 x 16GB) DDR4 3200MHz DIMM System Memory,PATRIOT
PVV532G600C30K,4711378428193Â,316.2,86,instock,yes,"Patriot VIPER VENOM (PVV532G600C30K) 32GB (2X16GB) System Memory DRAM Kit, 6000MT/s, DDR5, CL30, Matte Black",PATRIOT
MD16GSD55600-BLK,4718006456412,165.32,52,instock,yes,"PNY Performance MD16GSD55600-BLK 16GB (1x 16GB) Desktop Memory, 5600MHz, DDR5, CL40 - Bulk",PNY
MD8GSD43200-SI,3536403391157,44.52,754,instock,yes,"PNY Performance MD8GSD43200-SI 8GB (1x 8GB) DIMM System Memory, 3200MHz, DDR4, CL22 - Bulk",PNY
MN16GSD43200-SI,3536403395230,82.59,50,instock,yes,"PNY Performance MN16GSD43200-SI 16GB (1x 16GB) SODIMM System Memory, 3200MHz, DDR4, CL22",PNY
SDCZ430-032G-G46T,619659193829,29.59,25,instock,yes,SanDisk Ultra Fit - USB flash drive - 32 GB - USB 3.1 - black (pack of 3),SANDISK
TC1418GR01,0765441016224,2.88,0,outofstock,yes,Team C141 8GB USB 2.0 Red USB Flash Drive,TEAM
TC1453128GY01,765441016491,9.01,0,outofstock,yes,Team C145 128GB USB 3.0 Yellow USB Flash Drive,TEAM
TC145316GL01,765441016279,4.82,60,instock,yes,Team 16GB USB 3.0 Blue USB Flash Drive,TEAM
TC145332GY01,765441016286,5.28,177,instock,yes,Team C145 32GB USB 3.0 Yellow USB Flash Drive,TEAM
TC145364GG01,0765441016293,5.53,45,instock,yes,Team C145 64GB USB 3.0 Green USB Flash Drive,TEAM
TC175316GB01,765441037571,5.23,82,instock,yes,Team C175 16GB USB 3.1 Black USB Flash Drive,TEAM
TC175332GB01,765441037564,4.84,56,instock,yes,Team C175 32GB USB 3.1 Black USB Flash Drive,TEAM
TC175364GB01,765441037557,6.22,113,instock,yes,Team C175 64GB USB 3.2 Black USB Flash Drive,TEAM
TC1753128GB01,0765441037540,9.09,13,instock,yes,Team C175 128GB USB 3.2 Black USB Flash Drive,TEAM
TC1753256GB01,765441052710,21.59,19,instock,yes,Team C175 256GB USB 3.2 Black USB Flash Drive,TEAM
TC1753512GB01,765441466470,31.92,0,outofstock,yes,Team C175 512GB USB 3.2 Black USB Flash Drive,TEAM
FF3D532G6000HC38ADC01,0765441659599,126.6,0,outofstock,yes,"TEAMGROUP Delta RGB FF3D532G6000HC38ADC01 32GB (2x16GB) System Memory, 6000MHz, DDR5 Kit",TEAM
FF3D532G7600HC36DDC01,0765441664227,159.6,0,outofstock,yes,"Team T-Force Delta RGB FF3D532G7600HC36DDC01 32GB DDR5 7600MHz System Memory, 2 x 16GB, Black, 36-46-46-84 1.40V",TEAM
FF3D532G8000HC38DDC01,0765441866003,371.13,47,instock,yes,"Team Delta RGB FF3D532G8000HC38DDC01 32GB DDR5 8000MHz System Memory, 2 x 16GB, Black, 38-48-48-84 1.45V",TEAM
FLBD516G5200HC40CDC01,0765441661929,36.98,0,outofstock,yes,Team T-Force Vulcan 16GB (2 x 8GB) 288-Pin PC RAM DDR5 5200 (PC5 41600) Desktop Memory Model,TEAM
FLBD516G5600HC40BDC01,0765441870253,33.8,0,outofstock,yes,"Team T-Force Vulcan FLBD516G5600HC40BDC01 System Memory, 16GB (2 x 8GB) DDR5, 5600MHz, CL40, Black",TEAM
FLBD516G6000HC38ADC01,0765441872219,145.41,0,outofstock,yes,"Team T-Force Vulcan FLBD516G6000HC38ADC01 System Memory, 16GB (2 x 8GB) DDR5, 6000MHz, CL38, Black",TEAM
FLBD532G5600HC32DC01,0765441661493,52.58,0,outofstock,yes,"Team T-Force Vulcan FLBD532G5600HC32DC01 32GB (2x16GB) System Memory, 5600MHz, CL32, DDR Kit",TEAM
FLBD564G6000HC38ADC01,765441665163,125.44,0,outofstock,yes,"TeamGroup T-Force VULCAN black DIMM Kit 64GB (2 x 32GB), DDR5, 6000MHz System Memory",TEAM
FLRD564G6000HC38ADC01,765441665170,600.48,0,outofstock,yes,"TeamGroup T-Force VULCAN Red DIMM Kit 64GB (2 x 32GB), DDR5 6000MHz System Memory",TEAM
TUSDH8GCL1003,0765441001695,3.68,0,outofstock,yes,Team 8GB Micro SDHC Class 10 Flash Card with Adapter,TEAM
TEAUSDX256GIV30A103,0765441645370,21.02,100,instock,yes,Team Elite A1 256GB Micro SDXC UHS-1 Flash Card with Adapter (for Android & 4K),TEAM
TEAUSDX512GIV30A103,765441051607,69.29,6,instock,yes,Team Elite A1 512GB Micro SDXC UHS-1 Flash Card with Adapter (for Android & 4K),TEAM
TED516G4800C40D-S01,0765441869387,169.02,8,instock,yes,"Team Elite TED516G4800C40D-S01 16GB (1x 16GB) SODIMM System Memory, 4800MHz, DDR5, CL40",TEAM
TED516G5600C46A-S01,0765441871403,85.7,0,outofstock,yes,"Team Elite TED516G5600C46A-S01 16GB (1x 16GB) SODIMM System Memory, 5600MHz, DDR5, CL46",TEAM
TED532G4800C40D-S01,0765441869431,335.2,13,instock,yes,"Team Elite TED532G4800C40D-S01 32GB (1x 32GB) SODIMM System Memory, 4800MHz, DDR5, CL40",TEAM
TED532G5600C46A-S01,0765441871397,110.84,0,outofstock,yes,"Team Elite TED532G5600C46A-S01 32GB (1x 32GB) SODIMM System Memory, 5600MHz, DDR5, CL46",TEAM
TED416G3200C22BK,TED416G3200C22BK,94.33,0,outofstock,yes,"Team ELITE 16GB No Heatsink (1 x 16GB) DDR4 3200MHz DIMM System Memory, Bulk",TEAM
TED416G3200C2201,0765441647794,71.19,21,instock,yes,Team ELITE 16GB No Heatsink (1 x 16GB) DDR4 3200MHz DIMM System Memory,TEAM
TED416G2666C19-S01,765441642706,63.59,0,outofstock,yes,"Team Elite TED416G2666C19-S01 16GB (1x 16GB) SODIMM System Memory, 2666MHz, DDR4, CL19",TEAM
TED416G3200C22-S01,765441651715,99.59,46,instock,yes,"Team Elite TED416G3200C22-S01 16GB (1x 16GB) SODIMM System Memory, 3200MHz, DDR4, CL22",TEAM
TED48G3200C22-S01,765441651722,53.59,28,instock,yes,"Team Elite TED48G3200C22-S01 8GB (1x 8GB) SODIMM System Memory, 3200MHz, DDR4, CL22",TEAM
TED516G4800C4001,0765441661769,85.51,0,outofstock,yes,"Team ELITE 16GB No Heatsink (1 x 16GB) DDR5 4800MHz DIMM System Memory, CL40",TEAM
TED532G4800C4001,0765441661820,170.12,0,outofstock,yes,Team Elite TED532G4800C4001 32GB (1 x 32GB) DDR5 4800MHz DIMM System Memory,TEAM
TED532G5600C4601,0765441869158,335.96,6,instock,yes,Team Elite TED532G5600C4601 32GB (1 x 32GB) DDR5 5600MHz DIMM System Memory,TEAM
TED532G5600C46DC01,0765441661998,171.0,0,outofstock,yes,"Team Elite TED532G5600C46DC01 32GB DIMM System Memory, DDR5, 5600MHz, 2 x 16GB, 288 Pin, 1.1v, 46-46-46-90",TEAM
TUSDH32GCL10U02,765441038257,1.95,0,outofstock,yes,Team 32GB Micro SDHC Class 10 UHS-I Flash Card without Adapter,TEAM
TUSDH32GCL10U03,0765441038233,5.32,112,instock,yes,Team 32GB Micro SDHC Class 10 UHS-I Flash Card with Adapter,TEAM
TUSDX128GCL10U03,765441466913,10.8,0,outofstock,yes,Team 128GB Micro SDXC UHS-1 Class 10 Flash Card with Adapter,TEAM
TX1364GC01,4711430803739,9.21,83,instock,yes,"Team TX1364GC01 2 in 1 Dual OTG 64GB Flash Drive, X1 USB 3.2 Gen1, Type C & A, Plug and Play",TEAM
KF436C18BB2AK2/64,740617337372,500.65,0,outofstock,yes,"Kingston FURY Beast KF436C18BB2AK2/64 64GB (2x 32GB) DIMM System Memory, 3600MHz, DDR4, CL18, Black, RGB, Intel XMP",KINGSTON
HS-220U,4710268259183,7.75,99,instock,yes,"Genius HS-220U Ultra Lightweight Headset with Mic, USB Connection, Plug and Play, Adjustable Headband and microphone with In-line Volume Control, Black",GENIUS
31710032401,4710268262190,6.68,135,instock,yes,"Genius HS-220U-C Copilot AI Ultra Lightweight Headset with Mic, USB-C Connection, Plug and Play, Adjustable Headband and microphone with In-line Volume Control, Black",GENIUS
31710021403,4710268261605,7.65,135,instock,yes,"Genius HS-230U Headset with Mic, USB-C Connection, Plug and Play, Adjustable Headband and microphone with In-line Volume Control, Black",GENIUS
31710029400,4710268261735,9.74,41,instock,yes,Genius HS-810BT Foldable Bluetooth 5.3 Headset with USB-C Charging,GENIUS
31710005412,4710268255864,2.95,64,instock,yes,"Genius HS-M320 In-Ear Headphones with In-Line Controller and Mic, Black",GENIUS
31710030400,4710268261964,5.15,60,instock,yes,Genius HS-M365B USB-C In-Ear Wired Earbuds with In-Line Microphone and Volume Controls Black,GENIUS
31710030401,4710268261971,5.15,42,instock,yes,Genius HS-M365W USB-C In-Ear Wired Earbuds with In Line Microphone and Volume Controls White,GENIUS
HS-M505X,4710268245674,4.9,122,instock,yes,"Genius HS-M505X Headset with Mic, 3.5mm Connection, Plug and Play with Adjustable Headbandand, In-line microphone and Volume Control, Black",GENIUS
31710025402,4710268260752,5.33,0,outofstock,yes,"Genius HS-M905BT TWS True Wireless Earbuds, Bluetooth 5.3 Connectivity, Automatic Pairing and Touch Control Feature with Wireless Charging Case, Android, IOS and Windows Compatible, Black",GENIUS
31730061400,31730061400,9.61,154,instock,yes,"Genius SP-HF300U, 4W RMS, USB Audio Speakers, USB-A & USB-C, Compatible with Windows, macOS, and Chrome OS devices",GENIUS
31730061401,31730061401,9.61,170,instock,yes,"Genius SP-HF300U, 4W, USB Audio Speakers/ USB-A & USB-C - White",GENIUS
31730059406,31730059406,45.06,46,instock,yes,"Genius SP-HF1220BT 45W RMS, Bluetooth 2-Way Wood Speakers, Bluetooth, 3.5mm",GENIUS
31730029401,4710268257158,5.16,79,instock,yes,"Genius SP-HF180 6W Wooden Desktop USB 2.0 Stereo Speakers with 3.5mm Audio Jack & Volume Control, Black",GENIUS
31730029400,4710268256991,5.16,175,instock,yes,"Genius SP-HF180 6W Wooden Desktop USB 2.0 Stereo Speakers with 3.5mm Audio Jack & Volume Control, Natural Wood",GENIUS
31730027400,4710268257110,5.23,281,instock,yes,"Genius SP-Q160 2.0 Desktop Speakers, Stereo Sound, USB Powered Plug and Play, 6w, 3.5mm with Volume Control, Grey",GENIUS
31730050404,4710268261391,43.37,50,instock,yes,"Genius SW-2.1 1850BT, 50W RMS, Bluetooth 5.3, Subwoofer, Gaming and Entertainment Speaker System",GENIUS
981-000480,5099206038868,25.2,0,outofstock,yes,Logitech H540 USB Headset with Noise-Cancelling Mic and On Ear Controls,LOGITECH
981-000406,5054533366169,17.12,69,instock,yes,Logitech H390 USB Headset with Noise-Cancelling Mic,LOGITECH
981-000770,5099206082410,59.69,0,outofstock,yes,"Logitech G432 Gaming Headset, 7.1 Virtual Surround Sound, Compatible with PC, Xbox, PS4, Switch or Mobile Device Via 3.5mm Connection or USB DAC, 50mm Audio Drivers, Enlarged 6mm Mic with Mute Feature",LOGITECH
981-000593,5099206057340,7.49,118,instock,yes,"Logitech H111 Wired Headset, Stereo Sound, 3.5mm Audio Jack, Noise-Cancelling Microphone, Black",LOGITECH
H8325,6932391930144,13.73,196,instock,yes,Marvo H8325 Akari 40 USB 2.0 Wired Gaming RGB Headset (Black),MARVO
H8618-BK,6932391930021,10.24,0,outofstock,yes,Marvo Scorpion H8618 Tactic 40 USB 2.0 Wired Gaming RGB Headset (Black),MARVO
H8618-WH,6932391930014,10.24,76,instock,yes,Marvo Scorpion H8618 Tactic 40 USB 2.0 Wired Gaming RGB Headset (White),MARVO
HG9067,5053118518955,16.22,139,instock,yes,Marvo Scorpion HG9067 Tactic 70 USB 2.0 7.1 Virtual Surround Sound Gaming RGB Headset (Black),MARVO
HG9076W,6932391936641,23.11,198,instock,yes,Marvo Scorpion HG9076W Tactic X Pro Wireless Bluetooth / USB-C RGB Gaming Headset (Black),MARVO
HG9086W,6932391933664,19.78,0,outofstock,yes,Marvo Scorpion HG9086W Bluetooth and Wired Tri-Mode Connection RGB Stereo Gaming Headphones,MARVO
MIC-01,6932391917626,4.65,379,instock,yes,Marvo Scorpion MIC-01 RGB USB Powered Flexible Gaming and Streaming Microphone,MARVO
MIC-06 BK,6932391930052,11.37,0,outofstock,yes,Marvo Scorpion MIC-06 Blast 40 USB RGB Noise Cancelling Wired Microphone (Black),MARVO
MIC-06 WH,6932391930069,11.37,34,instock,yes,Marvo Scorpion MIC-06 Blast 40 USB RGB Noise Cancelling Wired Microphone (White),MARVO
MIC-07 BK,6932391934883,21.25,0,outofstock,yes,Marvo Scorpion MIC-07 Blast 60 USB RGB Noise Cancelling Wired Gaming Microphone (Black),MARVO
MIC-07 WH,6932391934890,21.25,57,instock,yes,Marvo Scorpion MIC-07 Blast 60 USB RGB Noise Cancelling Wired Gaming Microphone (White),MARVO
SG-286,6932391929025,10.36,18,instock,yes,Marvo Scorpion SG-286 Etna 40 Bluetooth 5.3 USB Powered RGB Gaming Soundbar (Black),MARVO
SG-118,6932391920138,6.91,356,instock,yes,Marvo Scorpion SG-118 Havoc 10 USB Powered Stereo RGB 6W Gaming Speakers (Black),MARVO
SG-269,6932391923832,11.78,291,instock,yes,Marvo Scorpion SG-269 USB Powered RGB Wired and Bluetooth Gaming Speakers,MARVO
SG-285 BK,6932391936719,9.4,248,instock,yes,Marvo Scorpion SG-285 Havoc 20 USB Powered Stereo RGB 6W Gaming Speakers (Black),MARVO
ES-201,5053118212594,6.87,417,instock,yes,"Prevo ES-201 Portable IP7 Waterproof 20W Wireless Speaker with Bluetooth, USB & SD card, Bluetooth 5.3",PREVO
MSO3,5053118802092,4.98,682,instock,yes,"Prevo MS03 Wireless Bluetooth Speaker with Bluetooth, USB & SD, Space-Saving Wireless Speaker for TV, Home Entertainment System, PC, Mobile Device & Gaming Consoles",PREVO
TWAC-Q3W-BK,810072522849,26.78,0,outofstock,yes,Tecware Q3 Wired/ Wireless 2.4Ghz & Bluetooth Lightweight Gaming Headset,TECWARE
30203,23942302032,20.36,20,instock,yes,"Verbatim TruSound Pro Neckband Earbuds,110 Hours Playtime, Wireless Bluetooth 5.4, ENC - Black",VERBATIM
30205,23942302056,16.4,16,instock,yes,"Verbatim TruSound ANC Neckband Earbuds, Wireless Bluetooth 5.4, Active Noise Cancellation - Black",VERBATIM
30206,23942302063Â,16.4,20,instock,yes,"Verbatim TruSound ANC Neckband Earbuds, Wireless Bluetooth 5.4, Active Noise Cancellation - Grey",VERBATIM
EP2-06631,0196388410088,175.79,0,outofstock,yes,Microsoft Office 2024 Home and Business English Medialess Software Lifetime Subscription - Retail Boxed,MICROSOFT
EP2-06812,0196388411894,97.55,17,instock,yes,Microsoft Office Home 2024 Medialess - Retail Box,MICROSOFT
FQC-10528,889842905892,102.94,349,instock,yes,Microsoft Windows 11 Professional 64bit English OEI DVD Operating Software OEM,MICROSOFT
HAJ-00090,889842965674,93.91,12,instock,yes,Microsoft Windows 11 Home 64bit English USB Flash Drive,MICROSOFT
KLQ-00650,889842861259,107.85,0,outofstock,yes,Microsoft 365 Business Standard 1 Year 1 User - Retail Boxed,MICROSOFT
KW9-00632,889842905267,80.74,309,instock,yes,Microsoft Windows 11 Home 64bit English OEI DVD Operating Software,MICROSOFT
21426658,5397231015442,8.12,94,instock,yes,"Norton 360 Standard, Antivirus Software for 1 Device, 1-year Subscription, Includes Secure VPN, Password Manager and 10GB of Cloud Storage, PC/Mac/iOS/Android, Activation Code by email - ESD",NORTON
21432961,5397231015367,19.94,19,instock,yes,"Norton 360 Deluxe, Antivirus Software for 5 Devices, 1-year Subscription, Includes Secure VPN, Password Manager and 50GB of Cloud Storage, PC/Mac/iOS/Android, Activation Code by email - ESD",NORTON
21436342,5397231022402,10.63,92,instock,yes,"Norton 360 with Game Optimizer, Antivirus for 3 Devices, 1-year subscription Includes VPN, Dark Web Monitoring, Password Manager, 50GB of Cloud Storage, PC/Mac/iOS/Android, Activation Code by email - ESD",NORTON
21454798,5397231030568,29.95,2,instock,yes,"Norton Small Business, Antivirus Software, 6 Devices, 1-year Subscription, Includes 250GB of Cloud Storage, Dark Web Monitoring, Private Browser, 24/7 Business Support, Activation Code by email - ESD",NORTON
21454822,5397231030537,39.2,1,instock,yes,"Norton Small Business, Antivirus Software, 10 Devices, 1-year Subscription, Includes 250GB of Cloud Storage, Dark Web Monitoring, Private Browser, 24/7 Business Support, Activation Code by email - ESD",NORTON
21454835,5397231030551,53.4,2,instock,yes,"Norton Small Business, Antivirus Software, 20 Devices, 1-year Subscription, Includes 250GB of Cloud Storage, Dark Web Monitoring, Private Browser, 24/7 Business Support, Activation Code by email - ESD",NORTON
STV-4324+,850046374777,500.0,8,instock,yes,"Newline STV-4324+ 43"" STV+ Series, 4K, Android 14, Cast+, Digital Signage Display (Non-Touch)",NEWLINE
STV-5524+,850046374784,700.0,10,instock,yes,"Newline STV-5524+ 55"" STV+ Series, 4K, Android 14, Cast+, Digital Signage Display (Non-Touch)",NEWLINE
STV-6524+,850046374791,850.0,7,instock,yes,"Newline STV-6524+ 65"" STV+ Series, 4K, Android 14, Cast+, Digital Signage Display (Non-Touch)",NEWLINE
STV-7524+,850046374807,1200.0,12,instock,yes,"Newline STV-7524+ 75"" STV+ Series, 4K, Android 14, Cast+, Digital Signage Display (Non-Touch)",NEWLINE
STV-8524+,850046374814,1500.0,2,instock,yes,"Newline STV-8524+ 85"" STV+ Series, 4K, Android 14, Cast+, Digital Signage Display (Non-Touch)",NEWLINE
STV-9824+,850046374821,2500.0,1,instock,yes,"Newline STV-9824+ 98"" STV+ Series, 4K, Android 14, Cast+, Digital Signage Display (Non-Touch)",NEWLINE
TT-5523QA,850046374210,1095.0,-2,outofstock,yes,"Newline TT-5523QA 55"" Lyra Pro Android 14 Interactive Touch Screen",NEWLINE
TT-6523QA,850046374227,1175.0,0,outofstock,yes,"Newline TT-6523QA  65"" Lyra Pro Android 14 Interactive Touch Screen",NEWLINE
TT-6523QCA+,850046374302,1995.0,0,outofstock,yes,"Newline TT-6523QCA+ 65"" Elara Pro Android 13, Cast+,  Interactive Touch Screen with Camera",NEWLINE
TT-7523C,850046374272,1525.0,0,outofstock,yes,"Newline TT-7523C 75"" C Series Interactive Touch Screen (No On-board OPS)",NEWLINE
TT-7523QA,850046374234,1525.0,59,instock,yes,"Newline TT-7523QA  75"" Lyra Pro Android 14 Interactive Touch Screen",NEWLINE
TT-7523QCA+,850046374319,2325.0,27,instock,yes,"Newline TT-7523QCA+ 75"" Elara Pro Android 13, Cast+,  Interactive Touch Screen with Camera",NEWLINE
TT-8623C,850046374289,1795.0,26,instock,yes,"Newline TT-8623C 86"" C Series Interactive Touch Screen (No On-board OPS)",NEWLINE
TT-8623QA,850046374241,1795.0,58,instock,yes,"Newline TT-8623QA  86"" Lyra Pro Android 14 Interactive Touch Screen",NEWLINE
TT-8623QCA+,850046374326,2750.0,4,instock,yes,"Newline TT-8623QCA+ 86"" Elara Pro Android 13, Cast+,  Interactive Touch Screen with Camera",NEWLINE
TT-9823QA,850046374258,5395.0,0,outofstock,yes,"Newline TT-9823QA  98"" Lyra Pro Android 14 Interactive Touch Screen",NEWLINE
OPS WB76110A EDLA,850046374913,350.0,22,instock,yes,Newline WB76110A 16GB RAM/256GB Storage RK3588 Google EDLA Certified Android 15 PC/OPS Module,NEWLINE
DP.Z4EWW.P01,4711474226624,476.66,28,instock,yes,NITRO AMD RADEON RX9070 16G OC GPU,ACER
FF.G2ZTA.002,4711474605450,124.99,12,instock,yes,ACER CONNECT M4 WITH 20GB,ACER
GP.OTH11.06G,4711121910876,32.49,6,instock,yes,ACER PREDATR WLESS GMG CNTRLR PGR300,ACER
GP.SPK11.00A,4711121357619,43.33,4,instock,yes,ACER NITRO SOUNDBAR,ACER
FF.G2VTA.002,4711474344885,156.24,4,instock,yes,ACER CONNECT M6E WITH 20GB,ACER
FF.G2DTA.001,,140.0,478,instock,yes,ACER CONNECT ENDURO M3 5G WIFI,ACER
DQ.BREEK365PBUN,,620.67,14,instock,yes,C27A-GRPL I5 8GB 1TB W11 365PBUN,ACER
DQ.BRSEK.001,4711474842749,697.49,79,instock,yes,C27-B C5-120U 8GB 512GB W11 BLACK,ACER
DQ.BSAEK.001,4711474811516,899.99,37,instock,yes,S27-B U5 226V 16GB 1TB SSD WHITE,ACER
DT.BT4EK.005,4711474869326,712.49,98,instock,yes,TC-102 I7-14700 8GB 512GB W11 WHITE,ACER
DQ.BSAEK365PBUN,,733.17,37,instock,yes,AIO  S27-B U5 16GB 1TB WHITE365PBUN,ACER
DQ.BRPEK.003,4711474842701,824.99,183,instock,yes,C27-A C5-120U 8GB 1TB W11 WHITE,ACER
DG.E5VEK.005,4711474800909,1199.99,156,instock,yes,N20-101 C5-120U 16GB 512GB 5060 W11,ACER
DG.E5VEK.003,4711474800886,1087.49,94,instock,yes,N20-101 C5-120U 16GB 512GB 5050 W11,ACER
DQ.BSBEK.001,4711474811431,787.49,13,instock,yes,S24-B U5 226V 16GB 512GB SSD WHITE,ACER
DQ.BNREK365PBUN,,717.17,68,instock,yes,C27-1E13U7UNH I7 8GB 1TB W11 365PBUN,ACER
DQ.BRSEK365PBUN,,530.17,68,instock,yes,AIO  C27-B I5 8GB 512GB BLK 365PBUN,ACER
DQ.BRNEK365PBUN,,568.17,68,instock,yes,AIO  C24-A I5 8GB 1TB WHT 365PBUN,ACER
DQ.BRREK365PBUN,,492.17,68,instock,yes,AIO  C24-B I5 8GB 512GB BLCK 365PBUN,ACER
DT.BVCEK.002,4711474869340,622.49,46,instock,yes,TC-102 C5-210H 8GB 512GB W11 WHITE,ACER
DQ.BRNEK.002,4711474842671,787.49,168,instock,yes,C24-A C5-120U 8GB 1TB W11 WHITE,ACER
DQ.BNREK.004,4711474457660,974.99,80,instock,yes,C27-1E13U7UNH I7-1355U 8GB 1TB W11,ACER
DQ.BRPEK365PBUN,,620.67,68,instock,yes,AIO  C27-A I5 8GB 512GB WHT 365PBUN,ACER
DQ.BREEK.002,4711474621894,562.5,14,instock,yes,C27A-GRPL I5-13420H 8GB 1TB W11,ACER
DQ.BSBEK365PBUN,,695.67,13,instock,yes,AIO  S24-B U5 16GB 512GB WHT 365PBUN,ACER
DG.E5AEK.002,4711474779373,2774.99,29,instock,yes,N70 R7-9800X3D 32GB 2TB 5080 W11,ACER
DQ.BRREK.001,4711474842718,674.99,71,instock,yes,C24-B C5-120U 8GB 512GB W11 BLACK,ACER
NH.U59EK.008,4711721020395,1275.0,78,instock,yes,NITRO V 16IN C7 16GB 512GB 5060 BLK,ACER
DG.E4UEK.007,4711474504913,1874.99,14,instock,yes,PO3-665_H610 I7-14700F 16G 512G 5070,ACER
NH.QY1EK.004,4711474604545,1425.0,24,instock,yes,PHN14-71 U7 255HX 32GB 1TB 5070 BLK,ACER
NH.U58EK.002,4711721020425,1125.0,78,instock,yes,NITRO V 16IN I5 16GB 512GB 5050 BLK,ACER
NH.QW8EK.001,4711474539380,1237.49,21,instock,yes,AI ANV14-62 R7 350 32GB 1TB 5060 WHT,ACER
NH.U46EK.001,4711474993274,2749.99,20,instock,yes,HELIOS 16 U9 290HX 32GB 1TB 5080 BLK,ACER
NH.U3PEK.00M,4711721023662,1125.0,73,instock,yes,NITROV  15.6IN R5 16GB 512GB 5060 BL,ACER
NX.JRREK.005,4711474739513,637.49,3,instock,yes,AN V16 C5 210 16GB 512GB 5050 W11,ACER
NH.QYWEK.003,4711474539045,1200.0,70,instock,yes,NITRO V 16IN R7 16GB 512 GB 5050 BLK,ACER
NH.QVLEK.005,4711474481047,1950.0,17,instock,yes,PHN18-72 U9 275HX 32G 2TB 5070TI BLK,ACER
UM.HV2EE.202,4711121957710,149.99,33,instock,yes,NITRO VG272UW2BMIIPX 27IN 240HZ QHD,ACER
UM.JX0EE.307,4711121920301,149.99,13,instock,yes,NITROXZ322QUV3BMIIPHX 31.5IN CRV QHD,ACER
UM.GCXEE.X04,4711474846716,337.49,12,instock,yes,26.5 ZEROFRAME OLED 240HZ 0.03MS,ACER
UM.HX3EE.508,4711474881076,439.99,12,instock,yes,XB273UF5 27IN IPS QHD 360HZ 1MS,ACER
UM.HX2EE.311,4711121662294,123.74,8,instock,yes,ACER XZ272S3BMIIPRX 180HZ CURVED,ACER
UM.GXXEE.112,4711474511256,562.49,13,instock,yes,27 UHD X27X1 ZEROFRAME OLED 240HZ,ACER
UM.NZ7EE.002,4711121979156,1649.99,1,instock,yes,PREDATOR Z57BMIIPHUZX 57IN CRV DUHD,ACER
UM.QK2EE.011,4711474882394,56.24,201,instock,yes,KB242YP0BI 60CM 23.8 FHD IPS 120HZ,ACER
UM.HP0EE.013,4711474576736,524.99,2,instock,yes,27 ZEROFRAME IPS 5K 60HZ WEBCAM,ACER
UM.HX0EE.335,4711474882424,104.99,73,instock,yes,NITRO KG270W3BMIIPX 27 16:9 240HZ,ACER
UM.HV2EE.304,4711121556777,119.99,31,instock,yes,NITRO VG272UV3BMIIPX 180HZ,ACER
UM.HK2EE.018,4711474882400,74.99,91,instock,yes,KB272P0BI 69CM 27 FHD IPS 144HZ 16:9,ACER
UM.QX0EE.318,4711121691416,93.16,87,instock,yes,NITRO XF240YM3BIIPHIPS 180HZ,ACER
UM.HV0EE.405,4711474325082,187.49,3,instock,yes,NITRO VG270KV4BMIIPX 69CM 27 UHD IPS,ACER
UM.JP0EE.009,4711474576767,749.99,2,instock,yes,31.5 ZEROFRAME 6K TOUCH WEBCAM,ACER
UM.CX0EE.016,4711474510778,224.99,30,instock,yes,NITRO XZ340CURX0BMIIPHX 86CM CURVED,ACER
UM.WE1EE.007,4711474583406,44.99,93,instock,yes,EK221QJ0BI 55CM 21.5 FHD VA 120HZ,ACER
UM.QX0EE.328,4711474882417,89.99,133,instock,yes,NITRO KG240YW3BMIIPX 23.8 16:9 240HZ,ACER
UM.JXXEE.504,4711474802224,637.49,1,instock,yes,32 UHD X32X5 ZEROFRAME OLED 240HZ,ACER
UM.CX0EE.022,4711474706041,172.49,21,instock,yes,NITRO XZ340CURJ0BMIIPHX 34 CURVED,ACER
NX.J37EK.001,4711474163462,229.99,7,instock,yes,CBOA314-1H CEL N4500 4GB 64GB BLK,ACER
NX.JXWEK.001,4711474902672,344.99,294,instock,yes,AG15-44P R3 5400U 8GB 512GB W11 SLV,ACER
NX.JCMEK.003,4711474373267,367.99,13,instock,yes,CB516-1H I3-1315U 8GB 128GB IRON,ACER
NX.KYHEK.001,4711474026965,268.33,65,instock,yes,CP314-2HN N100 4GB 128GB SILVER,ACER
NX.J4GEK.009,,449.99,66,instock,yes,ASPIRE GO 15 I5-13420H 16G 512GB W11,ACER
NX.JCLEK.006,4711474373342,459.99,44,instock,yes,CB516-1H I5-1334U 8GB 256GB IRON,ACER
NX.JP3EK.008,,689.99,168,instock,yes,ASPIRE 14 AI X1-26100 16GB 512GB WH,ACER
NX.J7WEK.00A,4711474297815,459.99,154,instock,yes,AG15-42P R5 7430U 16GB 1TB W11 SLV,ACER
NX.JRREK.006,4711474766670,498.33,155,instock,yes,AG15-72P C5 120U 8GB 512GB W11 SLV,ACER
NX.JP3EK.003,4711474562098,651.66,164,instock,yes,A14-11M SX X1-26100 16GB 1TB BLUE,ACER
NX.JYREK.001,4711721022450,268.33,168,instock,yes,CHROME 14 MT KOMP 540 4GB 64GB BLK,ACER
NX.KP4EK.004,4711121685798,344.99,13,instock,yes,CB514-3H R5 7520C 8GB 256GB IRON,ACER
NX.J4LEK365PBUN,,403.16,10,instock,yes,ASP GO 17  C3 8GB 128GB IRON365PBUN,ACER
NX.J4LEK.005,4711474493286,383.33,10,instock,yes,AG17-31P C3 N355 8GB 128GB IRON,ACER
NXJ4GEK.009BUN,,508.16,66,instock,yes,ASPGO 15 I5-13420H 16G 512GB 365PBUN,ACER
NX.JKAEK.004,4711474495686,421.66,14,instock,yes,CB514-5H C5 120U 8GB 512GB IRON,ACER
NX.JA7EK.007,,1049.99,108,instock,yes,SWIFT X 14.5 AIR7 32GB 2TB 5060,ACER
NX.KBAEK.001,4711474084262,268.33,131,instock,yes,CB315-4HT CEL N4500 8GB 128 SLV CHRM,ACER
MR.JWW11.002,4711121906596,937.49,4,instock,yes,VERO HL6810ATV DLP 4K2K 4000 LM,ACER
MR.JUW11.002,4710886742340,659.99,1,instock,yes,ACER GD711 DLP 4K2K 4000 LED LM 1000,ACER
MR.JYE11.001,4711474442581,403.33,11,instock,yes,ACER PD1520US DLP 1080P 500 LM 600:1,ACER
MR.JXE11.002,4711474146045,241.99,1,instock,yes,X1128 DLP SVGA 4800 LM 20000:1,ACER
MR.JXA11.002,4711474035097,312.49,9,instock,yes,H6542 DLP 1080P 4000 LM 13 000:1,ACER
MR.JWT11.002,4711121752568,733.33,3,instock,yes,ACER VERO PL3510ATV EURO/UK POWER,ACER
MR.JSE11.002,4710180755534,249.99,10,instock,yes,H5386BDI DLP 720P 5000 LM 20000:1,ACER
MR.P0E11.002,4711474818348,806.66,5,instock,yes,HL1810U DLP 4K2K 1000 LM 1200:1,ACER
MR.JVK11.002,4711121093500,659.99,7,instock,yes,H6830BD DLP 4K2K 3800 LM PROJECTOR,ACER
MR.JSA11.002,4710180735147,227.33,16,instock,yes,X1123HP DLP 3D SVGA 4000LM PROJECTOR,ACER
MR.JTA11.002,4710886118947,720.29,10,instock,yes,ACER PROJECTOR  H6815BD  WHITE,ACER
MR.P0L11.002,4711474849137,953.33,5,instock,yes,HL1820 DLP 4K2K 2300 LM 3.5MIL:1,ACER
MR.JSF11.002,4710180941944,513.33,18,instock,yes,H6518STI DLP 3D 1080P 3500LM HDMI,ACER
MR.JXX11.002,4711474364067,403.33,10,instock,yes,PD1800 DLP 4K2K 1000 LM 3.5MIL:1,ACER
GP.OFG11.00B,4711474096876,677.83,30,instock,yes,ACER CHARGING CART ACC320 32 SLOTS,ACER
GP.DCK11.020,,192.49,56,instock,yes,ACER THUNDERBOLT DOCK T34 ADK360 UK,ACER
GP.KBD11.01Z,,31.24,3,instock,yes,ACER NITRO GAMING KEYBOARD - UK LAYO,ACER
NC.23811.09Z,,28.5,8,instock,yes,ACER USI 1.0 ACTIVE STYLUS CP714,ACER
GP.ADT11.00G,4710886247586,31.24,7,instock,yes,ACER 65W TYPE-C ADAPTER UK POWERCOR,ACER
GP.KBD11.05T,,13.7,489,instock,yes,ACER WIRED PVC.94V0 1.8M USB,ACER
UM.QB7EE.G14,4711474259349,69.0,79,instock,yes,VERO B247YGBMIPRZX IPS 120H HDMI/DP,ACER
UM.QX2EE.G02,,50.0,1745,instock,yes,ACER 60CM 23.8IN ZF HDMI ADAPSYNC UK,ACER
UM.HX2EE.605,,62.0,260,instock,yes,ACER 69CM 27IN ZF HDMI FREESYNC UK,ACER
UM.JS2EE.A14,,149.99,19,instock,yes,ACER SA322QU ABMIIPX 34 WQ HD,ACER
UM.WV7EE.H06,4711121497834,53.65,239,instock,yes,ACER V227QHBIPV 22 DISPLAY,ACER
UM.HB7EE.G16,,100.0,127,instock,yes,ACER VERO B277UG 27 UK BLACK,ACER
UM.HB8EE.G04,,140.0,5,instock,yes,ACER VERO B278UG 69CM UK BLACK,ACER
UM.CB3EE.D09,,367.49,19,instock,yes,ACER VERO CB343CURD 86CM 34INCH,ACER
UM.ZP1EE.011,,77.17,19,instock,yes,ACER PM161QTBMIUUUX15.6 PORT TCH MON,ACER
UM.HB8EE.E10,4711474259493,120.0,25,instock,yes,^VERO B278UEBEMIQPRCUZX IPS 100HZ,ACER
UM.HB7EE.B06,,183.74,56,instock,yes,ACER VERO 27 B277KLBBMIPRUZX HDMI,ACER
UM.WB7EE.303,4711121803635,73.49,17,instock,yes,VERO B227QE3BMIPRZXV IPS 100HZ HDMI,ACER
UM.QB8EE.G04,4711474259486,154.34,201,instock,yes,VERO B248YGBEMIQPRCUZX IPS 120HZ,ACER
UM.JB7EE.110,,183.74,40,instock,yes,ACER VERO 32 B327QKB1BMIIPRZX,ACER
UM.WV7EE.035,,52.65,740,instock,yes,ACER V227QJ0BI 21.45W ZERO FRAME MON,ACER
UM.QX2EE.609,,53.65,366,instock,yes,ACER 23.8 KA242YP6BI,ACER
UM.QV7EE.G11,4711474255679,58.79,610,instock,yes,VERO V247YGBIP IPS 120HZ HDMI/DP,ACER
UM.HB7EE.G49,,100.0,175,instock,yes,ACER 69CM 27IN ZFHDMI ADAPSYNC AUDIO,ACER
UM.HB7EE.G07,4711474259400,95.54,23,instock,yes,VERO B277GBMIPRZX IPS 120HZ HDMI/DP,ACER
NX.BD3EK.002,,400.0,60,instock,yes,P214-56 I5-120U 8GB/256GB W11P,ACER
NX.BGPEK.004,4711474298645,400.0,13,instock,yes,^TMP215-55 I5-120U 8GB/256GB W11P,ACER
NX.BGQEK.004,,350.24,142,instock,yes,ACER TMB514-31 N355 8/128 W11P ED,ACER
NX.B0AEK.002,4711121715983,700.0,17,instock,yes,TMP614-53 I7-1355U 16GB/512GB W11P,ACER
NX.BPVEK.002,,750.0,24,instock,yes,ACER TMX414-51 U5-266V 16/512 W11P,ACER
NX.BPVEK.001,,825.0,28,instock,yes,ACER TMX414-51 U7-256V 16/512 W11P,ACER
NX.B7WEK.00E,,880.0,27,instock,yes,ACER TMP414RN-54 U5-125U 16/512 W11P,ACER
NX.BJLEK.001,,850.0,4,instock,yes,ACER TRAVEL P6 U7-256V 16/512 W11P,ACER
NX.VZLEK.00A,4711121763830,277.2,8,instock,yes,^TMB311-33 N200 8GB/128GB W11P EDU,ACER
MR.JQU11.002,,366.66,4,instock,yes,ACER S1386WH DLP 3D 3600LM EU/UKPWR,ACER
MR.JWK11.00Q,4711121577833,623.33,1,instock,yes,ACER X1827 DLP 4K2K,ACER
MR.JQG11.002,,388.66,4,instock,yes,ACER S1286HN DLP 3D 3500LM EU/UKPWR,ACER
MR.JV311.001,4710886876458,160.0,3,instock,yes,AOPEN PROJECTOR  PV12A  BLACK,ACER
MR.JTG11.002,4710886258254,227.33,3,instock,yes,ACER X1128H DLP 3D SVGA,ACER
MR.JYF11.002,,293.33,7,instock,yes,ACER P1258I 4800 EURO/UK POWER,ACER
DT.R6WEK.00A,,780.0,28,instock,yes,ACER VX2735G U7-265 16/512 W11P,ACER
DT.R6WEK.009,,618.8,112,instock,yes,ACER VX2735G U5-225 16/512 W11P,ACER
DT.R6WEK.008,,586.96,70,instock,yes,ACER VX2735G U5-225 8/512 W11P,ACER
DQ.R2REK.001,,530.0,28,instock,yes,VZ2524G U5-125U 8GB/512GB W11P 24,ACER
DT.Z53EH.001,,374.0,14,instock,yes,ACER CHROMEBOX CXM2 N150 8/64 CHR,ACER
DT.R5NEK.001,,352.49,56,instock,yes,ACER VN1502G U5 125H NUC,ACER
DT.R27EK.00A,,400.0,4,instock,yes,^ACER N6720GT I5-14400T 8/512 W11P,ACER
DT.R27EK.00B,,484.0,137,instock,yes,ACER N6720GT I5-14400T 16/512 W11P,ACER
DT.R3AEK.002,,374.99,42,instock,yes,ACER VN1502G I7 1355U NUC,ACER
DT.R5YEK.004,,522.0,2,instock,yes,^ACER VX2722G I7-14700 16/512 W11P,ACER
DT.R37EK.002,,217.49,56,instock,yes,ACER VN1502G I3 1315U NUC,ACER
DT.Z5DEK.002,,350.0,12,instock,yes,ACER CXI6 C3100U 8/256 CHR,ACER
DQ.R7AEK.001,,695.2,40,instock,yes,ACER VZ2415G 23 U5-120U 8/512 W11P,ACER
DQ.R7AEK.002,,800.8,40,instock,yes,ACER VZ2415G 23 U5-120U 16/512 W11P,ACER
AEMNT00039A,4895213700474,10.65,19,instock,yes,ARCTIC Z1 BASIC SINGLE MONITOR ARM,ARCTIC
AEMNT00061A,4895213703581,13.85,4,instock,yes,ARCTIC X1 SINGLE MONITOR ARM,ARCTIC
AEMNT00040A,8727670087930,14.92,26,instock,yes,ARCTIC Z2 BASIC DUAL MONITOR ARM,ARCTIC
AEMNT00062A,4895213703598,21.31,31,instock,yes,ARCTIC X1-3D SINGLE MONITOR ARM,ARCTIC
ACFRE00190A,4895265000508,8.42,15,instock,yes,ARCTIC FREEZER 8I INTEL COOLER,ARCTIC
ACALP00035A,4895213702829,4.47,415,instock,yes,ARCTIC ALPINE 23 COMPACT COOLER,ARCTIC
ACALP00041A,4895213703901,5.43,544,instock,yes,ARCTIC ALPINE 17 CO COMPACT COOLER,ARCTIC
ACFRE00178A,4895265000218,46.29,8,instock,yes,ARCTIC FREEZER III PRO 240MM COOLER,ARCTIC
ACFRE00122A,4895213704137,17.12,15,instock,yes,ARCTIC FREEZER 36 CO COOLER,ARCTIC
ACFRE00188A,4895265000263,66.52,9,instock,yes,ARCTIC FREEZER III PRO 360MM COOLER,ARCTIC
ACFRE00196A,4895265000980,14.82,17,instock,yes,ARCTIC FREEZER 36-S COOLER - BLACK,ARCTIC
ACFRE00162A,4895265000065,10.67,1,instock,yes,ARCTIC FREEZER 8A CO AMD COOLER,ARCTIC
ACFRE00184A,4895265000256,63.94,278,instock,yes,ARCTIC FREEZER III PRO 360MM COOLER,ARCTIC
ACFRE00198A,4895265001000,16.53,13,instock,yes,ARCTIC FREEZER 36-S A-RGB - BLACK,ARCTIC
ACFRE00186A,4895265000232,50.76,22,instock,yes,ARCTIC FREEZER III PRO 240MM COOLER,ARCTIC
ACFRE00180A,4895265000249,56.63,1470,instock,yes,ARCTIC FREEZER III PRO 360MM COOLER,ARCTIC
ACFRE00150A,4895213704540,63.99,67,instock,yes,ARCTIC FREEZER III 240MM COOLER,ARCTIC
ACFRE00194A,4895265000966,13.07,18,instock,yes,ARCTIC FREEZER 36-S COOLER,ARCTIC
AOCPU00013A,4895265000553,15.53,12,instock,yes,ARCTIC FREEZER 36 A-RGB COOLER,ARCTIC
ACFRE00182A,4895265000225,48.0,8,instock,yes,ARCTIC FREEZER III PRO 240MM COOLER,ARCTIC
ACOTH00002A,4895213704182,2.04,100,instock,yes,SILVER ALUMINIUM SSD COOLER,ARCTIC
ACALP00040A,4895213703895,4.27,360,instock,yes,ARCTIC ALPINE 17 COMPACT COOLER,ARCTIC
ACALP00036A,4895213702836,5.55,92,instock,yes,ARCTIC ALPINE 23 CO COMPACT COOLER,ARCTIC
ACFRE00123A,4895213704144,18.45,47,instock,yes,ARCTIC FREEZER 36 COOLER,ARCTIC
ACFRE00189A,4895265000362,68.58,27,instock,yes,ARCTIC FREEZER III PRO 420MM COOLER,ARCTIC
ACFRE00199A,4895265001017,17.07,18,instock,yes,ARCTIC FREEZER 36-S A-RGB - WHITE,ARCTIC
ACFRE00125A,4895213704168,22.07,7,instock,yes,ARCTIC FREEZER 36 A-RGB COOLER,ARCTIC
ACFRE00179A,4895265000317,52.45,14,instock,yes,ARCTIC FREEZER III PRO 280MM COOLER,ARCTIC
ACFRE00185A,4895265000355,70.98,19,instock,yes,ARCTIC FREEZER III PRO 420MM COOLER,ARCTIC
ACFRE00151A,4895213704557,43.72,8,instock,yes,ARCTIC FREEZER III 280MM COOLER,ARCTIC
ACFRE00121A,4895213704120,16.27,32,instock,yes,ARCTIC FREEZER 36 COOLER,ARCTIC
ACFRE00133B,4895213704960,31.99,35,instock,yes,ARCTIC FREEZER 4U-M R2 4U CPU COOLER,ARCTIC
ACFRE00187A,4895265000331,57.05,42,instock,yes,ARCTIC FREEZER III PRO 280MM COOLER,ARCTIC
ACFRE00191A,4895265000515,11.2,13,instock,yes,ARCTIC FREEZER 8I CO INTEL COOLER,ARCTIC
AOCPU00012A,4895265000546,12.47,24,instock,yes,ARCTIC FREEZER 36 COOLER,ARCTIC
ACFRE00161A,4895265000058,7.47,36,instock,yes,ARCTIC FREEZER 8A COMPACT AMD COOLER,ARCTIC
ACFRE00183A,4895265000324,55.45,21,instock,yes,ARCTIC FREEZER III PRO 280MM COOLER,ARCTIC
ACOTH00001A,4895213704175,1.93,50,instock,yes,BLACK ALUMINIUM SSD COOLER,ARCTIC
MPSAS01444A,,1.98,31,instock,yes,LF3 PRO MOUNTING KITS FOR INTEL - SI,ARCTIC
ACFRE00167A,,45.43,76,instock,yes,LIQUID FREEZER III PRO 240 A-RGB -SI,ARCTIC
ACFRE00169A,,54.72,99,instock,yes,LIQD FREZR III PRO 360WTRCOOLER - SI,ARCTIC
ACFRE00201A,4895265000843,95.98,4,instock,yes,ARCTIC LIQUID FREEZER WS360-SP6,ARCTIC
ACFRE00163A,,39.56,64,instock,yes,LIQUID FREEZER III PRO 240 - SI,ARCTIC
ACFRE00165A,,47.36,21,instock,yes,LIQDFREZR III PRO 360WTRCOOLERBK -SI,ARCTIC
MPSAS01445A,,1.98,100,instock,yes,LF3 PRO MOUNTING KITS FOR AMD - SI,ARCTIC
ACFAN00308A,4895265000102,4.05,72,instock,yes,ARCTIC P12 PRO PST FAN,ARCTIC
ACFAN00136A,4895213701594,13.98,65,instock,yes,ARCTIC P14 140MM FANS 5PK,ARCTIC
ACFAN00201A,4895213702942,1.7,186,instock,yes,ARCTIC F12 LOW NOISE FAN,ARCTIC
ACFAN00312A,4895265000140,5.77,1051,instock,yes,ARCTIC P12 PRO PST CO FAN,ARCTIC
ACFAN00118A,4895213701372,2.08,205,instock,yes,ARCTIC P12 FAN,ARCTIC
ACFAN00326A,4895265000683,18.99,26,instock,yes,ARCTIC P12 PRO ARGB FANS 3PK,ARCTIC
ACFAN00239A,4895213703505,7.04,156,instock,yes,ARCTIC 140MM P14 PST ARGB FAN,ARCTIC
ACFAN00316A,4895265000409,6.07,196,instock,yes,ARCTIC P14 PRO PST CO 140MM FAN,ARCTIC
ACFAN00306A,4895265000089,3.62,214,instock,yes,ARCTIC P12 PRO PST FAN,ARCTIC
ACFAN00318A,4895265000423,8.21,12,instock,yes,ARCTIC P14 PRO ARGB 140MM FAN,ARCTIC
ACFAN00292A,4895213704304,21.66,5,instock,yes,ARCTIC S8038-7K 80MM FANS 4PK,ARCTIC
ACFAN00294A,4895213704762,7.26,5,instock,yes,ARCTIC S12038-8K SERVER FAN,ARCTIC
ACFAN00151A,4895213702041,3.73,46,instock,yes,ARCTIC P8 80MM PST CO FAN,ARCTIC
ACFAN00187A,4895213703130,2.67,99,instock,yes,ARCTIC P12 SLIM PST FAN,ARCTIC
ACFAN00296A,4895213704694,6.07,20,instock,yes,ARCTIC S12038-4K SERVER FAN,ARCTIC
ACFAN00175A,4895213702522,3.2,51,instock,yes,ARCTIC 10-PORT PWM FAN HUB,ARCTIC
ACFAN00286A,4895213704090,3.53,145,instock,yes,ARCTIC P8 MAX 80MM FAN,ARCTIC
ACFAN00123A,4895213701549,2.98,26,instock,yes,ARCTIC P14 140MM FAN,ARCTIC
ACFAN00298A,4895213704939,2.72,64,instock,yes,ARCTIC P9 PST 92MM FAN,ARCTIC
ACFAN00200A,4895213702966,2.87,18,instock,yes,ARCTIC F12 PST FAN,ARCTIC
ACFAN00319A,4895265000430,19.52,29,instock,yes,ARCTIC P14 PRO PST 140MM FANS 5PK,ARCTIC
ACFAN00309A,4895265000119,6.5,90,instock,yes,ARCTIC P12 PRO ARGB FAN,ARCTIC
ACFAN00147A,4895213701990,2.13,106,instock,yes,ARCTIC P8 80MM FAN,ARCTIC
ACFAN00311A,4895265000133,7.04,38,instock,yes,ARCTIC P12 PRO ARGB FAN,ARCTIC
ACFAN00135A,4895213701617,9.22,141,instock,yes,ARCTIC P12 PO FANS 5PK,ARCTIC
ACFAN00268A,4895213703871,3.05,78,instock,yes,ARCTIC P14 140MM SLIM PST FAN,ARCTIC
ACFAN00301A,4895213704205,10.02,10,instock,yes,ARCTIC P8 SILENT PO 80MM FANS 5PK,ARCTIC
ACFAN00313A,4895265000379,4.47,44,instock,yes,ARCTIC P14 PRO 140MM FAN,ARCTIC
ACFAN00248A,4895213703291,7.47,33,instock,yes,ARCTIC F12 FANS 5PK,ARCTIC
ACFAN00315A,4895265000393,7.67,35,instock,yes,ARCTIC P14 PRO ARGB 140MM FAN,ARCTIC
ACFAN00305A,4895265000072,3.61,47,instock,yes,ARCTIC P12 PRO FAN,ARCTIC
ACFAN00317A,4895265000416,5.01,17,instock,yes,ARCTIC P14 PRO PST 140MM FAN,ARCTIC
ACFAN00307A,4895265000096,16.0,152,instock,yes,ARCTIC P12 PRO PST FANS S 5PK,ARCTIC
ACFAN00150A,4895213702034,2.76,34,instock,yes,ARCTIC P8 80MM PST FAN,ARCTIC
ACFAN00130A,4895213701365,2.18,72,instock,yes,ARCTIC P12 SILENT FAN,ARCTIC
ACFAN00152A,4895213702003,2.04,40,instock,yes,ARCTIC P8 SILENT PO 80MM FAN,ARCTIC
ACFAN00295A,4895213704199,2.51,58,instock,yes,ARCTIC P8 SLIM 80MM PST FAN,ARCTIC
ACFAN00297A,4895213704977,2.08,47,instock,yes,ARCTIC P9 SILENT 92MM FAN,ARCTIC
ACFAN00320A,4895265000447,21.24,13,instock,yes,ARCTIC P14 PRO ARGB 140MM FANS 3PK,ARCTIC
ACFAN00299A,4895213704946,3.83,31,instock,yes,ARCTIC P9 PST CO 92MM FAN,ARCTIC
ACFAN00310A,4895265000126,18.23,24,instock,yes,ARCTIC P12 PRO A-RGB FANS 3PK,ARCTIC
ACPCC00019A,4895265000584,137.15,3,instock,yes,ARCTIC XTENDER VG MIRROR  CASE,ARCTIC
ACPCC00018A,4895265000577,121.28,3,instock,yes,ARCTIC XTENDER MIRROR  CASE,ARCTIC
ACPCC00017A,4895265000492,144.72,5,instock,yes,ARCTIC XTENDER VG  CASE WHITE,ARCTIC
ACPCC00016A,4895265000485,137.15,24,instock,yes,ARCTIC XTENDER VG  CASE BLACK,ARCTIC
ACPCC00015A,4895265000300,114.44,14,instock,yes,ARCTIC XTENDER  CASE BLACK,ARCTIC
ACPCC00014A,4895265000294,121.9,5,instock,yes,ARCTIC XTENDER  CASE WHITE,ARCTIC
ACPCC00024A,4895265001321,145.54,5,instock,yes,ARCTIC XTENDER VG CLEAR GLASS CASE,ARCTIC
ACPCC00023A,4895265001314,112.19,4,instock,yes,ARCTIC XTENDER BLK CLEAR GLASS CASE,ARCTIC
ACFAN00322A,4895265000591,6.61,26,instock,yes,120MM FAN P12 PRO A-RGB DYN PWM BK,ARCTIC
ACFAN00333A,4895265000720,18.56,102,instock,yes,120MM FAN(3PK) P12 PRO DYN PWM BK,ARCTIC
ACFAN00344A,4895265001130,6.55,42,instock,yes,120MM FAN P12 PRO A-RGB LN FDB PWM,ARCTIC
ACFAN00323A,4895265000607,7.78,21,instock,yes,140MM FAN P14 PRO A-RGB DYN PWM BK,ARCTIC
ACFAN00334A,4895265000737,19.3,20,instock,yes,120MM FAN(3PK) P12 PRO DYN PWM WT,ARCTIC
ACFAN00324A,4895265000751,8.33,17,instock,yes,140MM FAN P14 PRO DYN PWM WT,ARCTIC
ACFAN00325A,4895265000706,7.14,69,instock,yes,120MM FAN P12 PRO A-RGB DYN PWM WT,ARCTIC
ACFAN00347A,4895265001147,18.18,28,instock,yes,120MM FAN(3PK) P12 PRO A-RGB LN PWM,ARCTIC
ACFAN00348A,4895265001116,3.68,42,instock,yes,120MM FAN P12 PRO LN FDB PWM,ARCTIC
ACFAN00327A,4895265000782,21.54,21,instock,yes,140MM FAN(3PK) P14 PRO DYN PWM BK,ARCTIC
ACFAN00349A,4895265001123,16.27,7,instock,yes,120MM FAN(5PK) P12 PRO LN FDB PWM,ARCTIC
ACFAN00328A,4895265000775,22.07,21,instock,yes,140MM FAN(3PK) P14 PRO DYN PWM WT,ARCTIC
ACFAN00329A,4895265000744,4.59,19,instock,yes,140MM FAN P14 PRO DYN PWM BK,ARCTIC
ACFAN00350A,4895265001161,16.8,11,instock,yes,120MM FAN(5PK) P12 PRO PST LN PWM,ARCTIC
ACFAN00330A,4895265000768,13.13,22,instock,yes,140MM FAN(3PK) P14 PRO DYN PWM BK,ARCTIC
ACFAN00331A,4895265000690,3.73,15,instock,yes,120MM FAN P12 PRO DYN PWM BK,ARCTIC
ACFAN00332A,4895265000713,10.57,12,instock,yes,120MM FAN(3PK) P12 PRO DYN PWM BK,ARCTIC
ACFAN00343A,4895265001154,3.78,31,instock,yes,120MM FAN P12 PRO PST LN FDB PWM,ARCTIC
ACCBL00007A,4895213702256,1.43,142,instock,yes,ARCTIC 4-PIN PWM FAN SPLITTER CABLE,ARCTIC
ACTCP00008B,4895213701662,3.95,261,instock,yes,ARCTIC MX-4 THERMAL COMPOUND,ARCTIC
ACTCP00089A,4895265000867,3.23,365,instock,yes,ARCTIC MX-7 THERMAL COMPOUND - 2G,ARCTIC
ACTCP00024A,4895213701679,14.54,120,instock,yes,ARCTIC MX-4 THERMAL COMPOUND,ARCTIC
ACTCP00079A,4895213703918,2.65,212,instock,yes,ARCTIC MX-6 THERMAL COMPOUND,ARCTIC
ACTCP00059A,4895213703055,4.09,154,instock,yes,ARCTIC MX-4 THERMAL COMPOUND,ARCTIC
ACTCP00031B,4895213702591,2.92,173,instock,yes,ARCTIC MX-4 THERMAL COMPOUND,ARCTIC
ACTCP00001B,4895213701723,7.6,50,instock,yes,ARCTIC MX-4 THERMAL COMPOUND,ARCTIC
ACTCP00081A,4895213703932,4.37,1058,instock,yes,ARCTIC MX-6 THERMAL COMPOUND,ARCTIC
ACTCP00092A,4895265000898,4.95,909,instock,yes,ARCTIC MX-7 4G WITH 6X CLEANER WIPES,ARCTIC
ACTCP00084A,4895213703949,4.37,46,instock,yes,ARCTIC MX-6 SYRINGE MX WIPES,ARCTIC
ACTCP00090A,4895265000874,3.65,430,instock,yes,ARCTIC MX-7 THERMAL COMPOUND - 4G,ARCTIC
ACTCP00080A,4895213703925,3.23,4,instock,yes,ARCTIC MX-6 THERMAL COMPOUND,ARCTIC
ACTCP00091A,4895265000881,5.08,960,instock,yes,ARCTIC MX-7 THERMAL COMPOUND - 8G,ARCTIC
ACPCC00021A,4895265001178,821.82,3,instock,yes,ARCTIC SENZA AI 370 UNDER DESK PC,ARCTIC
ACPCC00006A,4895213705134,446.86,3,instock,yes,ARCTIC SENZA 5700G PRO UNDER DESK PC,ARCTIC
ACPCC00003A,4895213705226,361.54,3,instock,yes,ARCTIC SENZA UNDER DESK PC,ARCTIC
ACPCC00002A,4895213705066,436.19,3,instock,yes,ARCTIC SENZA UNDER DESK PC,ARCTIC
ACPCC00022A,4895265000829,414.86,3,instock,yes,ARCTIC SENZA 5700G - NO OS,ARCTIC
ACTPD00055A,4895213703987,3.14,47,instock,yes,ARCTIC TP-3 THERMAL PADS 4PK,ARCTIC
ACTPD00056A,4895213703994,3.71,156,instock,yes,ARCTIC TP-3 THERMAL PADS 4PK,ARCTIC
ACTPD00057A,4895213704007,4.3,97,instock,yes,ARCTIC TP-3 THERMAL PADS 4PK,ARCTIC
ACTPD00052A,4895213703956,2.91,13,instock,yes,ARCTIC TP-3 THERMAL PAD SINGLE,ARCTIC
ACTPD00053A,4895213703963,3.61,189,instock,yes,ARCTIC TP-3 THERMAL PAD SINGLE,ARCTIC
ACTPD00054A,4895213703970,4.3,158,instock,yes,ARCTIC TP-3 THERMAL PAD SINGLE,ARCTIC
AC906-32G-RBK,4713435791912,3.34,37,instock,yes,32GB C906 USB 2.0 PEN,ADATA
AC008-16G-RWE,4718050609642,3.12,100,instock,yes,16GB C008 USB 2.0 PEN,ADATA
AHV3001TU31CBK,4713218464972,65.15,38,instock,yes,HV300 1TB EXT. HDD 2.5 BLACK,ADATA
AHV3001TU31CBL,4713218464996,50.3,4,instock,yes,HV300 1TB EXT. HDD 2.5 BLUE,ADATA
AHV3002TU31CWH,4713218465023,65.35,20,instock,yes,HV300 2TB EXT. HDD 2.5 WHITE,ADATA
AHV620S1TU31CBL,4712366966055,50.3,17,instock,yes,HV620S 1TB EXT. HDD 2.5 BLUE,ADATA
AHV620S2TU31CBK,4713218463043,79.41,12,instock,yes,ADATA 2TB HV620S SLIM EXT. HDD,ADATA
AHV3002TU31CBK,4713218465016,79.41,20,instock,yes,HV300 2TB EXT. HDD 2.5 BLACK,ADATA
AHV3004TU31CBK,4713218465054,97.84,1,instock,yes,HV300 4TB EXT. HDD 2.5 BLACK,ADATA
AHV3001TU31CRD,4713218465009,50.3,10,instock,yes,HV300 1TB EXT. HDD 2.5 RED,ADATA
AHV3002TU31CRD,4713218465047,65.35,20,instock,yes,HV300 2TB EXT. HDD 2.5 RED,ADATA
EC680-CCGY,4711658152527,10.03,33,instock,yes,ADATA EC680 M.2 NVME SSD ENCLOSURE,ADATA
EC600-BCBK,4711085947918,5.31,13,instock,yes,ADATA EC600 2.5 SATA DRIVE CADDY,ADATA
AD4S32008G22DTG,4711085932655,73.44,10,instock,yes,SO-DIMM DDR4-3200 8GB DUAL-KIT,ADATA
32G16ADTBKD35G,4711085943361,342.36,12,instock,yes,XPG SPECTRIX D35G 64GB KIT DDR4 3200,ADATA
AX4U36818IBKD35,4711085942913,54.84,14,instock,yes,ADATA XPG GAMMIX D35 8GB DDR4 3600,ADATA
8G16ADTBKD35G,4711085943286,87.7,14,instock,yes,XPG SPECTRIX D35G 16GB KIT DDR4 3200,ADATA
AD4S32003222SGN,4711085933539,171.74,7,instock,yes,ADATA PREMIER 32GB DDR4 3200,ADATA
8G16ASBKD35,4711085942791,42.4,47,instock,yes,XPG GAMMIX D35 8GB DDR4 3200,ADATA
16G16ADTBKD35G,4711085943323,165.87,16,instock,yes,XPG SPECTRIX D35G 32GB KIT DDR4 3200,ADATA
8G18IDTBKD35,4711085942920,108.96,23,instock,yes,XPG GAMMIX D35 16GB KIT DDR4 3600,ADATA
32G16ADTBKD35,4711085942883,340.97,20,instock,yes,XPG GAMMIX D35 64GB KIT DDR4 3200,ADATA
16G16ASBKD35,4711085942838,81.39,67,instock,yes,ADATA XPG GAMMIX D35 16GB DDR4 3200,ADATA
AD4S26664G19SGN,4711085931474,27.1,1,instock,yes,ADATA PREMIER 4GB DDR4 2666,ADATA
AX5U6C332LABRBK,4711085944924,798.96,5,instock,yes,XPG LANCE BLADE RGB 64GB KIT D5 6000,ADATA
AX56316DTLABBK,4711085944382,341.77,19,instock,yes,XPG LANCER BLADE 32GB KIT DDR5 6000,ADATA
AX5U6C316SLABBK,4711085944535,201.07,9,instock,yes,XPG LANCER 16GB DDR5 6000 U-DIMM,ADATA
AX5643216DTLABK,4711085944610,403.51,29,instock,yes,XPG LANCER BLADE 32GB KIT DDR5 6400,ADATA
AD5U560032G-S,4711085939296,290.82,15,instock,yes,32GB DDR5 5600MHZ U-DIMM,ADATA
AX5643216DLARW,4711085940773,408.89,9,instock,yes,XPG LANCER RGB 32GB KIT DDR5 6400,ADATA
AD5S560016G-S,4711085941107,136.72,50,instock,yes,STANDARD 16GB DDR5 5600 SO-DIMM,ADATA
AX5643216DLARBK,4711085940759,408.89,66,instock,yes,XPG LANCER RGB 32GB KIT DDR5 6400,ADATA
AX5U6C3016LARBK,4711085944887,405.36,9,instock,yes,XPG LANCE BLADE RGB 32GB KIT D5 6000,ADATA
AD5S480016G-S,4711085936592,136.67,1,instock,yes,PREMIER 16GB DDR5 4800 SODIMM,ADATA
AD5S480032G-S,4711085936622,211.05,18,instock,yes,PREMIER 32GB DDR5 4800 SODIMM,ADATA
AX56316DLANRS,4711085948977,351.04,6,instock,yes,XPG LANCE NEON RGB 32GB KIT D5 6000,ADATA
AD5S48008G-S,4711085936561,79.44,9,instock,yes,PREMIER 8GB DDR5 4800 SODIMM,ADATA
AD5U560016G-S,4711085939234,136.72,30,instock,yes,PREMIER 16GB DDR5 5600MHZ,ADATA
AELISE8801TCBU,4711085947123,110.94,7,instock,yes,ADATA SE880 1TB EXT. SSD,ADATA
AELISE880500CBU,4711085947116,63.39,7,instock,yes,ADATA SE880 500GB EXT. SSD,ADATA
AELISE8802TCGY,4711085939593,208.4,16,instock,yes,ADATA SE880 2TB EXT. SSD,ADATA
SC61010CBKRD,4711085945051,105.39,21,instock,yes,ADATA SC610 1TB EXT. SSD,ADATA
AELISE8804TCBU,4711085947147,426.43,5,instock,yes,SE880 4TB EXT. SSD 2000/2000 BLUE,ADATA
AGAMMIXS70B4TCS,4711085937858,425.53,4,instock,yes,ADATA 4TB XPG GAMMIX S70 BLADE SSD,ADATA
AELISE8801TCGY,4711085935793,110.94,7,instock,yes,ADATA SE880 1TB EXT. SSD,ADATA
SC61020CBKRD,4711085945068,203.65,8,instock,yes,ADATA SC610 2TB EXT. SSD,ADATA
AELISE880500CY,4711085935786,63.39,7,instock,yes,ADATA SE880 500GB EXT. SSD,ADATA
AELISE8802TCBU,4711085947130,208.4,9,instock,yes,ADATA SE880 2TB EXT. SSD,ADATA
AELISE8804TCGY,4711085945570,426.43,3,instock,yes,SE880 4TB EXT. SSD 2000/2000 GREY,ADATA
SC6105CBKRD,4711085945044,55.47,16,instock,yes,ADATA SC610 500GB EXT. SSD,ADATA
SMAR-980B-1TCS,4711658150820,136.74,9,instock,yes,1TB MARS 980 BLADE GEN5 SSD,ADATA
90GA60ZZ00UBNF,4711140876542,498.25,5,instock,yes,B60 CT 24G,ASROCK
90GA61ZZ00UANF,4710483942761,552.22,40,instock,yes,RADEON RX9070 XT CHALLENGER,ASROCK
90GA5MZZ00UANF,4711581491830,261.59,50,instock,yes,RX9060 CL 8G BROWN BOX FOR SI,ASROCK
90GA5YZZ00UANZ,4711581492349,614.5,36,instock,yes,RX9070XT TCW 16GO,ASROCK
90A4DZZ00UANF,4710483943201,231.22,5,instock,yes,ASROCK RX7600 SL 8GB OC,ASROCK
CL25FFB-TFT,4710483941221,51.26,27,instock,yes,ASROCK 24 FHD MONITOR + CABL,ASROCK
PG32QFT,4711581492219,176.2,18,instock,yes,PG32QFT MONITOR/ 180HZ DP HDMI*2 SPK,ASROCK
PG27FFS2E,4717677331424,93.71,28,instock,yes,PG27FFS2E MONITOR/ 240HZ DP HDMI*2 S,ASROCK
PG32QFT-TFT,4711581492219,176.2,18,instock,yes,PG32QFT MONITOR/ 180HZ DP HDMI*2 SPK,ASROCK
CL27FFB-TFT,4710483944239,59.27,53,instock,yes,ASROCK 27FHD GAMING MONITOR + CABL,ASROCK
CL27FFB,4710483944239,59.27,53,instock,yes,ASROCK 27FHD GAMING MONITOR,ASROCK
CL25FFB,4710483943560,51.26,27,instock,yes,ASROCK 24.5 FHD GAMING MONITOR,ASROCK
90BXG3R01A10GAW,4710483931963,119.62,10,instock,yes,ASROCK DESKMINI H470,ASROCK
90BXG5501-A10GA,4711581493179,138.51,8,instock,yes,ASROCK DESKMINI B860,ASROCK
100-100000724WF,0730143317528,2036.85,8,instock,yes,9965WX RYZEN THREADRIPPER PRO BOX,AMD
100-100000644MK,0730143314176,89.81,25,instock,yes,4500 RYZEN 5 TRAY WITH COOLER,AMD
100-100000445WF,0730143314381,2300.98,8,instock,yes,5975WX RYZEN THREADRIPPER PRO BOX,AMD
100-100000589WF,0730143314558,389.41,2,instock,yes,7900X RYZEN 9 BOX WITHOUT FAN,AMD
100-000000590,,307.9,7,instock,yes,7900 RYZEN 9 TRAY,AMD
100-000000592,,236.21,6,instock,yes,7700 RYZEN 7 TRAY,AMD
100-000000597,,127.54,5,instock,yes,7500F RYZEN 5 TRAY,AMD
100-100001404WF,0730143315593,252.81,228,instock,yes,9700X RYZEN 7 BOX WITHOUT FAN,AMD
100-000000926,,204.52,418,instock,yes,5700X RYZEN 7 TRAY,AMD
100-100001900BX,0730143318075,97.35,12,instock,yes,7400 RYZEN 5BOX,AMD
100-100001236MK,0730143316149,230.93,12,instock,yes,8700G RYZEN 7 TRAY WITH COOLER,AMD
100-100000718BX,0730143316934,157.73,79,instock,yes,9600 RYZEN 5 BOX,AMD
100-100001183MK,0730143316460,188.67,43,instock,yes,8500G RYZEN 5 PRO TRAY WITH COOLER,AMD
100-000001590,,143.39,36,instock,yes,8700F RYZEN 7 TRAY,AMD
100-000001236,,230.93,8,instock,yes,8700G RYZEN 7 TRAY,AMD
100-000001351,,1772.71,11,instock,yes,7970X RYZEN THREADRIPPER TRAY,AMD
100-000001352,,1055.79,8,instock,yes,7960X RYZEN THREADRIPPER TRAY,AMD
100-000001591,,101.12,1278,instock,yes,8400F RYZEN 5 TRAY,AMD
100-100001361WF,0730143317467,8300.58,8,instock,yes,9995WX RYZEN THREADRIPPER PRO BOX,AMD
100-100000719WF,0730143315555,495.82,176,instock,yes,9950X3D RYZEN 9 BOX WITHOUT FAN,AMD
100-100000662WF,0730143315296,316.2,32,instock,yes,9900X RYZEN 9 BOX WITHOUT FAN,AMD
100-000001361,,8300.58,7,instock,yes,9995WX RYZEN THREADRIPPER PRO TRAY,AMD
100-000000722,,5659.25,16,instock,yes,9985WX RYZEN THREADRIPPER PRO TRAY,AMD
100-000000724,,2036.85,6,instock,yes,9965WX RYZEN THREADRIPPER PRO TRAY,AMD
100-000000725,,1153.89,6,instock,yes,9955WX RYZEN THREADRIPPER PRO TRAY,AMD
100-100001368WF,0730143315579,424.88,40,instock,yes,9900X3D RYZEN 9 BOX WITHOUT FAN,AMD
100-100001904WF,0730143318167,187.91,304,instock,yes,7500X3D RYZEN 5BOX WITHOUT FAN,AMD
100-100000644BX,0730143314114,89.81,24,instock,yes,4500 RYZEN 5 BOX,AMD
100-100001405WF,0730143315609,196.21,250,instock,yes,9600X RYZEN 5 BOX WITHOUT FAN,AMD
100-000002235,,238.98,216,instock,yes,7700X3D RYZEN 7 TRAY,AMD
100-000001277,,452.04,1,instock,yes,9950X RYZEN 9 TRAY,AMD
100-100001900MK,0730143318150,97.35,22,instock,yes,7400 RYZEN 5TRAY WITH COOLER,AMD
100-000001973,,353.94,165,instock,yes,RYZEN 7 9850X3D TRAY,AMD
100-000001978,,649.02,40,instock,yes,RYZEN 9 9950X3D2 TRAY,AMD
100-100000590MK,0730143314473,307.9,13,instock,yes,7900 RYZEN 9 TRAY WITH COOLER,AMD
100-000000662,,316.2,16,instock,yes,9900X RYZEN 9 TRAY,AMD
100-000001084,,338.85,679,instock,yes,9800X3D RYZEN 7 TRAY,AMD
100-000001404,,252.81,45,instock,yes,9700X RYZEN 7 TRAY,AMD
100-000001405,,196.21,279,instock,yes,9600X RYZEN 5 TRAY,AMD
100-000001406,,138.86,18,instock,yes,9500F RYZEN 5TRAY,AMD
100-100000597MK,0730143315104,127.54,118,instock,yes,7500F RYZEN 5 TRAY WITH COOLER,AMD
100-100000725WF,0730143317603,1153.89,2,instock,yes,9955WX RYZEN THREADRIPPER PRO BOX,AMD
100-100001352WF,0730143315777,1055.79,5,instock,yes,7960X RYZEN THREADRIPPER BOX,AMD
100-000000445,,2300.98,11,instock,yes,5975WX RYZEN THREADRIPPER PRO TRAY,AMD
100-100000592SB,0730143318037,236.21,7,instock,yes,7700 RYZEN 7 BOX,AMD
100-100000592SK,0730143318044,236.21,6,instock,yes,7700 RYZEN 7 TRAY WITH COOLER,AMD
100-100001595WF,0730143317580,1055.79,3,instock,yes,9960X RYZEN THREADRIPPER BOX,AMD
100-100001237BX,0730143316163,160.75,329,instock,yes,8600G RYZEN 5 BOX,AMD
100-100001277WF,0730143315272,452.04,8,instock,yes,9950X RYZEN 9 BOX WITHOUT FAN,AMD
100-000000453,,2753.78,15,instock,yes,7975WX RYZEN THREADRIPPER PRO TRAY,AMD
100-100001084WF,0730143315289,338.85,223,instock,yes,9800X3D RYZEN 7 BOX WITHOUT FAN,AMD
5T03BPVF,6972417131810,215.04,101,instock,yes,JUNGLE 2 CHAIR BLACK,ANDASEAT
1856BF,6972417138611,129.02,99,instock,yes,LUNA PREM LARGE CHAIR BLACK FABRIC,ANDASEAT
WY01BBBB01,6972417139021,236.55,14,instock,yes,X-AIR PRO PREM MESH CHAIR SPACE BK,ANDASEAT
1903BPVC,6972417130196,236.55,51,instock,yes,DARK DEMON DRAGON CHAIR BLACK,ANDASEAT
1848BOPV,6972417137867,129.02,16,instock,yes,LUNA PREM LARGE CHAIR BLACK ORANGE,ANDASEAT
1848BSPV,6972417137850,129.02,95,instock,yes,LUNA PREM LARGE CHAIR BLACK BLUE,ANDASEAT
1856BPV,6972417138635,129.02,160,instock,yes,LUNA PREM LARGE CHAIR BLACK,ANDASEAT
1848BRPV,6972417137874,129.02,45,instock,yes,LUNA PREM LARGE CHAIR BLACK RED,ANDASEAT
12YDDCXLL20VPVC,6972417138512,344.08,40,instock,yes,KAISER 4 PREM XL GAMING CHAIR PURPLE,ANDASEAT
1856GF,6972417138628,129.02,32,instock,yes,LUNA PREM LARGE CHAIR GREY FABRIC,ANDASEAT
23XL01GFB03,6977890865887,215.04,41,instock,yes,NOVIS MAX XL GAMING CHAIR GREY FAB,ANDASEAT
12YDDCL20GCF,6972417138925,322.57,45,instock,yes,KAISER 4 PREM L GAMING CHAIR GY FAB,ANDASEAT
23XL01GFB02,6977890865924,230.1,41,instock,yes,NOVIS ULTRA XL GAMING CHAIR GREY FAB,ANDASEAT
18Y06BPVC,6972417131919,200.71,20,instock,yes,PHANTOM 3 PREM CHAIR BLACK,ANDASEAT
23XL01BPVB02,6977890865917,230.1,48,instock,yes,NOVIS ULTRA XL GAMING CHAIR BLACK,ANDASEAT
23XL01BPVB03,6977890865870,215.04,42,instock,yes,NOVIS MAX XL GAMING CHAIR BLACK,ANDASEAT
WY01GGFG01,6972417139038,236.55,7,instock,yes,X-AIR PRO PREM MESH CHAIR ASH GREY,ANDASEAT
12YDDCXLL20GCF,6972417138451,344.08,97,instock,yes,KAISER 4 PREM XL GAMING CHAIR GY FAB,ANDASEAT
23L01BPVB03,6977890865894,179.2,138,instock,yes,NOVIS MAX L GAMING CHAIR BLACK,ANDASEAT
E8E00326,0194644237547,709.74,5,instock,yes,EUFY NVR SECURITY SYSTEM S4,ANKER
E8E00321,0194644237523,867.63,9,instock,yes,EUCY NVR SECURTIY SYSEM S4 MAX,ANKER
T8E00321,0194644293277,180.8,6,instock,yes,EUFY POE CAM S4 BULLET-PTZ CAM,ANKER
T8P00321,0194644293178,86.06,8,instock,yes,EUFY POE CAM E40 BULLET CAM,ANKER
E8P00322,0194644237554,536.06,10,instock,yes,EUFY NVR SECURITY SYSTEM E40,ANKER
T8N00V41,0194644237516,275.53,6,instock,yes,EUFY NETWORK VIDEO RECORDER S4?,ANKER
D1402G11,,97.22,27,instock,yes,SOUNDCORE SPACE 2 BLACK,ANKER
A3937G11,0194644276843,59.82,41,instock,yes,SOUNDCORE P41I BLACK,ANKER
A3957G21,0194644230807,74.78,27,instock,yes,SOUNDCORE LIBERTY 5 - WHITE,ANKER
D1203G11,0194644308032,112.18,342,instock,yes,SOUNDCORE LIBERTY 5 PRO BLACK,ANKER
D5100A10,0194644243876,89.74,18,instock,yes,SOUNDCORE BOOM 3I BLACK,ANKER
D1101G11,0194644248147,44.86,51,instock,yes,SOUNDCORE C50I BLACK,ANKER
A3874G21,0194644298883,74.78,83,instock,yes,SOUNDCORE AEROFIT 2 B2B -  WHITE,ANKER
A3130031,0194644128739,149.57,7,instock,yes,SOUNDCORE SOUNDCORE MOTION X600 BLU,ANKER
A3331GB1,0194644210793,74.78,153,instock,yes,SOUNDCORE C40I - GOLDEN,ANKER
D1402G21,,97.22,26,instock,yes,SOUNDCORE SPACE 2 WHITE,ANKER
A3388G11,0194644286330,97.22,28,instock,yes,SOUNDCORE AEROCLIP B2B - BLACK,ANKER
A3959G11,0194644042806,26.17,2851,instock,yes,SOUNDCORE R50I NC BLACK,ANKER
A6611G21,0194644186982,89.74,152,instock,yes,SOUNDCORE SLEEP A20 B2B WHITE,ANKER
D1204G11,0194644307981,149.57,99,instock,yes,SOUNDCORE LIBERTY 5 PRO MAX BLACK,ANKER
A3134A11,0194644289591,186.97,7,instock,yes,SOUNDCORE BOOM 2 PRO UN BLACK 1,ANKER
A3957G31,0194644293482,74.78,10,instock,yes,SOUNDCORE LIBERTY 5 BLUE,ANKER
A3871G61,0194644152994,112.18,8,instock,yes,SOUNDCORE AEROFIT PRO B2B BLUE,ANKER
A3148G11,0194644040017,104.69,3,instock,yes,BOOM 2 EXCLUDED UK PLUG BLACK,ANKER
A3876G31,0194644037567,37.39,436,instock,yes,SOUNDCORE V20I BLUE 1,ANKER
A3949G12,0194644199432,14.95,918,instock,yes,SOUNDCORE R50I BLACK,ANKER
A3878G11,0194644233808,59.82,29,instock,yes,SOUNDCORE V40I BLACK,ANKER
A3874G12,0194644240554,89.74,78,instock,yes,SOUNDCORE AEROFIT 2 AI ASSISTANT BLK,ANKER
A3035G11,0194644138646,67.31,563,instock,yes,SPACE ONE - BLACK,ANKER
A3874G11,0194644298876,74.78,64,instock,yes,SOUNDCORE AEROFIT 2 B2B - BLACK,ANKER
A3388G21,0194644286347,97.22,85,instock,yes,SOUNDCORE AEROCLIP B2B -WHITE,ANKER
A3331GZ1,0194644210786,74.78,145,instock,yes,SOUNDCORE C40I GREY,ANKER
A3040G21,0194644107567,104.69,4,instock,yes,SPACE Q45 - WHITE,ANKER
A3062G11,0194644186845,112.18,142,instock,yes,SOUNDCORE SPACE ONE PRO B2B BLACK,ANKER
A3959G21,0194644042790,26.17,1048,instock,yes,SOUNDCORE R50I NC WHITE,ANKER
D1202G11,0194644269470,29.91,55,instock,yes,SOUNDCORE R60I NC  BLACK,ANKER
A3871G11,0194644153496,112.18,38,instock,yes,SOUNDCORE AEROFIT PRO B2B BLACK,ANKER
D1202G21,0194644269487,29.91,85,instock,yes,SOUNDCORE R60I NC  WHITE,ANKER
A31A3012,0194644226732,246.8,2,instock,yes,SOUNDCORE RAVE 3S BLACK 1,ANKER
A3130011,0194644126629,149.57,4,instock,yes,SOUNDCORE SOUNDCORE MOTION X600 BLK,ANKER
A3875G11,0194644250096,134.61,33,instock,yes,SOUNDCORE AEROFIT 2 PRO BLACK,ANKER
D1301G21,0194644266028,149.57,357,instock,yes,SOUNDCORE SLEEP A30 SLEEP BUDS,ANKER
A3035G21,0194644138615,67.31,49,instock,yes,SPACE ONE - WHITE,ANKER
A3949G22,0194644199425,14.95,250,instock,yes,SOUNDCORE SOUNDCORE R50I B2B WHITE,ANKER
A3004311,0194644037819,44.86,1720,instock,yes,SOUNDCORE Q21I NC B2C - BLACK,ANKER
D5103010,0194644397517,44.86,119,instock,yes,SOUNDCORE BOOM GO 3I BLACK,ANKER
A3130061,0194644128722,149.57,6,instock,yes,SOUNDCORE SOUNDCORE MOTION X600 GRN,ANKER
A3957G11,0194644291334,74.78,78,instock,yes,SOUNDCORE LIBERTY 5 NC BLACK,ANKER
A31X1BB1,0194644287146,21.68,35,instock,yes,SOUNDCORE SELECT 4 GO BLACK & GOLDEN,ANKER
D1203G21,0194644308018,112.18,40,instock,yes,SOUNDCORE LIBERTY 5 PRO WHITE,ANKER
A3062G21,0194644186838,112.18,13,instock,yes,SOUNDCORE SPACE ONE PRO B2B WHITE,ANKER
D1101G21,0194644269593,44.86,30,instock,yes,SOUNDCORE C50I  WHITE,ANKER
A3949G32,0194644199579,14.95,15,instock,yes,SOUNDCORE SOUNDCORE R50I B2B BLUE,ANKER
A3035G31,0194644138813,67.31,60,instock,yes,SPACE ONE - BLUE,ANKER
A3968G11,0194644187019,67.31,231,instock,yes,SOUNDCORE SPORT X20 B2B BLACK,ANKER
T290PG20,0194644293116,14.95,6,instock,yes,OMNI E28 FABRIC CLEANING SOLUTION,ANKER
T2351V11,0194644178086,448.01,1388,instock,yes,X10 OMNI UK VERSION,ANKER
T2212V11,0194644193133,148.83,621,instock,yes,G50 HYBRID UK VERSION,ANKER
T280BVA1,0194644313012,747.18,50,instock,yes,C15 LAWN MOWER,ANKER
T2081B11,0194644247454,1195.94,58,instock,yes,EUFY ROBOT VACUUM OMNI S2,ANKER
T211AV10,0194644304355,462.97,939,instock,yes,EUFY ROBOT VACUUM OMNI C28,ANKER
T9148111,0194644087326,34.4,3386,instock,yes,EUFY SMART SCALE P2,ANKER
T2268V11,0194644178123,223.63,344,instock,yes,L60 HYBRID UK VERSION,ANKER
T2352V11,0194644289935,672.39,215,instock,yes,EUFY ROBOT VACUUM OMNI E28,ANKER
T28012A1,0194644256081,1345.52,30,instock,yes,EUFY ROBOT  LAWN MOWER E18 1200 UK,ANKER
T2080GA1,0194644126162,971.56,21,instock,yes,EUFY ROBOT VACUUM S1 PRO,ANKER
T28802A2,0194644324124,1121.14,27,instock,yes,EUFY ROBOT LAWN MOWER E15 *,ANKER
T2278V11,0194644178109,298.43,490,instock,yes,L60 HYBRID SES UK VERSION,ANKER
T9120V22,0194644288419,18.69,200,instock,yes,EUFY SMART SCALE C2,ANKER
T211AV20,0194644316891,448.01,340,instock,yes,OMNI C28 WHITE WITH EXTRA DUST BAGS,ANKER
T2070G10,0194644288518,410.61,1,instock,yes,EUFY ROBOT VACUUM 3-IN-1 E20,ANKER
A17832A1,0194644395735,691.83,2,instock,yes,ANKER SOLIX C2000 GEN 2 2048WH/2400W,ANKER
A1728011,0194644296261,123.97,7,instock,yes,SOLIX C300X DC PPS,ANKER
A17831A1-85,0194644313876,622.58,1,instock,yes,SOLIX BP2000 EXPANSION BATTERY GEN2,ANKER
AS310011,0194644169763,172.44,2,instock,yes,SOLIX PS100 BIFACIAL PORT SOLAR PANE,ANKER
A1723211,0194644298869,144.75,6,instock,yes,SOLIX C300X PPS,ANKER
AS320011,0194644169756,276.33,1,instock,yes,SOLIX PS200 BIFACIAL PORT SOLAR PANE,ANKER
A82E2H21,,11.21,35,instock,yes,USB-C TO USB-C CABLE 3FT 240W WHITE,ANKER
A81F5H11,0194644125585,7.46,271,instock,yes,ANKER 322 USB-C TO USB-C CABLE 3FT B,ANKER
A1618G11,0194644145446,18.69,122,instock,yes,322 MAGGO BATTERY POWERCORE 5K 7.5W,ANKER
B2656K11,0194644288112,12.71,275,instock,yes,FASTCHARGING 25W WITH USB-C CABLE BK,ANKER
B2642V21,0194644136635,14.95,15,instock,yes,#312 CHARGER WITH C-C CABLE 25W WH,ANKER
B2679K11,,29.91,1,instock,yes,NANO CHARGER 100W  6FT 5A C-C CABLE,ANKER
A1665H11,0194644235475,37.39,1,instock,yes,NANO POWER BANK 5K SLIM BLACK,ANKER
A2697KZ1,0194644286385,59.82,129,instock,yes,ANKER CHARGER 140W 4PORT PD 3.1 GREY,ANKER
A2735G11,0194644139001,18.69,375,instock,yes,ANKER 323 CAR CHARGER 52.5W,ANKER
A81B5G21,0194644125608,13.45,141,instock,yes,322 USB-C TO LGT CABLE 3FT BRAIDED W,ANKER
A82E2H11,,11.21,37,instock,yes,USB-C TO USB-C CABLE 3FT 240W BLACK,ANKER
A1654G11,0194644173388,67.31,22,instock,yes,633 MAGGO POWER BANK 10K B2B,ANKER
A1653H21,0194644152314,14.95,123,instock,yes,NANO POWER BANK BUILT-IN USB-C 22.5W,ANKER
A9110H11,0194644226268,18.69,31,instock,yes,ANKER MAGNETIC CAR PHONE HOLDER,ANKER
A110AH11,0194644239299,134.61,156,instock,yes,PRIME 26000MAH POWER BANK 250W BLACK,ANKER
A81H6H21,0194644115777,8.97,52,instock,yes,USB-A TO USB-C BRAIDED CABLE 1.8M WH,ANKER
A2738HA2,0194644285098,18.69,138,instock,yes,NANO CAR CHARGER 75W USB-C PORT,ANKER
A2345241,0194644205270,112.18,91,instock,yes,PRIME 250W GAN DESKTOP CHARGR 6 PORT,ANKER
B2933H11,0194644238384,59.82,18,instock,yes,PRIME QI2 25W CAR CHARGER MOUNT ADAP,ANKER
A1638H11,0194644209599,37.39,3,instock,yes,NANO 10000MAH POWER BANK 45W BLACK,ANKER
A1903V11,0194644272685,74.78,1,instock,yes,ANKER PRIME CHARGING BASE BLACK,ANKER
A81F7H21-1,0194644122515,11.21,36,instock,yes,BRAIDED 60W USB-C TO USB-C CABLE WHI,ANKER
A81B6G21,0194644125592,14.95,407,instock,yes,322 USB-C TO LGT CAB 6FT BRAIDED W,ANKER
A2337V21,0194644139322,14.95,657,instock,yes,511 NANO USB-C WALL CHARGER 30W,ANKER
A81F6G21,0194644138998,9.72,138,instock,yes,322 USB-C TO USB-C CAB 6FT BRAIDEDWH,ANKER
A1657H11,,59.82,15,instock,yes,MAGGO POWERBANK 10K 35W APPLE WATCH,ANKER
A2692K11,0194644288129,18.69,560,instock,yes,ANKER NANO CHARGER 45W BLACK,ANKER
A110DH11,0194644291464,22.43,1918,instock,yes,ZOLO POWERBANK 10K 22.5W USB-C CABLE,ANKER
A25X1H21,,26.17,33,instock,yes,MAGGO WIRELESS CHARGR SINGLE STAND W,ANKER
A1388H11,0194644176204,22.43,2264,instock,yes,ANKER 10K PD POWER BANK BLACK,ANKER
A2669213,0194644042028,26.17,54,instock,yes,PRIME 67W GAN WALL CHARGER 3 PORTS,ANKER
B25M8H11,0194644205898,67.31,21,instock,yes,QI2 15W  3-IN-1 WIRELESS CHARGEPAD,ANKER
A81H5G11,0194644125585,7.46,174,instock,yes,322 USB-A TO USB-C CABLE 3FT BRAID B,ANKER
A83772Z1,0194644119782,186.97,32,instock,yes,675 USB-C DOCKING STAT MONITOR STAND,ANKER
A81F5G21,0194644133108,7.46,312,instock,yes,322 USB-C TO USB-C CAB 3FT BRAIDED W,ANKER
A81H6G21,0194644138981,9.72,66,instock,yes,322 USB-A TO USB-C CAB NYLON 1.8M WH,ANKER
A1653011,0194644145880,14.95,340,instock,yes,NANO 5000MAH POWER BANK BLACK,ANKER
B25M3211,0194644173302,67.31,61,instock,yes,MAG W CHARGER 15W 3-IN-1 STAND BLACK,ANKER
A83800A1,0194644022136,33.65,130,instock,yes,POWEREXPAND 8-IN-1 USB-C MEDIA HUB,ANKER
A1289011,0194644098728,89.74,17,instock,yes,737 GANPRIME 140W PD 24000 MHZ,ANKER
A2688241,0194644294441,44.86,129,instock,yes,PRIME CHARGER 100W 3 PORTS GANPRIME,ANKER
A8012H12,0194644024154,9.72,548,instock,yes,POWERLINE SELECT+ USB CABLE LIGHTING,ANKER
B2557212,0194644157159,74.78,6,instock,yes,QI2 WIRELESS CHARGING 15W FOLDABLE,ANKER
A1259H11,0194644155575,29.91,8,instock,yes,NANO POWER BANK 30W BUILTIN USB-C BL,ANKER
B25M8H21,0194644205928,67.31,30,instock,yes,QI2 3IN1 WIRELES TRAVEL CHARG 15W WH,ANKER
A82E2H22,,13.45,236,instock,yes,USB-C TO USB-C CABLE 6 FT 240W WHITE,ANKER
N2325212,0194644232153,426.31,14,instock,yes,MARS 3 AIR WITH CARRY CASE,ANKER
D2426212,0194644112257,560.93,100,instock,yes,NEBULA CAPSULE 3 LASER GTV,ANKER
D21512F1,0194644254667,3364.91,3,instock,yes,SOUNDCORE NEBULA X1 PRO (2)ONLINE -,ANKER
D2010111,0194644237776,44.87,39,instock,yes,100-INCH OUTDOOR PROJECTOR SCREEN,ANKER
D2070111,0194644251840,37.4,225,instock,yes,NEBULA QUICK-MOUNT PROJECTOR STAND,ANKER
T8W11221,0194644176136,26.17,978,instock,yes,INDOOR CAM C220 (2K PT) - WHITE,ANKER
T8023321,0194644173685,26.92,231,instock,yes,EUFY EDGE HOMEBASE MINI B2C,ANKER
T8426321,0194644217273,112.18,525,instock,yes,EUFY SECURITY FLOODLIGHT CAMERA E30,ANKER
T8223312,0194644293895,74.79,1,instock,yes,EUFY VIDEO DOORBELL C31,ANKER
E8144322,0194644277475,246.07,1,instock,yes,EUFYCAM E40 T8144 EU WHITE,ANKER
T89000D4,0194644019068,14.95,113,instock,yes,EUFY SECURITY ENTRY SENSOR,ANKER
E8214311,0194644151942,134.61,1242,instock,yes,VIDEO DOORBELL E340 WITH CHIME,ANKER
T80303D1,0194644111984,119.66,81,instock,yes,EUFY HOMEBASE 3 B2C GRAY+WHITE,ANKER
T86P2321,0194644177768,186.24,6,instock,yes,4G LTE CAM S330 (WITH SOLAR PT),ANKER
T8416221,0194644126384,97.23,219,instock,yes,INDOOR CAM S350 4K DUAL LENS PTZ,ANKER
E8134321,0194644126377,96.48,372,instock,yes,SOLO CAM S220 (WITH SOLAR) 2PACK,ANKER
T8110421,0194644264390,52.35,137,instock,yes,EUFY EUFYCAM C35 SOLO - WHITE,ANKER
T8026320,0194644271022,22.43,243,instock,yes,MINI CHIME,ANKER
T81623W1,0194644293888,171.27,53,instock,yes,EUFYCAM S3 PRO (ADD-ON),ANKER
T817L220,0194644264475,37.39,136,instock,yes,EUFY WIRED CAM C31 SOLO - WHITE,ANKER
T88923W1,0194644293871,373.21,18,instock,yes,EUFYCAM S3 PRO 2-CAM KIT BLACK+WHITE,ANKER
E8223313,0194644312619,74.78,14,instock,yes,EUFY VIDEO DOORBELL C31 WITH CHIME2,ANKER
T81A0311,0194644145996,74.79,180,instock,yes,SOLAR WALL LIGHT CAM S120,ANKER
T8743111,0194644158927,22.43,28,instock,yes,EUFY DOORBELL DETACHABLE BATTERY PK,ANKER
T8910021,0194644019075,18.69,122,instock,yes,EUFY SECURITY MOTION SENSOR - WHITE,ANKER
T8990321,0194644017804,119.65,49,instock,yes,EUFY SECURITY 5 PIECE HOME ALARM KIT,ANKER
T81703W1,0194644146160,134.61,729,instock,yes,SOLOCAM S340  2K DUAL LENS PTZ SOLAR,ANKER
T81723W1,0194644239213,223.63,228,instock,yes,EUFY EUFYCAM S4 SOLO,ANKER
MWTY3ZMPABUN,,32.64,669,instock,yes,EARPODS WITH LC+20W USB-C POW ADPTR,APPLE
MDEW4B/A,0195950200164,270.46,8,instock,yes,HOMEPOD - MIDNIGHT,APPLE
MWK73ZM/A,0195949438899,52.01,9,instock,yes,IPAD AIR SMART FOLIO 11 SAGE,APPLE
MW5Q3ZM/A,0195949908866,32.26,27,instock,yes,^IPHONE 14 CL CASE,APPLE
MUQ93ZM/A,0195949085611,12.51,3226,instock,yes,USB-C TO LIGHTNING CABLE (1M),APPLE
MYY63ZM/A,0195949885044,32.26,16,instock,yes,IPHONE 16 SIL CASE UMARINE,APPLE
MYYC3ZM/A,0195949885143,32.26,4,instock,yes,^IPHONE 16 PLUS SIL CASESTON,APPLE
MW2P3ZM/A,0195949333002,32.26,5,instock,yes,LIGHTNING TO DIGITAL AV ADAPTER,APPLE
MA7H4ZM/A,0195949885587,23.04,1,instock,yes,^AIRTAG FINEWOVEN KEY RING - DEEPBLU,APPLE
MYYA3ZM/A,0195949885129,32.26,46,instock,yes,^IPHONE 16 PLUS SIL CASE DENIM,APPLE
MT273ZM/A,0194253940470,38.84,1,instock,yes,^IPHONE FINEWOVEN WALLET EVERGREEN,APPLE
MGH24ZM/A,0195950653632,32.26,33,instock,yes,IPHONE AIR CASE MAGSAFE ? SHADOW,APPLE
MW2R3ZM/A,0195949333989,19.09,829,instock,yes,USB-C TO LIGHTNING CABLE (2?M),APPLE
MXQR3ZM/A,0195949690952,32.26,65,instock,yes,^IPHONE 15 PLUS SI CASE BLACK,APPLE
MYY83ZM/A,0195949885082,32.26,6,instock,yes,IPHONE 16 SIL CASE LAKE GREEN,APPLE
MHVQ4ZM/A,0195951036458,32.26,11,instock,yes,IPHONE 17 SIL CASE MGSFE GUAVA,APPLE
MA7F4ZM/A,0195949884887,32.26,26,instock,yes,IPHONE 16 PRO MAX CLEAR CASE,APPLE
MDEQ4ZM/A,0195950178371,52.01,148,instock,yes,IPAD SMART FOLIO SKY,APPLE
MFE94ZM/A,0195950667363,19.09,206,instock,yes,AIRTAG 1-PACK (2ND GEN),APPLE
MYY43ZM/A,0195949885006,32.26,5,instock,yes,^IPHONE 16 SIL CASE PLUM,APPLE
MC2U4ZM/A,0195949912832,38.84,9,instock,yes,IPAD MINI SMART FOLIO DENIM,APPLE
MM6H3ZM/A,0194252789360,38.84,1,instock,yes,*^SMART FOLIO IPAD MINI 6TH GEN WHIT,APPLE
MGF14ZM/A,0195950663679,32.26,40,instock,yes,IPHONE 17 SIL CASE MAGSAFE BLACK,APPLE
MWU53ZM/A,0195949508967,12.51,1485,instock,yes,EARPODS (3.5MM HEADPHONE PLUG),APPLE
MGTV4B/A,0195950673999,25.68,55,instock,yes,40W DYNAMIC POWER ADAPTER W/ 60W MAX,APPLE
MYYJ3ZM/A,0195949885266,32.26,17,instock,yes,IPHONE 16 PRO SIL CASE BLACK,APPLE
MDEJ4ZM/A,0195950178319,52.01,60,instock,yes,IPAD SMART FOLIO WHITE,APPLE
MA7L4ZM/A,0195949885679,23.04,2,instock,yes,AIRTAG FINEWOVEN KEY RING - CHARTREU,APPLE
MHWH4ZM/A,0195951038070,32.26,1,instock,yes,IPHONE 17E SIL CASE MGSFE GUAVA,APPLE
MGH64ZM/A,0195950653939,38.84,2,instock,yes,IPHONE FINEWOVEN WALLET MAGSAFE  ORA,APPLE
MWK33ZM/A,0195949438776,65.18,23,instock,yes,*IPAD PRO SMART FOLIO 13 BLACK,APPLE
MWK93ZM/A,0195949438950,65.18,27,instock,yes,IPADAIR SMART FOLIO 13 CHARCOAL GRY,APPLE
MGH94ZM/A,0195950653991,38.84,7,instock,yes,IPHONE FINEWOVEN WALLET MAGSAFE NAVY,APPLE
MHWE4ZM/A,0195951037622,32.26,12,instock,yes,IPHONE 17E SIL CASE MGSFE A BLUE,APPLE
MH014ZM/A,0195950751390,25.68,10,instock,yes,IPHONE AIR BUMPER LIGHT GRAY,APPLE
MXPF3ZM/A,0195949690181,32.26,5,instock,yes,IPHONE 15 SI CASE STORM BLUE,APPLE
MHW04ZM/A,0195951037110,32.26,9,instock,yes,IPHONE 17 PRO SIL CASE MGSFE GUAVA,APPLE
MW993ZM/A,0195949438714,52.01,30,instock,yes,*IPAD PRO SMART FOLIO 11 DENIM,APPLE
MH004ZM/A,0195950751383,25.68,35,instock,yes,IPHONE AIR BUMPER BLACK,APPLE
MWK23ZM/A,0195949438745,65.18,15,instock,yes,*IPAD PRO SMART FOLIO 13 WHITE,APPLE
MT233ZM/A,0194253940357,32.26,86,instock,yes,^IPHONE 15 PRO MAX CLEAR CASE,APPLE
MUVT3B/A,0195949121319,12.51,669,instock,yes,20W USB-C POWER ADAPTER,APPLE
MW5U3ZM/A,0195949908958,32.26,5,instock,yes,^IPHONE 14 SI CASE RED,APPLE
MA7E4ZM/A,0195949884863,32.26,19,instock,yes,IPHONE 16 PRO CLEAR CASE,APPLE
MDEP4ZM/A,0195950178357,52.01,55,instock,yes,IPAD SMART FOLIO WATERMELON,APPLE
MUQW3ZM/A,0195949087714,12.51,626,instock,yes,LIGHTNING TO USB CABLE (1M),APPLE
MYQT3ZM/A,0195949775390,19.09,2104,instock,yes,240W USB-C CHARGE CABLE (2M),APPLE
MH024ZM/A,0195950751406,25.68,5,instock,yes,IPHONE AIR BUMPER LIGHT BLUE,APPLE
MGFG4ZM/A,0195950663952,32.26,1,instock,yes,IPHONE 17 PRO SIL CASE MSAFE PUR,APPLE
MWTY3ZM/A,0195949506123,12.51,4607,instock,yes,EARPODS (LIGHTNING CONNECTOR),APPLE
MT213ZM/A,0194253940296,32.26,30,instock,yes,^IPHONE 15 PLUS CL CASE,APPLE
MGF04ZM/A,0195950663655,32.26,10,instock,yes,IPHONE 17 SIL CASE MAGSAFE PURPLE,APPLE
MT123ZM/A,0194253939573,32.26,19,instock,yes,^IPHONE 15 PLUS SI CASE STORM BLUE,APPLE
MYYK3ZM/A,0195949885280,32.26,57,instock,yes,IPHONE 16 PRO SIL CASE DENIM,APPLE
MD3X4ZM/A,0195950217346,25.68,41,instock,yes,^IPHONE 16E SILICONE CASE L GREEN,APPLE
MHWD4ZM/A,0195951037479,32.26,51,instock,yes,IPHONE 17E SIL CASE MGSFE ? BLACK,APPLE
MHWC4ZM/A,0195951037349,32.26,75,instock,yes,IPHONE 17E CLEAR CASE MAGSAFE,APPLE
MYYW3ZM/A,0195949885488,32.26,20,instock,yes,IPHONE 16 PRO MAX SIL CASE PLUM,APPLE
MGFH4ZM/A,0195950663976,32.26,42,instock,yes,IPHONE 17 PRO SIL CASE MSAFE MID,APPLE
MGHA4ZM/A,0195950654011,38.84,8,instock,yes,IPHONE FINEWOVEN WALLET MAGSAFE BLK,APPLE
MHWJ4ZM/A,0195951038223,32.26,6,instock,yes,IPHONE 17E SIL CASE MGSFE SOFT PINK,APPLE
MWKD3ZM/A,0195949439049,65.18,3,instock,yes,*IPAD AIR SMART FOLIO 13 LIGHT VIOLE,APPLE
MGFN4ZM/A,0195950664072,32.26,61,instock,yes,IPHONE 17 PRO MAX SIL CASE MSAFE PUR,APPLE
MGFT4ZM/A,0195950664157,32.26,130,instock,yes,IPHONE 17 PRO CLEAR CASE MAGSAFE,APPLE
MT223ZM/A,0194253940326,32.26,39,instock,yes,^IPHONE 15 PRO CLEAR CASE,APPLE
MA7D4ZM/A,0195949882623,32.26,2,instock,yes,IPHONE 16 PLUS CLEAR CASE,APPLE
MD3P4ZM/A,0195950217285,25.68,74,instock,yes,IPHONE 16E SILICONE CASE WHITE,APPLE
MGFA4ZM/A,0195950663853,38.84,5,instock,yes,IPHONE 17 PRO MAX TWOVE CASE  PUR,APPLE
MWKC3ZM/A,0195949439018,65.18,1,instock,yes,IPAD AIR SMART FOLIO 13 SAGE,APPLE
MGFL4ZM/A,0195950664034,32.26,83,instock,yes,IPHONE 17 PRO MAX SIL CASE MSAFE ORN,APPLE
MYY73ZM/A,0195949885068,32.26,15,instock,yes,^IPHONE 16 SIL CASE S FRUIT,APPLE
MWK83ZM/A,0195949438929,52.01,4,instock,yes,IPADAIR SMART FOLIO 11 LIGHT VIOLET,APPLE
MC2V4ZM/A,0195949912856,38.84,10,instock,yes,*IPAD MINI SMART FOLIO SAGE,APPLE
MYYM3ZM/A,0195949885327,32.26,42,instock,yes,IPHONE 16 PRO SIL CASE PLUM,APPLE
MYY53ZM/A,0195949885020,32.26,5,instock,yes,IPHONE 16 SIL CASE FUCHSIA,APPLE
MYYD3ZM/A,0195949885167,32.26,45,instock,yes,^IPHONE 16 PLUS SIL CASE PLUM,APPLE
MGFY4ZM/A,0195950664232,23.04,8,instock,yes,AIRTAG FINEWOVEN KEY RING FOX ORANGE,APPLE
MGD74ZM/A,0195950636574,25.68,249,instock,yes,MAGSAFE CHARGER (1?M),APPLE
MW5R3ZM/A,0195949908897,32.26,3,instock,yes,^IPHONE 14 SI CASE MIDNIGHT,APPLE
MT263ZM/A,0194253940449,38.84,1,instock,yes,IPHONE FINEWOVEN WALLET PACIFIC BLUE,APPLE
MGDM4ZM/A,0195950637076,32.26,135,instock,yes,MAGSAFE CHARGER (2?M),APPLE
MH0A3ZM/A,0194252087459,52.01,10,instock,yes,*IPAD SMART FOLIO AIR 4/5TH GEN WHIT,APPLE
MGH34ZM/A,0195950653656,32.26,20,instock,yes,IPHONE AIR CASE MAGSAFE ? FROST,APPLE
MXPG3ZM/A,0195949690204,32.26,1,instock,yes,IPHONE 15 SI CASE CLAY,APPLE
MW2Q3ZM/A,0195949332937,5.93,2057,instock,yes,USB-C TO 3.5 MM HEADPHONE JACK ADPT,APPLE
MWK63ZM/A,0195949438868,52.01,29,instock,yes,IPAD AIR SMART FOLIO 11 DENIM,APPLE
MXRL3ZM/A,0195949691461,32.26,35,instock,yes,^IPHONE 15 PLUS CL CASE,APPLE
MGFR4ZM/A,0195950664133,32.26,66,instock,yes,IPHONE 17 PRO MAX SIL CASE MSAFE BLK,APPLE
MYYH3ZM/A,0195949885242,32.26,31,instock,yes,IPHONE 16 PLUS SIL CASE GREEN,APPLE
MW983ZM/A,0195949438684,52.01,40,instock,yes,IPAD PRO SMART FOLIO 11 BLACK,APPLE
MX4A2ZM/A,0190199314795,29.63,2,instock,yes,*^AIRTAG LEATHER LOOP - SADDLE BROWN,APPLE
MYYT3ZM/A,0195949885426,32.26,8,instock,yes,IPHONE 16 PRO MAX SIL CASE BLACK,APPLE
MYY13ZM/A,0195949884948,32.26,38,instock,yes,IPHONE 16 SIL CASE BLACK,APPLE
MGH84ZM/A,0195950653977,38.84,8,instock,yes,IPHONE FINEWOVEN WALLET MAGSAFE PUR,APPLE
MYYG3ZM/A,0195949885228,32.26,15,instock,yes,^IPHONE 16 PLUS SIL CASE S FRUIT,APPLE
MHWG4ZM/A,0195951037929,32.26,4,instock,yes,IPHONE 17E SIL CASE MGSFE VANILLA,APPLE
MGH74ZM/A,0195950653953,38.84,3,instock,yes,IPHONE FINEWOVEN WALLET MAGSAFE MOSS,APPLE
MX5J3ZM/A,0195949587696,29.63,29,instock,yes,*LIGHTNING TO USB 3 CAMERA ADAPTER,APPLE
MW523ZM/A,0195949908835,32.26,1,instock,yes,^IPHONE 14 PLUS SI CASE CHALK PINK,APPLE
MGFE4ZM/A,0195950663914,32.26,25,instock,yes,IPHONE 17 PRO SIL CASE MSAFE ORANGE,APPLE
MHYY4ZM/A,0195951060200,38.84,23,instock,yes,CROSSBODY STRAP - SOFT PINK,APPLE
MNA63ZM/A,0194253109365,52.01,10,instock,yes,SMART FOLIO IPAD AIR 5TH LAVENDER,APPLE
MGFP4ZM/A,0195950664096,32.26,117,instock,yes,IPHONE 17 PRO MAX SIL CASE MSAFE MID,APPLE
MT103ZM/A,0194253939542,32.26,11,instock,yes,^IPHONE 15 PLUS SI CASE BLACK,APPLE
MYYU3ZM/A,0195949885440,32.26,68,instock,yes,IPHONE 16 PRO MAX SIL CASE DENIM,APPLE
MGF24ZM/A,0195950663693,32.26,204,instock,yes,IPHONE 17 CLEAR CASE MAGSAFE,APPLE
MWK43ZM/A,0195949438806,65.18,21,instock,yes,IPAD PRO SMART FOLIO 13 DENIM,APPLE
MXPH3ZM/A,0195949690228,32.26,4,instock,yes,IPHONE 15 SI CASE LIGHT PINK,APPLE
MW493ZM/A,0195949371905,12.51,2676,instock,yes,60W USB-C CHARGE CABLE (1M),APPLE
MWNF3ZM/A,0195949505607,32.26,6,instock,yes,^IPHONE 15 PLUS SI CASE SUNSHINE,APPLE
MA6A4ZM/A,0195949882609,32.26,72,instock,yes,IPHONE 16 CLEAR CASE,APPLE
MFEA4ZM/A,0195950667523,65.18,257,instock,yes,AIRTAG 4-PACK (2ND GEN),APPLE
MD3N4ZM/A,0195950217261,25.68,9,instock,yes,IPHONE 16E SILICONE CASE BLACK,APPLE
MGFK4ZM/A,0195950664010,32.26,46,instock,yes,IPHONE 17 PRO SIL CASE MSAFE ? BLACK,APPLE
MGFQ4ZM/A,0195950664119,32.26,11,instock,yes,IPHONE 17 PRO MAX SIL CASE MSAFE TC,APPLE
MGG24ZM/A,0195950664324,23.04,1,instock,yes,AIRTAG FINEWOVEN KEY RING BLACK,APPLE
MHVM4ZM/A,0195951036304,32.26,15,instock,yes,IPHONE 17 SIL CASE MGSFE VANILLA,APPLE
MWKA3ZM/A,0195949438981,65.18,46,instock,yes,IPAD AIR SMART FOLIO 13 DENIM,APPLE
MXQT3ZM/A,0195949690976,32.26,21,instock,yes,^IPHONE 15 PLUS SI CASE STORM BLUE,APPLE
MGFW4ZM/A,0195950664171,32.26,201,instock,yes,IPHONE 17 PRO MAX CLEAR CASE MAGSAFE,APPLE
MHYX4ZM/A,0195951060170,38.84,26,instock,yes,CROSSBODY STRAP - BRIGHT GUAVA,APPLE
MC2Q4ZM/A,0195949912795,38.84,41,instock,yes,IPAD MINI SMART FOLIO CHARCOAL GRAY,APPLE
MXK63Z/A,0195949656088,69.3,66,instock,yes,MAGIC MOUSE - BLACK,APPLE
MXCK3B/A,0195949633447,104.3,44,instock,yes,MAGIC KEYBOARD TOUCH ID-BRITISH,APPLE
MW2K3B/A,0195949376580,41.3,115,instock,yes,35W DUAL USB-C POWER ADAPTER,APPLE
MYH93ZM/A,0195949884092,34.3,2,instock,yes,THUNDERBOLT 3 - THUNDERBOLT 2 ADPTR,APPLE
MDW94ZM/A,0195950365924,48.3,55,instock,yes,THUNDERBOLT 5 (USB-C) PRO CABL,APPLE
MXCJ3Z/A,0195949633225,90.3,5,instock,yes,*Non Cancellable/Non Returnable (NCNR)* MAGIC KEYBOARD WITH NUM KEYPAD INTL,APPLE
MXCL3B/A,0195949634123,69.3,183,instock,yes,MAGIC KEYBOARD-BRITISH,APPLE
MW5J3ZM/A,0195949590320,90.3,244,instock,yes,THUNDERBOLT 4 USB_C PRO CABLE?1.8 M,APPLE
MXCJ3B/A,0195949632594,90.3,48,instock,yes,MAGIC KEYBOARD WITH NUM KEYPAD UK,APPLE
MXK53Z/A,0195949655968,55.3,5,instock,yes,*MAGIC MOUSE - WHITE,APPLE
MW2L3B/A,0195949376771,55.3,44,instock,yes,*96W USBC POWER ADAPTER,APPLE
MW5L3ZM/A,0195949396793,13.3,138,instock,yes,USB-C TO USB ADAPTER,APPLE
MW5H3ZM/A,0195949590375,111.3,48,instock,yes,*THUNDERBOLT 4 (USB_C) PRO CABLE 3M,APPLE
MXN53B/A,0195949686146,41.3,554,instock,yes,70W USB-C POWER ADAPTER,APPLE
MW653ZM/A,0195949396885,27.3,21,instock,yes,USB-C TO SD CARD READER,APPLE
MXKA3Z/A,0195949654480,104.3,17,instock,yes,MAGIC TRACKPAD - BLACK,APPLE
MW5G3Z/A,0195949394591,41.3,11,instock,yes,SIRI REMOTE-INT,APPLE
MGPG4ZM/A,0195950669787,76.72,160,instock,yes,IPHONE AIR MAGSAFE BATTERY,APPLE
MGGE4ZM/A,0195950653229,45.73,7,instock,yes,CROSSBODY STRAP YEL,APPLE
MX2D3ZM/A,0195949573125,99.97,20,instock,yes,APPLE PENCIL PRO,APPLE
MGGF4ZM/A,0195950653243,45.73,22,instock,yes,CROSSBODY STRAP GREEN,APPLE
MX763ZM/A,0195949775468,14.72,10,instock,yes,APPLE PENCIL TIPS,APPLE
MWR43B/A,0195949483431,270.46,11,instock,yes,IPAD MAGIC KBD WHITE IPAD PRO M4 13,APPLE
MGGN4ZM/A,0195950653380,45.73,27,instock,yes,CROSSBODY STRAP SIENNA,APPLE
MGYY4B/A,0195950745672,231.72,116,instock,yes,IPAD AIR MAGIC KEYBOARD 13 BLACK-GBR,APPLE
MWR03B/A,0195949482199,231.72,1,instock,yes,IPAD MAGIC KBD WHITE IPAD PRO M4 11,APPLE
MWR23B/A,0195949482816,231.72,3,instock,yes,IPAD MAGIC KBD BLACK IPAD PRO M4 11,APPLE
MWR53B/A,0195949484056,270.46,43,instock,yes,IPAD MAGIC KBD BLACK IPAD PRO M4 13,APPLE
MGGJ4ZM/A,0195950653304,45.73,20,instock,yes,CROSSBODY STRAP PURPLE,APPLE
MDFW4B/A,0195950262377,231.72,27,instock,yes,IPAD AIR MAGIC KEYBOARD 13 WHITE-GBR,APPLE
MYQW3ZM/A,0195949776175,76.72,40,instock,yes,APPLE PENCIL 1ST GEN,APPLE
MGGH4ZM/A,0195950653281,45.73,4,instock,yes,CROSSBODY STRAP LIGHT BLUE,APPLE
MGGG4ZM/A,0195950653267,45.73,17,instock,yes,CROSSBODY STRAP BLUE,APPLE
MQDP3B/A,0194253417057,192.97,44,instock,yes,MAGIC KEYBOARD FOLIO IPAD 11TH GEN,APPLE
MGGM4ZM/A,0195950653366,45.73,22,instock,yes,CROSSBODY STRAP LIGHT GRAY,APPLE
MWML3ZM/A,0195949442148,6.97,27,instock,yes,*USB-C TO APPLE PENCIL ADAPTER,APPLE
MXN43ZM/A,0195949690457,99.97,104,instock,yes,APPLE PENCIL 2ND GEN,APPLE
MGGD4ZM/A,0195950653205,45.73,10,instock,yes,CROSSBODY STRAP ORANGE,APPLE
MJ503ZM/A,0194252388532,133.33,2,instock,yes,^BEATS STUDIO BUDS WIRELESS NC RED,APPLE
MX723ZM/A,0195949590887,208.33,1,instock,yes,BEATS POWERBEATS PRO 2   JET BLACK,APPLE
MQLK3ZM/A,0194253563884,149.99,1,instock,yes,BEATS STUDIO BUDS+ NC TRANSPARENT,APPLE
MQLH3ZM/A,0194253563662,149.99,3,instock,yes,BEATS STUDIO BUDS+ NC BLACK GOLD,APPLE
MFEH4ZM/A,,15.83,2,instock,yes,BEATS USB C TO LGHTNG CABLE 1.5M RE,APPLE
MGTL4LL/A,0195950672152,49.17,5,instock,yes,BEATS IPHONE 17 KSD CASE STN,APPLE
MEQ94ZM/A,,15.83,2,instock,yes,BEATS USB C TO C CABLE .2M BLK,APPLE
MCFN4LL/A,0195949909092,40.83,1,instock,yes,BEATS IPHONE 16 PRO CASE BLUE,APPLE
MCFH4LL/A,0195949909047,40.83,7,instock,yes,BEATS IPHONE 16 PLUS CASE STONE,APPLE
MCFJ4LL/A,0195949909054,40.83,1,instock,yes,BEATS IPHONE 16 PLUS CASE BLUE,APPLE
MCFM4LL/A,0195949909085,40.83,1,instock,yes,BEATS IPHONE 16 PRO CASE STONE,APPLE
MDGC4ZM/A,,29.16,2,instock,yes,BEATS 2 PK USB C TO C CABLE 1.5M BLK,APPLE
MCFK4LL/A,0195949909061,40.83,2,instock,yes,BEATS IPHONE 16 PLUS CASE PURPLE,APPLE
MCFL4LL/A,0195949909078,40.83,2,instock,yes,BEATS IPHONE 16 PRO CASE BLACK,APPLE
MCFF4LL/A,0195949909023,40.83,3,instock,yes,BEATS IPHONE 16 CASE PURPLE,APPLE
MFEX4B/A,0195950528992,1118.03,10,instock,yes,STUDIO DISPLAY STANDARD/TILT,APPLE
MW1L3MPBUN,,1054.84,8,instock,yes,MBA15 M4 MDN 10/10C 16/256GB+M365P,APPLE
MX2X3MFBUN,,2150.82,1,instock,yes,MBP16 BLK M4 14C/20C 24/512GB+M365F,APPLE
MDHJ4BMSPBUN,,1138.17,17,instock,yes,MBA 13 M5 BLU10C/10C 16GB 1TB+M365P,APPLE
MDVA4BMSPBUN1,,1307.26,1,instock,yes,MBA 15 M5 SL10C/10C 16GB 1TB+M365P,APPLE
MGE94BMSFBUN,,3734.15,1,instock,yes,MBP16 M5 MAX SL18C/40C 48/2TB+M365F,APPLE
MW2V3MFBUN,,1567.49,1,instock,yes,MBP14 BLK M4 10C/10C 16GB/1TB+M365F,APPLE
MGDU4BMSFBUN,,3067.49,1,instock,yes,MBP14 M5 MAX SB 18C/32C 36/2TB+M365F,APPLE
MDHC4BMSFBUN,,1150.82,1,instock,yes,MBA 13 M5 STL 10C/10C 16GB 1TB+M365F,APPLE
MW1L3MPBUN1,,1057.26,8,instock,yes,MBA15 M4 MDN 10/10C 16/256GB+M365P,APPLE
MDHC4BMSPBUN1,,1140.59,8,instock,yes,MBA 13 M5 STL 10C/10C 16GB 1TB+M365P,APPLE
MX2E3MFBUN,,1734.15,1,instock,yes,MBP14 SIL M4 12C/16C 24/512GB+M365F,APPLE
MDVD4BMSFBUN,,1150.82,1,instock,yes,MBA 15 M5 STL10C/10C 16GB512GB+M365F,APPLE
MDH94BMSPBUN,,1304.84,17,instock,yes,MBA 13 M5 SLV 10C/10C 24GB 1TB+M365P,APPLE
MDV94BMSFBUN,,1150.82,1,instock,yes,MBA 15 M5 SL10C/10C 16GB 512GB+M365F,APPLE
MDVH4BMSPBUN,,1138.17,17,instock,yes,MBA 15 M5MDN 10C/10C 16GB512GB+M365P,APPLE
MDVD4BMSPBUN1,,1140.59,2,instock,yes,MBA 15 M5 ST10C/10C 16GB 512GB+M365P,APPLE
MDHF4BMSPBUN1,,1140.59,8,instock,yes,MBA 13 M5 MDN 10C/10C 16GB 1TB+M365P,APPLE
MDH84BMSPBUN,,1138.17,5,instock,yes,MBA 13 M5 SLV 10C/10C 16GB 1TB+M365P,APPLE
MGEA4BMSFBUN,,2317.49,1,instock,yes,MBP16 M5 PRO SB 18C/20C 24/1TB+M365F,APPLE
MDH94BMSPBUN1,,1307.26,20,instock,yes,MBA 13 M5 SLV 10C/10C 24GB 1TB+M365P,APPLE
MDVA4BMSPBUN,,1304.84,1,instock,yes,MBA 15 M5 SL10C/10C 16GB 1TB+M365P,APPLE
MDHF4BMSFBUN,,1150.82,1,instock,yes,MBA 13 M5 MDN 10C/10C 16GB 1TB+M365F,APPLE
MJLV4BMSFBUN,,2234.15,1,instock,yes,MBP14 M5 PRO SL/15C/16C 24/2TB+M365F,APPLE
MW0Y3MPBUN,,888.17,6,instock,yes,MBA13 M4 STR 10/8C 16/256GB+M365P,APPLE
MGDT4BMSFBUN,,2400.82,1,instock,yes,MBP14 M5 PRO SB/18C/20C 24/2TB+M365F,APPLE
MDHJ4BMSFBUN,,1150.82,1,instock,yes,MBA 13 M5 BLU 10C/10C 16GB 1TB+M365F,APPLE
MW1L3MFBUN,,1067.49,1,instock,yes,MBA15 M4 MDN 10/10C 16/256GB+M365F,APPLE
MWV03MFBUN,,1484.15,1,instock,yes,IMAC 24 GRN M4 10/10C 16/512GB+M365F,APPLE
MDH84BMSFBUN,,1150.82,1,instock,yes,MBA 13 M5 SLV 10C/10C 16GB 1TB+M365F,APPLE
MGDP4BMSFBUN,,2400.82,1,instock,yes,MBP14 M5 PRO SL/18C/20C 24/2TB+M365F,APPLE
MDHC4BMSPBUN,,1138.17,8,instock,yes,MBA 13 M5 STL 10C/10C 16GB 1TB+M365P,APPLE
MDV94BMSPBUN,,1138.17,17,instock,yes,MBA 15 M5 SL10C/10C 16GB 512GB+M365P,APPLE
MDVD4BMSPBUN,,1138.17,2,instock,yes,MBA 15 M5 ST10C/10C 16GB 512GB+M365P,APPLE
MDH94BMSFBUN,,1317.49,1,instock,yes,MBA 13 M5 SLV 10C/10C 24GB 1TB+M365F,APPLE
MDE64MSFBUN,,1734.15,1,instock,yes,MBP14 M5 SIL 10/10C 24/1TB+M365F,APPLE
MDH84BMSPBUN1,,1140.59,5,instock,yes,MBA 13 M5 SLV 10C/10C 16GB 1TB+M365P,APPLE
MJLW4BMSFBUN,,2234.15,1,instock,yes,MBP14 M5 PRO SB/15C/16C 24/2TB+M365F,APPLE
MDVH4BMSFBUN,,1150.82,1,instock,yes,MBA 15 M5 MDN10C/10C 16GB512GB+M365F,APPLE
MWUU3MFBUN,,1317.49,1,instock,yes,IMAC 24 SIL M4 10/10C 16/256GB+M365F,APPLE
MGE44BMSFBUN,,2317.49,1,instock,yes,MBP16 M5 PRO SL 18C/20C 24/1TB+M365F,APPLE
MDHJ4BMSPBUN1,,1140.59,45,instock,yes,MBA 13 M5 BLU10C/10C 16GB 1TB+M365P,APPLE
MDV94BMSPBUN1,,1140.59,53,instock,yes,MBA 15 M5 SL10C/10C 16GB 512GB+M365P,APPLE
MW0Y3MPBUN1,,890.59,6,instock,yes,MBA13 M4 STR 10/8C 16/256GB+M365P,APPLE
MDHF4BMSPBUN,,1138.17,8,instock,yes,MBA 13 M5 MDN 10C/10C 16GB 1TB+M365P,APPLE
MGEE4BMSFBUN,,3734.15,1,instock,yes,MBP16 M5 MAX SB 18C/40C 48/2TB+M365F,APPLE
MDVH4BMSPBUN1,,1140.59,68,instock,yes,MBA 15 M5MDN 10C/10C 16GB512GB+M365P,APPLE
MDVA4BMSFBUN,,1317.49,1,instock,yes,MBA 15 M5 SL10C/10C 16GB 1TB+M365F,APPLE
MW0Y3MFBUN,,900.82,1,instock,yes,MBA13 M4 STR 10/8C 16/256GB+M365F,APPLE
Z1MH-018-UK/UK,,2355.38,2,instock,yes,*Non Cancellable/Non Returnable (NCNR)* MBP14 SL M5PRO15C/16C48G/1TB SD70W,APPLE
Z1CX-008-INT/EU,,894.27,1,instock,yes,*^MB AIR13 M4 MID 10C/10C 16GB/512GB,APPLE
Z1LQ-032-UK/EU,,1460.37,1,instock,yes,*Non Cancellable/Non Returnable (NCNR)* MB AIR 15  SLV M510C/10C 32/512G 35W,APPLE
Z1L0-038-UK,,1490.94,1,instock,yes,*Non Cancellable/Non Returnable (NCNR)* MB AIR 13 SLV M510C/10C 32/1T,APPLE
Z1L6-029-UK/UK,,1385.79,1,instock,yes,*Non Cancellable/Non Returnable (NCNR)* MB AIR 13 MID M510C/10C 24/1T  70W,APPLE
Z1LW-001-FRE,,1118.03,9,instock,yes,*Non Cancellable/Non Returnable (NCNR)* MB AIR 15  MID M510C/10C 16/512G,APPLE
Z1L0-009-US/EU,,1162.03,6,instock,yes,*Non Cancellable/Non Returnable (NCNR)* MB AIR 13 SLV M510C/10C 24/512G 70W,APPLE
MWUU3B/A,0195949594496,1267.19,10,instock,yes,IMAC 24 M4 SLV/10C/10C/16GB/256GB,APPLE
MWV03B/A,0195949596667,1416.36,1,instock,yes,IMAC 24 M4 GRN/10C/10C/16GB/512,APPLE
MGEE4B/A,0195950715934,3728.48,46,instock,yes,MBP16 M5 MAX SB 18C/40C 48GB/2TB,APPLE
MDE14B/A,0195950489248,1490.94,40,instock,yes,MBP14 M5 SB 10C/10C 16GB/1TB,APPLE
MGEA4B/A,0195950714524,2236.79,29,instock,yes,MBP16 M5 PRO SB 18C/20C 24GB/1TB,APPLE
MGDU4B/A,0195950719390,3057.22,14,instock,yes,MBP14 M5 MAX SB 18C/32C 36GB/2TB,APPLE
MDE64B/A,0195950491128,1640.11,26,instock,yes,MBP14 M5 SL 10C/10C 24GB/1TB,APPLE
MGE44B/A,0195950712643,2236.79,8,instock,yes,MBP16 M5 PRO SL 18C/20C 24GB/1TB,APPLE
MGE94B/A,0195950714050,3728.48,35,instock,yes,*MBP16 M5 MAX  SL 18C/40C 48GB/2TB,APPLE
MJLV4B/A,0195951254548,2236.79,69,instock,yes,*MBP14 M5 PRO SL/15C/16C 24GB/2TB,APPLE
MJLW4B/A,0195951255019,2236.79,125,instock,yes,*MBP14 M5 PRO SB/15C/16C 24GB/2TB,APPLE
MGDP4B/A,0195950717518,2385.96,63,instock,yes,*MBP14 M5 PRO SL/18C/20C 24GB/2TB,APPLE
MGDT4B/A,0195950718928,2385.97,122,instock,yes,*MBP14 M5 PRO SB/18C/20C 24GB/2TB,APPLE
MDVA4B/A,0195950694512,1341.78,1,instock,yes,MB AIR 15 M5 SLV 10C/10C 16GB 1TB,APPLE
MDHC4B/A,0195950689044,1192.61,8,instock,yes,MB AIR 13 M5 STL 10C/10C 16GB 1TB,APPLE
MDV94B/A,0195950694048,1118.03,53,instock,yes,MB AIR 15 M5 SLV 10C/10C 16GB 512GB,APPLE
MDHF4B/A,0195950690453,1192.61,8,instock,yes,*MB AIR 13 M5 MDN 10C/10C 16GB 1TB,APPLE
MDH84B/A,0195950687637,1192.61,5,instock,yes,*MB AIR 13 M5 SLV 10C/10C 16GB 1TB,APPLE
MDH94B/A,0195950688108,1341.78,20,instock,yes,MB AIR 13 M5 SLV 10C/10C 24GB 1TB,APPLE
MDHJ4B/A,0195950691863,1192.61,45,instock,yes,*MB AIR 13 M5 BLUE 10C/10C 16GB 1TB,APPLE
MDVH4B/A,0195950696868,1118.03,120,instock,yes,MB AIR 15 M5 MDN 10C/10C 16GB 512GB,APPLE
MDVD4B/A,0195950695458,1118.03,2,instock,yes,MB AIR 15 M5 STL 10C/10C 16GB 512GB,APPLE
MYED3QPABUN,,681.66,124,instock,yes,IPHONE 16 128GB TEAL+20WUSB-C POWADP,APPLE
MYEA3QPABUN,,681.66,94,instock,yes,IPHONE 16 128GB PNK+20WUSB-C POW ADP,APPLE
MYEC3QPABUN,,681.66,9,instock,yes,IPHONE 16 128GB ULT+20WUSB-C POW ADP,APPLE
MFYT4QN/A,0195950639629,1131.11,23,instock,yes,IPHONE 17 PRO MAX 512GB ORANGE,APPLE
MG2M4QN/A,0195950622799,650.7,26,instock,yes,IPHONE AIR 256GB CLOUD WHITE,APPLE
MG2P4QN/A,0195950623192,650.7,2,instock,yes,IPHONE AIR 256GB SKY BLUE,APPLE
MG2N4QN/A,0195950622997,650.7,5,instock,yes,IPHONE AIR 256GB LIGHT GOLD,APPLE
MG2Q4QN/A,0195950623390,812.41,14,instock,yes,IPHONE AIR 512GB SPACE BLACK,APPLE
MG8N4QN/A,0195950628173,1050.26,65,instock,yes,IPHONE 17 PRO 512GB DEEP BLUE,APPLE
MG8Q4QN/A,0195950628579,1211.96,39,instock,yes,IPHONE 17 PRO 1TB  ORANGE,APPLE
MFYX4QN/A,0195950640427,1292.81,1,instock,yes,IPHONE 17 PRO MAX 1TB DEEP BLUE,APPLE
MG8H4QN/A,0195950627374,888.55,66,instock,yes,IPHONE 17 PRO 256GB  ORANGE,APPLE
MG8G4QN/A,0195950627176,888.55,150,instock,yes,IPHONE 17 PRO 256GB SILVER,APPLE
MG2L4QN/A,0195950622591,650.7,1067,instock,yes,IPHONE AIR 256GB SPACE BLACK,APPLE
MG8P4QN/A,0195950628371,1211.96,5,instock,yes,IPHONE 17 PRO 1TB SILVER,APPLE
MFYY4QN/A,0195950640625,1616.21,5,instock,yes,IPHONE 17 PRO MAX 2TB SILVER,APPLE
MD1X4QN/A,0195950051445,645.87,26,instock,yes,^IPHONE 16E 512GB BLACK,APPLE
MXVX3QN/A,0195949722776,645.87,11,instock,yes,IPHONE 16 PLUS 128GB UMARINE,APPLE
MXWV3QN/A,0195949723346,726.71,3,instock,yes,IPHONE 16 PLUS 256GB WHITE,APPLE
MHRY4QN/A,0195951031101,645.87,4,instock,yes,IPHONE 17E 512GB BLACK,APPLE
MXVY3QN/A,0195949722967,645.87,17,instock,yes,IPHONE 16 PLUS 128GB TEAL,APPLE
MXVV3QN/A,0195949722394,645.87,8,instock,yes,IPHONE 16 PLUS 128GB WHITE,APPLE
MYE73QN/A,0195949821905,565.04,648,instock,yes,IPHONE 16 128GB BLACK,APPLE
MXWN3QN/A,0195949723155,726.71,1,instock,yes,IPHONE 16 PLUS 256GB BLACK,APPLE
MYEC3QN/A,0195949822445,565.04,9,instock,yes,IPHONE 16 128GB UMARINE,APPLE
MHRX4QN/A,0195951030913,484.21,158,instock,yes,IPHONE 17E 256GB SOFT PINK,APPLE
MTP93ZD/A,0195949037504,565.04,2,instock,yes,IPHONE 15 256GB BLUE,APPLE
MD1W4QN/A,0195950051360,484.21,17,instock,yes,^IPHONE 16E 256GB WHITE,APPLE
MXVW3QN/A,0195949722585,645.87,7,instock,yes,IPHONE 16 PLUS 128GB PINK,APPLE
MYEA3QN/A,0195949822261,565.04,94,instock,yes,IPHONE 16 128GB PINK,APPLE
MD1T4QN/A,0195950051285,484.21,12,instock,yes,^IPHONE 16E 256GB BLACK,APPLE
MTP43ZD/A,0195949036606,484.21,202,instock,yes,IPHONE 15 128GB BLUE,APPLE
MYED3QN/A,0195949822629,565.04,124,instock,yes,IPHONE 16 128GB TEAL,APPLE
MCJH4KN/A,0195949967252,1084.19,1,instock,yes,*Non Cancellable/Non Returnable (NCNR)* ^IPAD AIR M3 13'' WF & CL 1TB PUR,APPLE
MCNL4KN/A,0195949976018,580.46,1,instock,yes,^IPAD AIR M3 13'' WIFI 128GB PUR,APPLE
MH3G4KN/A,0195950826319,1045.45,1,instock,yes,IPAD AIR M4 11 WIFI 1TB SPG,APPLE
MH9G4KN/A,0195950785449,851.7,1,instock,yes,IPAD AIR M4 13 WF & CL 128GB PUR,APPLE
MCG94KN/A,0195949989056,929.2,7,instock,yes,*Non Cancellable/Non Returnable (NCNR)* ^IPAD AIR M3 11'' WF & CL 1TB BLU,APPLE
MH5W4KN/A,0195950799170,812.95,12,instock,yes,IPAD AIR M4 13 WIFI 256GB STL,APPLE
MH374KN/A,0195950824933,657.96,1,instock,yes,IPAD AIR M4 11 WIFI 256GB STL,APPLE
MH9J4KN/A,0195950785968,929.2,1,instock,yes,IPAD AIR M4 13 WF & CL 256GB BLU,APPLE
MH5X4KN/A,0195950799408,812.95,1,instock,yes,IPAD AIR M4 13 WIFI 256GB PUR,APPLE
MV2J3NF/A,0195949255434,812.95,12,instock,yes,^IPAD AIR M2 13 WIFI 512GB SPG,APPLE
MH5Q4KN/A,0195950798258,735.45,2,instock,yes,IPAD AIR M4 13 WIFI 128GB STL,APPLE
MCNT4KN/A,0195949977169,851.7,18,instock,yes,*Non Cancellable/Non Returnable (NCNR)* ^IPAD AIR M3 13'' WIFI 512GB SPG,APPLE
MCJG4KN/A,0195949967023,1084.19,1,instock,yes,*Non Cancellable/Non Returnable (NCNR)* ^IPAD AIR M3 13'' WF & CL 1TB STL,APPLE
MH7A4KN/A,0195950810905,696.71,2,instock,yes,IPAD AIR M4 11 WF & CL 128GB STL,APPLE
MCNN4KN/A,0195949976247,657.96,18,instock,yes,^IPAD AIR M3 13'' WIFI 256GB SPG,APPLE
MCNH4KN/A,0195949975325,580.46,12,instock,yes,^IPAD AIR M3 13'' WIFI 128GB SPG,APPLE
MCG64KN/A,0195949988394,774.2,11,instock,yes,*Non Cancellable/Non Returnable (NCNR)* ^IPAD AIR M3 11'' WF & CL 512GB STL,APPLE
MH5T4KN/A,0195950798487,735.45,1,instock,yes,IPAD AIR M4 13 WIFI 128GB PUR,APPLE
MH9M4KN/A,0195950786743,1084.19,1,instock,yes,IPAD AIR M4 13 WF & CL 512GB SPG,APPLE
MH794KN/A,0195950810646,696.71,1,instock,yes,IPAD AIR M4 11 WF & CL 128GB BLU,APPLE
MCGA4KN/A,0195949989278,929.2,4,instock,yes,*Non Cancellable/Non Returnable (NCNR)* ^IPAD AIR M3 11'' WF & CL 1TB STL,APPLE
MCQ04KN/A,0195949978081,1006.7,18,instock,yes,*Non Cancellable/Non Returnable (NCNR)* ^IPAD AIR M3 13'' WIFI 1TB SPG,APPLE
MH3K4KN/A,0195950827002,1045.45,1,instock,yes,IPAD AIR M4 11 WIFI 1TB PUR,APPLE
MCG74KN/A,0195949988615,774.2,3,instock,yes,*Non Cancellable/Non Returnable (NCNR)* ^IPAD AIR M3 11'' WF & CL 512GB PUR,APPLE
MCGC4KN/A,0195949989490,929.2,5,instock,yes,*Non Cancellable/Non Returnable (NCNR)* ^IPAD AIR M3 11'' WF & CL 1TB PUR,APPLE
MH364KN/A,0195950824704,657.96,4,instock,yes,IPAD AIR M4 11 WIFI 256GB BLU,APPLE
MH5U4KN/A,0195950798715,812.95,2,instock,yes,IPAD AIR M4 13 WIFI 256GB SPG,APPLE
MCG84KN/A,0195949988837,929.2,1,instock,yes,*Non Cancellable/Non Returnable (NCNR)* ^IPAD AIR M3 11'' WF & CL 1TB SPG,APPLE
MCAA4KN/A,0195949999543,657.96,1,instock,yes,*Non Cancellable/Non Returnable (NCNR)* ^IPAD AIR M3 11'' WIFI 512GB STL,APPLE
MCNR4KN/A,0195949976933,657.96,3,instock,yes,^IPAD AIR M3 13'' WIFI 256GB PUR,APPLE
MCNJ4KN/A,0195949975554,580.46,11,instock,yes,^IPAD AIR M3 13'' WIFI 128GB BLU,APPLE
MCA74KN/A,0195949999086,657.96,32,instock,yes,*Non Cancellable/Non Returnable (NCNR)* ^IPAD AIR M3 11'' WIFI 512GB SPG,APPLE
MH7C4KN/A,0195950811162,696.71,2,instock,yes,IPAD AIR M4 11 WF & CL 128GB PUR,APPLE
MCNP4KN/A,0195949976476,657.96,18,instock,yes,^IPAD AIR M3 13'' WIFI 256GB BLU,APPLE
MH5P4KN/A,0195950798029,735.45,1,instock,yes,IPAD AIR M4 13 WIFI 128GB BLU,APPLE
MH5V4KN/A,0195950798944,812.95,1,instock,yes,IPAD AIR M4 13 WIFI 256GB BLU,APPLE
MYH13NF/A,0195949752094,696.71,5,instock,yes,*Non Cancellable/Non Returnable (NCNR)* IPAD MINI 7 WI-FI 512GB BLUE,APPLE
MYH23NF/A,0195949752322,696.71,1,instock,yes,*Non Cancellable/Non Returnable (NCNR)* IPAD MINI 7 WI-FI 512GB STRLT,APPLE
MYHD3NF/A,0195949757518,812.95,1,instock,yes,*Non Cancellable/Non Returnable (NCNR)* IPAD MINI 7 WIFI + CEL 512GB BLUE,APPLE
MYHF3NF/A,0195949757952,812.95,1,instock,yes,*Non Cancellable/Non Returnable (NCNR)* IPAD MINI 7 WIFI + CEL 512GB PURP,APPLE
MD5C4KN/A,0195950088748,564.96,20,instock,yes,*Non Cancellable/Non Returnable (NCNR)* IPAD 11TH GEN WIFI 512GB PNK,APPLE
MD7F4KN/A,0195950104585,448.71,337,instock,yes,IPAD 11TH GEN WF & CL 128GB SLV,APPLE
MD7J4KN/A,0195950105308,448.71,1,instock,yes,IPAD 11TH GEN WF & CL 128GB PNK,APPLE
MD7G4KN/A,0195950104820,448.71,177,instock,yes,IPAD 11TH GEN WF & CL 128GB BLU,APPLE
MD3Y4KN/A,0195950086218,332.47,481,instock,yes,IPAD 11TH GEN WIFI 128GB SLV,APPLE
MD4A4KN/A,0195950086447,332.47,138,instock,yes,IPAD 11TH GEN WIFI 128GB BLU,APPLE
MD4H4KN/A,0195950087369,409.96,12,instock,yes,IPAD 11TH GEN WIFI 256GB BLU,APPLE
MD7R4KN/A,0195950106985,681.21,1,instock,yes,*Non Cancellable/Non Returnable (NCNR)* IPAD 11TH GEN WF & CL 512GB YLW,APPLE
ME6A4KN/A,0195950402933,1936.67,1,instock,yes,*Non Cancellable/Non Returnable (NCNR)* IPAD PRO 11 M5 WF+5G 2TB SILVER,APPLE
ME6C4KN/A,0195950403176,2014.16,5,instock,yes,*Non Cancellable/Non Returnable (NCNR)* IPAD PRO 11 M5 WF+5G 2TB S BLACK NT,APPLE
MDWM4KN/A,0195950395839,1084.19,10,instock,yes,IPAD PRO 11 M5 WIFI 512GB S BLACK,APPLE
MDYL4KN/A,0195950398519,1316.68,1,instock,yes,IPAD PRO 13 M5 WIFI 512GB S BLACK,APPLE
ME8G4KN/A,0195950405217,1859.17,1,instock,yes,*Non Cancellable/Non Returnable (NCNR)* IPAD PRO 13 M5 WF+5G 1TB S BLACK NT,APPLE
MDYN4KN/A,0195950398953,1626.68,2,instock,yes,*Non Cancellable/Non Returnable (NCNR)* IPAD PRO 13 M5 WIFI 1TB S BLACK,APPLE
ME2W4KN/A,0195950402216,1626.68,1,instock,yes,*Non Cancellable/Non Returnable (NCNR)* IPAD PRO 11 M5 WF+5G 1TB S BLACK NT,APPLE
ME2X4KN/A,0195950402452,1626.68,1,instock,yes,*Non Cancellable/Non Returnable (NCNR)* IPAD PRO 11 M5 WF+5G 1TB SILVER NT,APPLE
MDWQ4KN/A,0195950396492,1394.19,2,instock,yes,*Non Cancellable/Non Returnable (NCNR)* IPAD PRO 11 M5 WIFI 1TB SILVER,APPLE
MDWW4KN/A,0195950397598,1859.17,1,instock,yes,*Non Cancellable/Non Returnable (NCNR)* IPAD PRO 11 M5 WIFI 2TB S BLACK NT,APPLE
MDYK4KN/A,0195950398298,1161.69,4,instock,yes,IPAD PRO 13 M5 WIFI 256GB SILVER,APPLE
MDYM4KN/A,0195950398731,1316.68,9,instock,yes,IPAD PRO 13 M5 WIFI 512GB SILVER,APPLE
ME8F4KN/A,0195950404975,1781.67,1,instock,yes,*Non Cancellable/Non Returnable (NCNR)* IPAD PRO 13 M5 WF+5G 1TB SILVER,APPLE
MG9E4ZM/A,0195950649338,72.6,8,instock,yes,*49MM TERRA COTTA AL -?MED - BT FIN,APPLE
MXLG3ZM/A,0195949657092,35.93,21,instock,yes,*APPLE WATCH 42 STONE GRAY SB S/M,APPLE
MXTQ3ZM/A,0195949707216,72.6,1,instock,yes,*APPLE WATCH 49 BLACK N TI TL S/M,APPLE
MGCW4ZM/A,0195950648645,35.93,7,instock,yes,*42MM VOLT SPLASH NIKE SPORT LOOP,APPLE
MGD84ZM/A,0195950636635,72.6,22,instock,yes,*42MM CARAMEL MAGNETIC LINK - S/M,APPLE
MT3H3ZM/A,0194254000000,35.93,1,instock,yes,*APPLE WATCH 45 STARLIGHT SB S/M,APPLE
MFH14ZM/A,0195950535525,35.93,1,instock,yes,*46MM PURPLE FOG SPORT BAND - M/L,APPLE
MTJ43ZM/A,0195949000000,72.6,6,instock,yes,*APPLE WATCH 41 PACIFIC BLUE MG M/L,APPLE
MUH83ZM/A,0195949000000,109.27,24,instock,yes,*APPLE WATCH 41 MULBERRY MB M,APPLE
MT613ZM/A,0194254000000,72.6,7,instock,yes,*APPLE WATCH 49 BLUE/BLACK TL S/M,APPLE
MGG74ZM/A,0195950651157,109.27,8,instock,yes,*42MM MIDNIGHT PURPLE MOD BUCKLE-MED,APPLE
MGDC4ZM/A,0195950636697,72.6,7,instock,yes,*42MM NAVY MAGNETIC LINK - M/L,APPLE
MHYT4ZM/A,0195951062198,35.93,3,instock,yes,*42MM BRIGHT GUAVA SPORT LOOP,APPLE
MT323ZM/A,0194254000000,35.93,8,instock,yes,*APPLE WATCH 41 RED SB M/L,APPLE
MFFC4ZM/A,0195950533187,35.93,5,instock,yes,42MM ANCHOR BLUE SPORT LOOP,APPLE
MFT54ZM/A,0195950574821,72.6,8,instock,yes,*49MM GRE/NEO T/LOOP?-?M/L - NT FIN,APPLE
MT5E3ZM/A,0194254000000,35.93,2,instock,yes,*APPLE WATCH 45 STARLIGHT SL,APPLE
MC2A4ZM/A,0195949834127,35.93,2,instock,yes,*APPLE WATCH 40 MIDNIGHT SKY NSB M/L,APPLE
MGC64ZM/A,0195950648133,35.93,8,instock,yes,*46MM ALPENGLOW PINK NIKE SB - S/M,APPLE
MG9P4ZM/A,0195950649604,72.6,8,instock,yes,*49MM GRE/NEO T/LOOP?-?M/L - BT FIN,APPLE
MT5T3ZM/A,0194254000000,72.6,4,instock,yes,*APPLE WATCH 49 OLIVE ALP S,APPLE
MGDG4ZM/A,0195950636758,72.6,21,instock,yes,*46MM CARAMEL MAGNETIC LINK - M/L,APPLE
MUV93ZM/A,0195949000000,35.93,23,instock,yes,*APPLE WATCH 45 BLUE FLAME NSB M/L,APPLE
MYPT3ZM/A,0195949774560,72.6,2,instock,yes,-APPLE WATCH 49 DARK GREEN B TI ALP,APPLE
MYQ53ZM/A,0195949774744,72.6,4,instock,yes,*APPLE WATCH 49 BLACK BLACK TI TL S/,APPLE
MT3W3ZM/A,0194254000000,35.93,10,instock,yes,*APPLE WATCH 45 RED SB S/M,APPLE
MXMT3ZM/A,0195949658624,72.6,1,instock,yes,*APPLE WATCH 46 SLATE ML M/L,APPLE
MYLD3ZM/A,0195949768330,35.93,1,instock,yes,*APPLE WATCH 46 CARGO KHAKI NSB S/M,APPLE
MU9R3ZM/A,0195949000000,35.93,6,instock,yes,*^APPLE WATCH 45 PRIDE EDITION SL,APPLE
MXLC3ZM/A,0195949656934,35.93,1,instock,yes,*APPLE WATCH 42 PLUM SB S/M,APPLE
MFFU4ZM/A,0195950534443,35.93,16,instock,yes,*40MM NEON YELLOW SPORT BAND - M/L,APPLE
MXWP3ZM/A,0195949715648,72.6,4,instock,yes,*APPLE WATCH 42 DARK TAUPE MG M/L,APPLE
MFT94ZM/A,0195950574944,72.6,4,instock,yes,*49MM BLACK/CHAR T/LOOP-M/L-NT FIN,APPLE
MHYM4ZM/A,0195951062044,35.93,1,instock,yes,*40MM BLUE MIST SPORT LOOP,APPLE
MGA94ZM/A,0195950647655,35.93,7,instock,yes,*42MM VOLT SPLASH NIKE SB - S/M,APPLE
MUQ23ZM/A,0195949000000,35.93,7,instock,yes,*APPLE WATCH 41 PRIDE EDITION SB M/L,APPLE
MAX94ZM/A,0195949831935,35.93,1,instock,yes,*APPLE WATCH 40 BLACK SB S/M,APPLE
MT2X3ZM/A,0194254000000,35.93,2,instock,yes,*APPLE WATCH 41 STORM BLUE SB M/L,APPLE
MXLR3ZM/A,0195949657450,35.93,4,instock,yes,*APPLE WATCH 46 LAKE GREEN SB M/L,APPLE
MFTK4ZM/A,0195950575217,72.6,8,instock,yes,*49MM LIGHT BLUE AL -?LGE - NT FIN,APPLE
MGDJ4ZM/A,0195950636932,72.6,4,instock,yes,*46MM NAVY MAGNETIC LINK - M/L,APPLE
MT403ZM/A,0194254000000,35.93,1,instock,yes,*APPLE WATCH 45 MULBERRY SB M/L,APPLE
MQEH3ZM/A,0194253420361,72.6,15,instock,yes,*^APPLE WATCH 49 YELLOW/BEIGE TL M/L,APPLE
MFGW4ZM/A,0195950535402,35.93,6,instock,yes,*46MM NEON YELLOW SPORT BAND - M/L,APPLE
MXLY3ZM/A,0195949657696,35.93,14,instock,yes,*APPLE WATCH 46 STONE GRAY SB M/L,APPLE
MXTJ3ZM/A,0195949707421,35.93,8,instock,yes,*APPLE WATCH 49 NAVY NATURAL TI OB X,APPLE
MAX54ZM/A,0195949831812,35.93,7,instock,yes,*APPLE WATCH 40 LAKE GREEN SB S/M,APPLE
MGJ34ZM/A,0195950659771,72.6,5,instock,yes,*46MM NATURAL MILANESE?LOOP - M/L,APPLE
MXKH3ZM/A,0195949656354,145.93,2,instock,yes,*APPLE WATCH 49 BLACK TML L,APPLE
MHYP4ZM/A,0195951062105,35.93,4,instock,yes,*40MM BRIGHT GUAVA SPORT LOOP,APPLE
MT3D3ZM/A,0194254000000,35.93,2,instock,yes,*APPLE WATCH 45 MIDNIGHT SB S/M,APPLE
MXY03ZM/A,0195949715884,72.6,1,instock,yes,*APPLE WATCH 46 BLACK MG M/L,APPLE
MXLN3ZM/A,0195949657337,35.93,24,instock,yes,APPLE WATCH 42 LIGHT BLUSH SB S/M,APPLE
MGCP4ZM/A,0195950648522,35.93,5,instock,yes,*40MM MIDNIGHT BLACK NIKE SPORT LOOP,APPLE
MGD14ZM/A,0195950648768,35.93,8,instock,yes,*42MM BLUE RIBBON NIKE SPORT LOOP,APPLE
MTJ83ZM/A,0195949000000,72.6,3,instock,yes,*APPLE WATCH 41 TAUPE MG M/L,APPLE
MFTD4ZM/A,0195950575033,72.6,3,instock,yes,*49MM TERRA COTTA AL -?LGE - NT FIN,APPLE
MG9M4ZM/A,0195950649543,72.6,7,instock,yes,*49MM LIGHT BLUE AL -?LGE - BT FIN,APPLE
MGG44ZM/A,0195950651065,109.27,8,instock,yes,*42MM CARAMEL MODERN BUCKLE - MEDIUM,APPLE
MFT84ZM/A,0195950574913,72.6,7,instock,yes,*49MM BLACK/CHAR T/LOOP-S/M-NT FIN,APPLE
MHY74ZM/A,0195951061658,35.93,8,instock,yes,*40MM CLEMENTINE SPORT BAND - M/L,APPLE
MYJ93ZM/A,0195949763236,35.93,4,instock,yes,*APPLE WATCH 40 LAKE GREEN SL,APPLE
MXMF3ZM/A,0195949658181,219.26,4,instock,yes,*APPLE WATCH 46 NATURAL LINK BRACELE,APPLE
MG9T4ZM/A,0195950649697,72.6,8,instock,yes,*49MM BLACK/CHAR T/LOOP-S/M-BT FIN,APPLE
MYQ63ZM/A,0195949774768,72.6,2,instock,yes,*APPLE WATCH 49 BLACK BLACK TI TL M/,APPLE
MT573ZM/A,0194254000000,35.93,4,instock,yes,*APPLE WATCH 41 CYPRESS SL,APPLE
MFTC4ZM/A,0195950575002,72.6,7,instock,yes,*49MM TERRA COTTA AL -?MED - NT FIN,APPLE
MHY64ZM/A,0195951061627,35.93,8,instock,yes,*40MM CLEMENTINE SPORT BAND - S/M,APPLE
MAXG4ZM/A,0195949832086,35.93,1,instock,yes,*APPLE WATCH 40 STONE GRAY SB M/L,APPLE
MT413ZM/A,0194254000000,35.93,2,instock,yes,*APPLE WATCH 45 WINTER BLUE SB S/M,APPLE
MAXA4ZM/A,0195949831966,35.93,10,instock,yes,*APPLE WATCH 40 BLACK SB M/L,APPLE
MYL93ZM/A,0195949768279,35.93,1,instock,yes,*APPLE WATCH 46 DESERT STONE NSB M/L,APPLE
MGD04ZM/A,0195950648737,35.93,3,instock,yes,*42MM ALPENGLOW PINK NIKE SPORT LOOP,APPLE
MXMM3ZM/A,0195949658426,72.6,1,instock,yes,*APPLE WATCH 42 NATURAL ML,APPLE
MXL53ZM/A,0195949656699,35.93,3,instock,yes,*APPLE WATCH 46 BLUE CLOUD SL,APPLE
MYLE3ZM/A,0195949768354,35.93,1,instock,yes,*APPLE WATCH 46 CARGO KHAKI NSB M/L,APPLE
MT5Q3ZM/A,0194254000000,72.6,12,instock,yes,*APPLE WATCH 49 INDIGO ALP M,APPLE
MHY24ZM/A,0195951061504,35.93,7,instock,yes,*40MM SOFT PINK SPORT BAND - S/M,APPLE
MXMW3ZM/A,0195949658983,72.6,1,instock,yes,*APPLE WATCH 49 DARK GREEN N TI ALP,APPLE
MYLG3ZM/A,0195949768392,35.93,2,instock,yes,*APPLE WATCH 46 MAGIC EMBER NSB M/L,APPLE
MGCX4ZM/A,0195950648676,35.93,4,instock,yes,*42MM MIDNIGHT BLACK NIKE SPORT LOOP,APPLE
MGD94ZM/A,0195950636666,72.6,84,instock,yes,*42MM CARAMEL MAGNETIC LINK - M/L,APPLE
MXLF3ZM/A,0195949657054,35.93,2,instock,yes,*APPLE WATCH 42 DENIM SB M/L,APPLE
MGHT4ZM/A,0195950659504,145.93,7,instock,yes,*49MM BT MILANESE LOOP - MEDIUM,APPLE
MT313ZM/A,0194254000000,35.93,39,instock,yes,*APPLE WATCH 41 RED SB S/M,APPLE
MXWQ3ZM/A,0195949715679,72.6,2,instock,yes,*APPLE WATCH 42 BLACK MG S/M,APPLE
MG9D4ZM/A,0195950649307,72.6,8,instock,yes,*46MM NEON YELLOW SPORT BAND - M/L,APPLE
MC7K4ZM/A,0195949881596,72.6,1,instock,yes,*APPLE WATCH 46 GOLD ML S/M,APPLE
MHY44ZM/A,0195951061566,35.93,8,instock,yes,*40MM BRIGHT GUAVA SPORT BAND - S/M,APPLE
MFTA4ZM/A,8806097807810,72.6,8,instock,yes,*49MM TERRA COTTA AL -SML - NT FIN,SAMSUNG
MPL93ZM/A,0194253313229,35.93,3,instock,yes,*^APPLE WATCH 41 STORM BLUE SL,APPLE
MXKF3ZM/A,0195949656279,145.93,2,instock,yes,*APPLE WATCH 49 BLACK TML S,APPLE
MGHX4ZM/A,0195950659627,72.6,8,instock,yes,*40MM SLATE MILANESE?LOOP,APPLE
MT3X3ZM/A,0194254000000,35.93,4,instock,yes,*APPLE WATCH 45 RED SB M/L,APPLE
MT493ZM/A,0194254000000,35.93,2,instock,yes,*APPLE WATCH 45 CLAY SB M/L,APPLE
MG9U4ZM/A,0195950649727,72.6,8,instock,yes,*49MM BLACK/CHAR T/LOOP-M/L-BT FIN,APPLE
MGGC4ZM/A,0195950651270,109.27,8,instock,yes,*42MM SAGE GRAY MODERN BUCKLE - LGE,APPLE
MGA64ZM/A,0195950647563,35.93,8,instock,yes,*40MM ALPENGLOW PINK NIKE SB - M/L,APPLE
MFF94ZM/A,0195950533125,35.93,11,instock,yes,*40MM NEON YELLOW SPORT LOOP,APPLE
MHYJ4ZM/A,0195951061955,35.93,8,instock,yes,*46MM BRIGHT GUAVA SPORT BAND - M/L,APPLE
MU9C3ZM/A,0195949000000,219.26,5,instock,yes,*APPLE WATCH42 SPC BLK LINK BRACELET,APPLE
MFTH4ZM/A,0195950575156,72.6,8,instock,yes,*49MM LIGHT BLUE AL -?SML - NT FIN,APPLE
MXM63ZM/A,0195949657856,35.93,12,instock,yes,*APPLE WATCH 46 STARLIGHT SB S/M,APPLE
MP853ZM/A,0194253286844,72.6,21,instock,yes,*^APPLE WATCH 45 UMBER LL S/M,APPLE
MYJP3ZM/A,0195949767975,35.93,2,instock,yes,*APPLE WATCH 42 MIDNIGHT SKY NSB S/M,APPLE
MFTF4ZM/A,0195950575095,72.6,5,instock,yes,*49MM BLACK AL -?MED - NT FIN,APPLE
MG9K4ZM/A,0195950649482,72.6,7,instock,yes,*49MM LIGHT BLUE AL -?SML - BT FIN,APPLE
MG9W4ZM/A,0195950647389,35.93,8,instock,yes,*40MM VOLT SPLASH NIKE SB - M/L,APPLE
MYJ83ZM/A,0195949763205,35.93,5,instock,yes,*APPLE WATCH 40 BLUE CLOUD SL,APPLE
MGCE4ZM/A,0195950648287,35.93,8,instock,yes,*49MM ANCHOR?BLUE OBAND EX-NT FINISH,APPLE
MXWX3ZM/A,0195949715822,72.6,2,instock,yes,*APPLE WATCH 46 DARK TAUPE MG M/L,APPLE
MYL63ZM/A,0195949768217,35.93,1,instock,yes,*APPLE WATCH 46 MIDNIGHT SKY NSB S/M,APPLE
MGCQ4ZM/A,0195950648553,35.93,8,instock,yes,*40MM VEILED GREY NIKE SPORT LOOP,APPLE
MGD24ZM/A,0195950648799,35.93,8,instock,yes,*46MM VOLT SPLASH NIKE SPORT LOOP,APPLE
MHY94ZM/A,0195951061719,35.93,8,instock,yes,*42MM SOFT PINK SPORT BAND - M/L,APPLE
MGCG4ZM/A,0195950648348,35.93,8,instock,yes,*49MM NEON GREEN OBAND EX - NT FIN,APPLE
MXLK3ZM/A,0195949657214,35.93,18,instock,yes,*APPLE WATCH 42 BLACK SB M/L,APPLE
MXLW3ZM/A,0195949657610,35.93,8,instock,yes,*APPLE WATCH 46 DENIM SB M/L,APPLE
MXM83ZM/A,0195949657931,35.93,2,instock,yes,*APPLE WATCH 46 LIGHT BLUSH SB S/M,APPLE
MHYE4ZM/A,0195951061832,35.93,8,instock,yes,*42MM CLEMENTINE SPORT BAND - M/L,APPLE
MYP93ZM/A,0195949774423,35.93,4,instock,yes,*APPLE WATCH 49 ICE BLUE B TI OB XL,APPLE
MHYQ4ZM/A,0195951062136,35.93,4,instock,yes,*42MM BLUE MIST SPORT LOOP,APPLE
MGD44ZM/A,0195950648850,35.93,7,instock,yes,*46MM VEILED GREY NIKE SPORT LOOP,APPLE
MXWL3ZM/A,0195949715587,72.6,1,instock,yes,*APPLE WATCH 42 BLACKBERRY MG M/L,APPLE
MHYL4ZM/A,0195951062013,35.93,8,instock,yes,*46MM CLEMENTINE SPORT BAND - M/L,APPLE
MTJ63ZM/A,0195949000000,72.6,5,instock,yes,*APPLE WATCH 41 EVERGREEN MG M/L,APPLE
MGA44ZM/A,0195950647532,35.93,3,instock,yes,*40MM ALPENGLOW PINK NIKE SB - S/M,APPLE
MXLD3ZM/A,0195949656972,35.93,3,instock,yes,*APPLE WATCH 42 PLUM SB M/L,APPLE
MGDL4ZM/A,0195950636963,72.6,8,instock,yes,*46MM SAGE GRAY MAGNETIC LINK - M/L,APPLE
MXTG3ZM/A,0195949707360,35.93,4,instock,yes,*APPLE WATCH 49 ICE BLUE N TI OB XL,APPLE
MGXU4ZM/A,0195950708868,35.93,8,instock,yes,*41MM PRIDE EDITION SPORT LOOP,APPLE
MUVF3ZM/A,0195949000000,35.93,34,instock,yes,*APPLE WATCH 45 MAGIC EMBER NSB M/L,APPLE
MT443ZM/A,0194254000000,35.93,2,instock,yes,*APPLE WATCH 45 WINTER BLUE SB M/L,APPLE
MDT94ZM/A,0195950241914,35.93,2,instock,yes,APPLE WATCH 46 AQUAMARINE SB S/M,APPLE
MXMD3ZM/A,0195949658143,219.26,6,instock,yes,*APPLE WATCH 42 SLATE LINK BRACELET,APPLE
MFFG4ZM/A,0195950533309,35.93,1,instock,yes,42MM DARK GRAY SPORT LOOP,APPLE
MGCL4ZM/A,0195950648430,72.6,4,instock,yes,*49MM NEON GREEN OBAND - BT FINISH,APPLE
MXKW3ZM/A,0195949656415,35.93,1,instock,yes,*APPLE WATCH 42 INK SL,APPLE
MXL83ZM/A,0195949656811,35.93,18,instock,yes,*APPLE WATCH 46 LAKE GREEN SL,APPLE
MGC44ZM/A,0195950648072,35.93,2,instock,yes,46MM VEILED GREY NIKE SB - S/M,APPLE
MGG94ZM/A,0195950651218,109.27,4,instock,yes,*42MM SAGE GRAY MODERN BUCKLE - SM,APPLE
MFFA4ZM/A,0195950533156,35.93,2,instock,yes,40MM DARK GRAY SPORT LOOP,APPLE
MXKC3ZM/A,0195949656156,145.93,4,instock,yes,*APPLE WATCH 49 NATURAL TML S,APPLE
MYJ33ZM/A,0195949763328,35.93,3,instock,yes,*APPLE WATCH 40 STARLIGHT SB S/M,APPLE
MFFL4ZM/A,0195950533422,35.93,7,instock,yes,*46MM NEON YELLOW SPORT LOOP,APPLE
MR2Q3ZM/A,0194253743569,35.93,5,instock,yes,*^APPLE WATCH 41 SKY SP,APPLE
MGHU4ZM/A,0195950659535,145.93,5,instock,yes,49MM BT MILANESE LOOP - LARGE,APPLE
MXKY3ZM/A,0195949656491,35.93,11,instock,yes,*APPLE WATCH 42 PLUM SL,APPLE
MHYV4ZM/A,0195951062259,35.93,5,instock,yes,*46MM CANTALOUPE SPORT LOOP,APPLE
MXMK3ZM/A,0195949658341,219.26,3,instock,yes,*APPLE WATCH 46 SLATE LINK BRACELET,APPLE
MXLT3ZM/A,0195949657498,35.93,3,instock,yes,*APPLE WATCH 46 PLUM SB S/M,APPLE
MXM53ZM/A,0195949657818,35.93,19,instock,yes,*APPLE WATCH 46 BLACK SB XL,APPLE
MPJ23ZM/A,0194253295297,35.93,3,instock,yes,*^APPLE WATCH 45 SEQ/PURE PLAT NL,APPLE
MG9G4ZM/A,0195950649390,72.6,7,instock,yes,*49MM BLACK AL -?SML - BT FIN,APPLE
MGDE4ZM/A,0195950636727,72.6,8,instock,yes,*42MM SAGE GRAY MAGNETIC LINK - M/L,APPLE
MGCJ4ZM/A,0195950648379,72.6,2,instock,yes,49MM ANCHOR?BLUE OBAND - BT FINISH,APPLE
MGAQ4ZM/A,0195950647839,35.93,8,instock,yes,*42MM ALPENGLOW PINK NIKE SB - S/M,APPLE
MXWR3ZM/A,0195949715709,72.6,2,instock,yes,*APPLE WATCH 42 BLACK MG M/L,APPLE
MGA74ZM/A,0195950647594,35.93,8,instock,yes,*40MM BLUE RIBBON NIKE SB - S/M,APPLE
MAXF4ZM/A,0195949832055,35.93,8,instock,yes,*APPLE WATCH 40 STONE GRAY SB S/M,APPLE
MFFW4ZM/A,0195950534504,35.93,1,instock,yes,*40MM ANCHOR BLUE SPORT BAND - M/L,APPLE
MGCY4ZM/A,0195950648706,35.93,8,instock,yes,*42MM VEILED GREY NIKE SPORT LOOP,APPLE
MXLE3ZM/A,0195949657016,35.93,1,instock,yes,*APPLE WATCH 42 DENIM SB S/M,APPLE
MHYK4ZM/A,0195951061986,35.93,8,instock,yes,*46MM CLEMENTINE SPORT BAND - S/M,APPLE
MGDA4ZM/A,0195950636789,72.6,8,instock,yes,*42MM NAVY MAGNETIC LINK - S/M,APPLE
MYJM3ZM/A,0195949767937,35.93,2,instock,yes,*APPLE WATCH 42 PURE PLATINUM NSB S/,APPLE
MUHE3ZM/A,0195949000000,109.27,3,instock,yes,*APPLE WATCH 41 TAN MB S,APPLE
MC2C4ZM/A,0195949834158,35.93,2,instock,yes,*APPLE WATCH 40 DESERT STONE NSB S/M,APPLE
MG9Y4ZM/A,0195950647440,35.93,8,instock,yes,*40MM MIDNIGHT BLACK NIKE SB - M/L,APPLE
MGAF4ZM/A,0195950647747,35.93,8,instock,yes,*42MM MIDNIGHT BLACK NIKE SB - M/L,APPLE
MT5N3ZM/A,0194254000000,72.6,38,instock,yes,*APPLE WATCH 49 INDIGO ALP S,APPLE
MHY54ZM/A,0195951061597,35.93,8,instock,yes,*40MM BRIGHT GUAVA SPORT BAND - M/L,APPLE
MTJA3ZM/A,0195949000000,72.6,2,instock,yes,*APPLE WATCH 45 PACIFIC BLUE MG M/L,APPLE
MPGT3ZM/A,0194253275657,35.93,4,instock,yes,*^APPLE WATCH 41 O GREY/BK NS-,APPLE
MTL33ZM/A,0195949000000,35.93,3,instock,yes,*APPLE WATCH 41 SEQUOIA/ORANGE NSL,APPLE
MT5G3ZM/A,0194254000000,35.93,13,instock,yes,*APPLE WATCH 45 CYPRESS SL,APPLE
MGHQ4ZM/A,0195950659443,145.93,8,instock,yes,*49MM NT MILANESE LOOP - LARGE,APPLE
MGCN4ZM/A,0195950648492,35.93,7,instock,yes,*40MM VOLT SPLASH NIKE SPORT LOOP,APPLE
MT583ZM/A,0194254000000,35.93,5,instock,yes,*APPLE WATCH 41 WINTER BLUE SL,APPLE
MG9R4ZM/A,0195950649666,72.6,8,instock,yes,*49MM BLUE/BRI BLUE T/LOOP-M/L-BT,APPLE
MGA34ZM/A,0195950647501,35.93,8,instock,yes,*40MM VEILED GREY NIKE SB - M/L,APPLE
MHYG4ZM/A,0195951061894,35.93,8,instock,yes,*46MM SOFT PINK SPORT BAND - M/L,APPLE
MHY84ZM/A,0195951061689,35.93,6,instock,yes,*42MM SOFT PINK SPORT BAND - S/M,APPLE
MFF64ZM/A,0195950533033,35.93,1,instock,yes,40MM ANCHOR BLUE SPORT LOOP,APPLE
MXM93ZM/A,0195949657979,35.93,3,instock,yes,*APPLE WATCH 46 LIGHT BLUSH SB M/L,APPLE
MXWY3ZM/A,0195949715853,72.6,1,instock,yes,*APPLE WATCH 46 BLACK MG S/M,APPLE
MGA04ZM/A,0195950647471,35.93,7,instock,yes,*40MM VEILED GREY NIKE SB - S/M,APPLE
MTJ93ZM/A,0195949000000,72.6,3,instock,yes,*APPLE WATCH 45 PACIFIC BLUE MG S/M,APPLE
MU9P3ZM/A,0195949000000,35.93,6,instock,yes,*^APPLE WATCH 41 PRIDE EDITION SL,APPLE
MHYC4ZM/A,0195951061771,35.93,8,instock,yes,*42MM BRIGHT GUAVA SPORT BAND - M/L,APPLE
MT2V3ZM/A,0194254000000,35.93,1,instock,yes,*APPLE WATCH 41 STARLIGHT SB M/L,APPLE
MT373ZM/A,0194254000000,35.93,2,instock,yes,*APPLE WATCH 41 CLAY SB S/M,APPLE
MTJE3ZM/A,0195949000000,72.6,5,instock,yes,*APPLE WATCH 45 TAUPE MG S/M,APPLE
MTJD3ZM/A,0195949000000,72.6,3,instock,yes,*APPLE WATCH 45 EVERGREEN MG M/L,APPLE
MGHN4ZM/A,0195950659382,145.93,11,instock,yes,*49MM NT MILANESE LOOP - SMALL,APPLE
MFGV4ZM/A,0195950535372,35.93,5,instock,yes,*46MM NEON YELLOW SPORT BAND - S/M,APPLE
MYJQ3ZM/A,0195949767999,35.93,2,instock,yes,APPLE WATCH 42 MIDNIGHT SKY NSB M/L,APPLE
MGAU4ZM/A,0195950647860,35.93,1,instock,yes,42MM ALPENGLOW PINK NIKE SB - M/L,APPLE
MXTW3ZM/A,0195949707308,72.6,6,instock,yes,*APPLE WATCH 49 BLUE N TI TL M/L,APPLE
MT5J3ZM/A,0194254000000,72.6,27,instock,yes,*APPLE WATCH 49 BLUE ALP S,APPLE
MXKG3ZM/A,0195949656316,145.93,1,instock,yes,*APPLE WATCH 49 BLACK TML M,APPLE
MXN33ZM/A,0195949659225,72.6,3,instock,yes,*APPLE WATCH 49 TAN NATURAL TI ALP L,APPLE
MYPD3ZM/A,0195949774485,72.6,8,instock,yes,*APPLE WATCH 49 BLACK BLACK TI OB,APPLE
MGC04ZM/A,0195950647952,35.93,8,instock,yes,*46MM VOLT SPLASH NIKE SB - S/M,APPLE
MT5V3ZM/A,0194254000000,72.6,4,instock,yes,*APPLE WATCH 49 OLIVE ALP L,APPLE
MUQ43ZM/A,0195949000000,35.93,32,instock,yes,*APPLE WATCH 45 PRIDE EDITION SB M/L,APPLE
MGDH4ZM/A,0195950636871,72.6,8,instock,yes,*46MM NAVY MAGNETIC LINK - S/M,APPLE
MHYN4ZM/A,0195951062075,35.93,3,instock,yes,*40MM CANTALOUPE SPORT LOOP,APPLE
MYPC3ZM/A,0195949774461,35.93,4,instock,yes,*APPLE WATCH 49 NAVY BLACK TI OB XL,APPLE
MG9N4ZM/A,0195950649574,72.6,8,instock,yes,*49MM GRE/NEO T/LOOP?-?S/M - BT FIN,APPLE
MFT74ZM/A,0195950574883,72.6,3,instock,yes,49MM BLUE/BRI BLUE T/LOOP-M/L-NT FIN,APPLE
MFFD4ZM/A,0195950533217,35.93,14,instock,yes,*42MM FOREST SPORT LOOP,APPLE
MGD64ZM/A,0195950648911,35.93,8,instock,yes,*46MM BLUE RIBBON NIKE SPORT LOOP,APPLE
MXWU3ZM/A,0195949715761,72.6,1,instock,yes,*APPLE WATCH 46 BLACKBERRY MG M/L,APPLE
MFGC4ZM/A,0195950534894,35.93,12,instock,yes,*42MM NEON YELLOW SPORT BAND - S/M,APPLE
MGC14ZM/A,0195950647983,35.93,8,instock,yes,*46MM VOLT SPLASH NIKE SB - M/L,APPLE
MR2U3ZM/A,0194253743682,35.93,19,instock,yes,*^APPLE WATCH 45 SKY SP,APPLE
MGG54ZM/A,0195950651096,109.27,8,instock,yes,*42MM CARAMEL MODERN BUCKLE - LARGE,APPLE
MGGA4ZM/A,0195950651249,109.27,8,instock,yes,*42MM SAGE GRAY MODERN BUCKLE - MED,APPLE
MXMY3ZM/A,0195949659065,72.6,1,instock,yes,*APPLE WATCH 49 NAVY NATURAL TI ALP,APPLE
MT5U3ZM/A,0194254000000,72.6,10,instock,yes,*APPLE WATCH 49 OLIVE ALP M,APPLE
MGCC4ZM/A,0195950648256,72.6,2,instock,yes,49MM ANCHOR?BLUE OBAND - NT FINISH,APPLE
MT603ZM/A,0194254000000,72.6,1,instock,yes,*APPLE WATCH 49 GREEN/GRAY TL M/L,APPLE
MHYU4ZM/A,0195951062228,35.93,5,instock,yes,*46MM BLUE MIST SPORT LOOP,APPLE
MG9Q4ZM/A,0195950649635,72.6,8,instock,yes,*49MM BLUE/BRI BLUE T/LOOP-S/M-BT,APPLE
MUH73ZM/A,0195949000000,109.27,4,instock,yes,*APPLE WATCH 41 MULBERRY MB S,APPLE
MTJ33ZM/A,0195949000000,72.6,17,instock,yes,*APPLE WATCH 41 PACIFIC BLUE MG S/M,APPLE
MT5F3ZM/A,0194254000000,35.93,2,instock,yes,*APPLE WATCH 45 LIGHT PINK SL,APPLE
MXM43ZM/A,0195949657771,35.93,2,instock,yes,APPLE WATCH 46 BLACK SB M/L,APPLE
MGCK4ZM/A,0195950648409,35.93,8,instock,yes,*49MM ANCHOR?BLUE OBAND EX - BT FIN,APPLE
MGA84ZM/A,0195950647624,35.93,7,instock,yes,*40MM BLUE RIBBON NIKE SB - M/L,APPLE
MTL03ZM/A,0195949000000,35.93,3,instock,yes,*APPLE WATCH 41 BRIGHT GREEN/BLUE NS,APPLE
MXL03ZM/A,0195949656538,35.93,2,instock,yes,*APPLE WATCH 42 ULTRAMARINE SL,APPLE
MUUU3ZM/A,0195949000000,35.93,28,instock,yes,*APPLE WATCH 41 BLUE FLAME NSB M/L,APPLE
MXTR3ZM/A,0195949707247,72.6,1,instock,yes,*APPLE WATCH 49 BLACK N TI TL M/L,APPLE
MGCM4ZM/A,0195950648461,35.93,8,instock,yes,*49MM NEON GREEN OBAND EX - BT FIN,APPLE
MFFK4ZM/A,0195950533392,35.93,1,instock,yes,46MM PURPLE FOG SPORT LOOP,APPLE
MTJ53ZM/A,0195949000000,72.6,13,instock,yes,*APPLE WATCH 41 EVERGREEN MG S/M,APPLE
MFH04ZM/A,0195950535495,35.93,2,instock,yes,*46MM PURPLE FOG SPORT BAND - S/M,APPLE
MYPA3ZM/A,0195949774447,72.6,4,instock,yes,*APPLE WATCH 49 NAVY BLACK TI OB,APPLE
MFGD4ZM/A,0195950534924,35.93,16,instock,yes,*42MM NEON YELLOW SPORT BAND - M/L,APPLE
MHYW4ZM/A,0195951062280,35.93,5,instock,yes,*46MM BRIGHT GUAVA SPORT LOOP,APPLE
MDTA4ZM/A,0195950241945,35.93,13,instock,yes,*APPLE WATCH 46 AQUAMARINE SB M/L,APPLE
MHYH4ZM/A,0195951061924,35.93,8,instock,yes,*46MM BRIGHT GUAVA SPORT BAND - S/M,APPLE
MAXC4ZM/A,0195949831997,35.93,5,instock,yes,*APPLE WATCH 40 LIGHT BLUSH SB S/M,APPLE
MXLH3ZM/A,0195949657139,35.93,4,instock,yes,*APPLE WATCH 42 STONE GRAY SB M/L,APPLE
MC1V4ZM/A,0195949834035,35.93,2,instock,yes,*APPLE WATCH 40 PURE PLATINUM NSB S/,APPLE
MGCT4ZM/A,0195950648614,35.93,5,instock,yes,*40MM BLUE RIBBON NIKE SPORT LOOP,APPLE
MGD54ZM/A,0195950648881,35.93,6,instock,yes,*46MM ALPENGLOW PINK NIKE SPORT LOOP,APPLE
MT5H3ZM/A,0194254000000,35.93,7,instock,yes,*APPLE WATCH 45 WINTER BLUE SL,APPLE
MGHR4ZM/A,0195950659474,145.93,13,instock,yes,*49MM BT MILANESE LOOP - SMALL,APPLE
ML7L3ZM/A,0194252645550,72.6,5,instock,yes,*^APPLE WATCH 41 GOLD BROWN LL M/L,APPLE
MT3K3ZM/A,0194254000000,35.93,1,instock,yes,*APPLE WATCH 45 STARLIGHT SB M/L,APPLE
MXKX3ZM/A,0195949656453,35.93,3,instock,yes,APPLE WATCH 42 BLUE CLOUD SL,APPLE
MXL93ZM/A,0195949656859,35.93,8,instock,yes,*APPLE WATCH 42 LAKE GREEN SB S/M,APPLE
MT5M3ZM/A,0194254000000,72.6,3,instock,yes,*APPLE WATCH 49 BLUE ALP L,APPLE
MTJ73ZM/A,0195949000000,72.6,10,instock,yes,*APPLE WATCH 41 TAUPE MG S/M,APPLE
MYP83ZM/A,0195949774409,72.6,11,instock,yes,*APPLE WATCH 49 ICE BLUE BLACK TI OB,APPLE
MGG64ZM/A,0195950651126,109.27,8,instock,yes,*42MM MIDNIGHT PURPLE MOD BUCKLE-SML,APPLE
MFT64ZM/A,0195950574852,72.6,24,instock,yes,*49MM BLUE/BRI BLUE T/LOOP-S/M-NT FI,APPLE
MPLF3ZM/A,0194253313373,35.93,8,instock,yes,*^APPLE WATCH 45 RED SL,APPLE
MHYA4ZM/A,0195951061740,35.93,8,instock,yes,*42MM BRIGHT GUAVA SPORT BAND - S/M,APPLE
MXLL3ZM/A,0195949657252,35.93,1,instock,yes,*APPLE WATCH 42 STARLIGHT SB S/M,APPLE
MGXV4ZM/A,0195950708899,35.93,8,instock,yes,*45MM PRIDE EDITION SPORT LOOP,APPLE
MFTE4ZM/A,0195950575064,72.6,6,instock,yes,*49MM BLACK AL -SML - NT FIN,APPLE
MHYD4ZM/A,0195951061801,35.93,8,instock,yes,*42MM CLEMENTINE SPORT BAND - S/M,APPLE
MYQ83ZM/A,0195949774805,72.6,8,instock,yes,*APPLE WATCH 49 BLUE BLACK TI TL M/L,APPLE
MGDD4ZM/A,0195950636819,72.6,7,instock,yes,*42MM SAGE GRAY MAGNETIC LINK - S/M,APPLE
MGG34ZM/A,0195950651034,109.27,8,instock,yes,*42MM CARAMEL MODERN BUCKLE - SMALL,APPLE
MYL53ZM/A,0195949768194,35.93,1,instock,yes,*APPLE WATCH 46 PURE PLATINUM NSB M/,APPLE
MXN23ZM/A,0195949659188,72.6,1,instock,yes,*APPLE WATCH 49 TAN NATURAL TI ALP M,APPLE
MYLA3ZM/A,0195949768293,35.93,1,instock,yes,*APPLE WATCH 46 BLUE FLAME NSB S/M,APPLE
MGCR4ZM/A,0195950648584,35.93,8,instock,yes,*40MM ALPENGLOW PINK NIKE SPORT LOOP,APPLE
MC2E4ZM/A,0195949834219,35.93,1,instock,yes,*APPLE WATCH 40 BLUE FLAME NSB S/M,APPLE
MC1X4ZM/A,0195949834097,35.93,2,instock,yes,*APPLE WATCH 40 MIDNIGHT SKY NSB S/M,APPLE
MYPR3ZM/A,0195949774546,72.6,2,instock,yes,*APPLE WATCH 49 DARK GREEN B TI ALP,APPLE
MG9X4ZM/A,0195950647419,35.93,8,instock,yes,*40MM MIDNIGHT BLACK NIKE SB - S/M,APPLE
MT5W3ZM/A,0194254000000,72.6,5,instock,yes,*APPLE WATCH 49 ORANGE/BEIGE TL S/M,APPLE
MFFH4ZM/A,0195950533330,35.93,25,instock,yes,*46MM ANCHOR BLUE SPORT LOOP,APPLE
MGDK4ZM/A,0195950636901,72.6,8,instock,yes,*46MM SAGE GRAY MAGNETIC LINK - S/M,APPLE
MTJC3ZM/A,0195949000000,72.6,2,instock,yes,*APPLE WATCH 45 EVERGREEN MG S/M,APPLE
MFFT4ZM/A,0195950534412,35.93,10,instock,yes,*40MM NEON YELLOW SPORT BAND - S/M,APPLE
MXL73ZM/A,0195949656774,35.93,4,instock,yes,*APPLE WATCH 46 ULTRAMARINE SL,APPLE
MFTG4ZM/A,0195950575125,72.6,8,instock,yes,*49MM BLACK AL -?LGE - NT FIN,APPLE
MXN03ZM/A,0195949659102,72.6,1,instock,yes,*APPLE WATCH 49 NAVY NATURAL TI ALP,APPLE
MG9V4ZM/A,0195950647358,35.93,8,instock,yes,*40MM VOLT SPLASH NIKE SB - S/M,APPLE
MFFF4ZM/A,0195950533279,35.93,12,instock,yes,*42MM NEON YELLOW SPORT LOOP,APPLE
MG9J4ZM/A,0195950649451,72.6,1,instock,yes,49MM BLACK AL -LGE - BT FIN,APPLE
MT5Y3ZM/A,0194254000000,72.6,8,instock,yes,*APPLE WATCH 49 GREEN/GRAY TL S/M,APPLE
MUHF3ZM/A,0195949000000,109.27,4,instock,yes,*APPLE WATCH 41 TAN MB M,APPLE
MXMC3ZM/A,0195949658105,219.26,4,instock,yes,*APPLE WATCH 42 GOLD LINK BRACELET,APPLE
MAX74ZM/A,0195949831874,35.93,1,instock,yes,*APPLE WATCH 40 PLUM SB S/M,APPLE
MGJ14ZM/A,0195950659719,72.6,2,instock,yes,42MM SLATE MILANESE?LOOP,APPLE
MFGY4ZM/A,0195950535464,35.93,2,instock,yes,46MM ANCHOR BLUE SPORT BAND - M/L,APPLE
MXL23ZM/A,0195949656576,35.93,4,instock,yes,*APPLE WATCH 42 LAKE GREEN SL,APPLE
MXM73ZM/A,0195949657894,35.93,1,instock,yes,*APPLE WATCH 46 STARLIGHT SB M/L,APPLE
MHYR4ZM/A,0195951062167,35.93,5,instock,yes,*42MM CANTALOUPE SPORT LOOP,APPLE
MT2T3ZM/A,0194254000000,35.93,2,instock,yes,*APPLE WATCH 41 MIDNIGHT SB M/L,APPLE
MXTM3ZM/A,0195949707483,35.93,7,instock,yes,*APPLE WATCH 49 BLACK N TI OB XL,APPLE
MGDF4ZM/A,0195950636840,72.6,39,instock,yes,*46MM CARAMEL MAGNETIC LINK - S/M,APPLE
MXLJ3ZM/A,0195949657177,35.93,1,instock,yes,APPLE WATCH 42 BLACK SB S/M,APPLE
MHYF4ZM/A,0195951061863,35.93,8,instock,yes,*46MM SOFT PINK SPORT BAND - S/M,APPLE
MAXJ4ZM/A,0195949832147,35.93,1,instock,yes,*APPLE WATCH 40 ULTRAMARINE SL,APPLE
MYJ73ZM/A,0195949763175,35.93,2,instock,yes,*APPLE WATCH 40 INK SL,APPLE
MGHP4ZM/A,0195950659412,145.93,19,instock,yes,*49MM NT MILANESE LOOP - MEDIUM,APPLE
MUHA3ZM/A,0195949000000,109.27,14,instock,yes,*APPLE WATCH 41 LAVENDER BLUE MB S,APPLE
MFFY4ZM/A,0195950534566,35.93,1,instock,yes,*40MM PURPLE FOG SPORT BAND - M/L,APPLE
MGAA4ZM/A,0195950647686,35.93,8,instock,yes,*42MM VOLT SPLASH NIKE SB - M/L,APPLE
MXMV3ZM/A,0195949658945,72.6,4,instock,yes,*APPLEWATCH 49 DARK GREEN N TI ALP M,APPLE
MFT44ZM/A,0195950574791,72.6,8,instock,yes,*49MM GRE/NEO T/LOOP?-?S/M - NT FIN,APPLE
MGG84ZM/A,0195950651188,109.27,8,instock,yes,*42MM MIDNIGHT PURPLE MOD BUCKLE-LGE,APPLE
MGCF4ZM/A,0195950648317,72.6,4,instock,yes,*49MM NEON GREEN OBAND - NT FINISH,APPLE
MT5R3ZM/A,0194254000000,72.6,6,instock,yes,*APPLE WATCH 49 INDIGO ALP L,APPLE
MFFM4ZM/A,0195950533453,35.93,3,instock,yes,46MM DARK GRAY SPORT LOOP,APPLE
3N493Z/A,0195949778384,294.39,2,instock,yes,^WATCH 10 46 SI AL DN SB SM GPS DEMO,APPLE
3K789Z/A,0194253162100,257.73,23,instock,yes,^APPLE W SE GPS+CE 44MID AL CASE DEM,APPLE
3N653Z/A,0195949895975,548.29,1,instock,yes,^WATCH10 46 SLT TI SL ML SM CEL DEM,APPLE
3N487Z/A,0195949777127,273.8,1,instock,yes,^WATCH 10 42 JB AL BK SB SM GPS DEMO,APPLE
3J606ZM/A,0194252625613,42.09,1,instock,yes,45MM MIDNIGHT SPORT BAND REG DEMO,APPLE
3N490Z/A,0195949777752,273.8,11,instock,yes,^WATCH 10 42 RG AL LB SB SM GPS DEMO,APPLE
3N579Z/A,0195949812552,342.42,10,instock,yes,^WATCH 10 42 JB AL BK SB SM CEL DEMO,APPLE
3N495Z/A,0195949778803,294.39,1,instock,yes,^WATCH 10 46 SI AL BC SL GPS DEMO,APPLE
3N499Z/A,0195949779640,294.39,8,instock,yes,^WATCH 10 46 RG AL LB SB SM GPS DEMO,APPLE
3H260Z/A,0190199879225,309.28,1,instock,yes,APPLE WATCH S6 44 SIL AL GPS DEMO,APPLE
3N496Z/A,0195949779015,294.39,7,instock,yes,^WATCH 10 46 JB AL BK SB SM GPS DEMO,APPLE
3H321Z/A,0190199859159,395.19,4,instock,yes,APPLE WATCH S6 44 BLU AL CEL DEMO,APPLE
3N652Z/A,0195949895777,548.29,1,instock,yes,^WATCH10 46 NAT TI NT ML SM CEL DEM,APPLE
MWXG3QA/A,0195949562525,442.55,1,instock,yes,^APPLE WATCH10 42 SL TI BK SB SM CE,APPLE
MWWM3QA/A,0195949562266,276.3,1,instock,yes,^APPLEWATCH 10 46 SI AL DN SB ML GP,APPLE
MWYE3QA/A,0195949562679,482.14,1,instock,yes,^APPLE WATCH10 46 SL TI BK SB ML CE,APPLE
MX063QA/A,0195949562730,442.55,1,instock,yes,^APPLE WATCH10 42 GD TI ST SB SM CE,APPLE
MWWD3QA/A,0195949562181,252.55,26,instock,yes,*^APPLE WATCH 10 42 SI AL BC SL GPS,APPLE
MWWR3QA/A,0195949562303,276.3,8,instock,yes,*^APPLE WATCH 10 46 JB AL INK SL GPS,APPLE
MWWT3QA/A,0195949562310,276.3,13,instock,yes,*^APPLE WATCH10 46 RG AL LB SB SM GP,APPLE
MWX33QA/A,0195949562402,331.72,1,instock,yes,^APPLE WATCH10 42 SI AL DN SB SM CE,APPLE
MWXE3QA/A,0195949562501,442.55,1,instock,yes,^APPLE WATCH10 42 NT TI SG SB ML CE,APPLE
MWWH3QA/A,0195949562228,252.55,20,instock,yes,*^APPLE WATCH10 42 RG AL LB SB SM GP,APPLE
MWWU3QA/A,0195949562327,276.3,2,instock,yes,^APPLE WATCH10 46 RG AL LB SB ML GP,APPLE
MWY03QA/A,0195949562549,355.47,1,instock,yes,^APPLE WATCH 10 46 SI AL DN SB SM C,APPLE
MWXF3QA/A,0195949562518,482.14,1,instock,yes,^APPLE WATCH 10 42 NAT TI NAT ML CE,APPLE
MWWK3QA/A,0195949562242,252.55,19,instock,yes,^APPLE WATCH 10 42 RG AL PLUM SL GP,APPLE
MRJ83QA/A,0195949023453,474.27,2,instock,yes,*^WATCH S9 41 GP SS MI SB SM CEL,APPLE
MEPE4MP/A,0195950646726,252.55,2,instock,yes,*WATCH SE 3 CEL 44 STL ALU STL SB S/,APPLE
MEPH4MP/A,0195950646870,252.55,1,instock,yes,*WATCH SE 3 CEL 44 MDN ALU MDN SB S/,APPLE
MFD24MP/A,0195950629750,553.39,9,instock,yes,*WATCH S11 CEL 46SLT TI BLK SB M/L,APPLE
MFCW4MP/A,0195950629705,553.39,73,instock,yes,*WATCH S11 CEL 46NT CASE STG SB S/M,APPLE
MF8R4MP/A,0195950629644,513.8,10,instock,yes,*WATCH S11 CEL 42SLT TI BLK SB S/M,APPLE
MF854MP/A,0195950630893,371.3,14,instock,yes,*WATCH S11 CEL 42 JB ALU BLK SB M/L,APPLE
MEV04MP/A,0195950631906,315.88,7,instock,yes,WATCH S11 GPS 46 SG ALU BLK SB S/M,APPLE
MFC94MP/A,0195950630954,395.05,4,instock,yes,*WATCH S11 CEL 46 SG ALU BLK SB S/M,APPLE
MFCR4MP/A,0195950631029,395.05,1,instock,yes,*WATCH S11 CEL 46 SIL ALU PUR SB M/L,APPLE
MFD34MP/A,0195950629767,592.98,8,instock,yes,*WATCH S11 CEL 46SLT TI SLT MI LP SM,APPLE
MF8A4MP/A,0195950619607,371.3,5,instock,yes,*WATCH S11 CEL 42 SG ALU BLK SB S/M,APPLE
MEQW4MP/A,0195950631456,292.13,111,instock,yes,*WATCH S11 GPS 42 SG ALU BLK SB S/M,APPLE
MF8E4MP/A,0195950619355,371.3,1,instock,yes,*WATCH S11 CEL 42 RG ALU LBL SB S/M,APPLE
MF8Y4MP/A,0195950629699,553.39,5,instock,yes,WATCH S11 CEL 42 GT CASE GLD MI LP,APPLE
MEVA4MP/A,0195950632255,315.88,64,instock,yes,*WATCH S11 GPS 46 SIL ALU PUR SB M/L,APPLE
MF8M4MP/A,0195950629613,513.8,94,instock,yes,*WATCH S11 CEL 42NT CASE STG SB S/M,APPLE
MF8J4MP/A,0195950630916,371.3,2,instock,yes,*WATCH S11 CEL 42 SIL ALU PUR SB M/L,APPLE
MF834MP/A,0195950619508,371.3,5,instock,yes,WATCH S11 CEL 42 JB ALU BLK SB S/M,APPLE
MEU74MP/A,0195950631654,292.13,32,instock,yes,WATCH S11 GPS 42 SIL ALU PUR SB M/L,APPLE
MFD54MP/A,0195950629781,553.39,5,instock,yes,*WATCH S11 CEL 46GT CASE LBL SB S/M,APPLE
MF8U4MP/A,0195950629668,553.39,10,instock,yes,*WATCH S11 CEL 42 SLT TI SLT MI LP,APPLE
MEUX4MP/A,0195950631807,315.88,27,instock,yes,WATCH S11 GPS 46 JB ALU BLK SB M/L,APPLE
MEV94MP/A,0195950632200,315.88,12,instock,yes,WATCH S11 GPS 46 SIL ALU PUR SB S/M,APPLE
MEU64MP/A,0195950631609,292.13,62,instock,yes,WATCH S11 GPS 42 SIL ALU PUR SB S/M,APPLE
MFCY4MP/A,0195950629729,592.98,10,instock,yes,WATCH S11 CEL 46NT NAT MI LP S/M,APPLE
MEQT4MP/A,0195950631357,292.13,31,instock,yes,WATCH S11 GPS 42 JB ALU BLK SB S/M,APPLE
MFC24MP/A,0195950630923,395.05,1,instock,yes,*WATCH S11 CEL 46 JB ALU BLK SB S/M,APPLE
MEQX4MP/A,0195950619058,292.13,27,instock,yes,*WATCH S11 GPS 42 SG ALU BLK SB M/L,APPLE
MF8N4MP/A,0195950629620,513.8,53,instock,yes,*WATCH S11 CEL 42NT CASE STG SB M/L,APPLE
MFCA4MP/A,0195950630961,395.05,1,instock,yes,*WATCH S11 CEL 46 SG ALU BLK SB M/L,APPLE
MF8T4MP/A,0195950629651,513.8,82,instock,yes,*WATCH S11 CEL 42SLT TI BLK SB M/L,APPLE
MFD64MP/A,0195950629798,553.39,6,instock,yes,*WATCH S11 CEL 46GT CASE LBL SB M/L,APPLE
MFD44MP/A,0195950629774,592.98,5,instock,yes,*WATCH S11 CEL 46 SLT TI SLT MI LP M,APPLE
MFCP4MP/A,0195950631012,395.05,2,instock,yes,*WATCH S11 CEL 46 SIL ALU PUR SB S/M,APPLE
MFD14MP/A,0195950629743,553.39,107,instock,yes,*WATCH S11 CEL 46?SLT TI BLK SB S/M,APPLE
MFCX4MP/A,0195950629712,553.39,6,instock,yes,*WATCH S11 CEL 46NT CASE STG SB M/L,APPLE
MFCJ4MP/A,0195950630992,395.05,4,instock,yes,WATCH S11 CEL 46 RG ALU LBL SB M/L,APPLE
MF8C4MP/A,0195950619652,371.3,3,instock,yes,*WATCH S11 CEL 42 SG ALU BLK SB M/L,APPLE
MX5U3QA/A,0195949801198,592.98,1,instock,yes,^APPLE WATCH ULTRA2 49 BK TI BK TML,APPLE
MF0J4DH/A,0195950484212,592.98,3,instock,yes,WATCH ULTRA 3 49 BLK TI BLK OB,APPLE
MF1D4DH/A,0195950485578,592.98,13,instock,yes,WATCH ULTRA 3 49 BK TI BK/C T/LP S/M,APPLE
MEWK4DH/A,0195950481495,592.98,1,instock,yes,*WATCH ULTRA 3 49 NT LI BL ALP SML,APPLE
MEWW4DH/A,0195950483192,672.15,3,instock,yes,WATCH ULTRA 3 49 NT NT MI LP SML,APPLE
MEWY4DH/A,0195950483536,672.15,3,instock,yes,WATCH ULTRA 3 49 NT NT MI LP MED,APPLE
MF0X4DH/A,0195950485233,592.98,20,instock,yes,WATCH ULTRA 3 49 BK TI BK ALP LGE,APPLE
MEWU4DH/A,0195950482850,592.98,3,instock,yes,*WATCH ULTRA 3 49 NT BL/B BL T/LP ML,APPLE
MF0V4DH/A,0195950484892,592.98,1,instock,yes,*WATCH ULTRA 3 49 BK TI BK ALP MED,APPLE
MF1Q4DH/A,0195950486599,672.15,62,instock,yes,WATCH ULTRA 3 49 BK TI BK TI MI LP M,APPLE
MHWK4ZM/A,0195951039176,378.41,198,instock,yes,AIRPODS MAX 2 - MIDNIGHT,APPLE
MWW73ZM/A,0195949544446,378.41,24,instock,yes,^AIRPODS MAX (USB-C) - ORANGE,APPLE
MXP93ZM/A,0195949689673,128.16,429,instock,yes,AIRPODS 4 - WITH ACTIVE NOISE CANCEL,APPLE
MFHP4ZM/A,0195950543742,166.08,1387,instock,yes,AIRPODS PRO 3 (2025),APPLE
MXP63ZM/A,0195949688591,90.24,2519,instock,yes,AIRPODS 4,APPLE
MHWN4ZM/A,0195951039534,378.41,4,instock,yes,AIRPODS MAX 2 - ORANGE,APPLE
MWW53ZM/A,0195949544163,378.41,63,instock,yes,^AIRPODS MAX (USB-C) - STARLIGHT,APPLE
MHWL4ZM/A,0195951039299,378.41,258,instock,yes,AIRPODS MAX 2 - STARLIGHT,APPLE
MHWP4ZM/A,0195951039657,378.41,1,instock,yes,AIRPODS MAX 2 - PURPLE,APPLE
MWW63ZM/A,0195949544309,378.41,62,instock,yes,^AIRPODS MAX (USB-C) - BLUE,APPLE
MHWM4ZM/A,0195951039411,378.41,1,instock,yes,AIRPODS MAX 2 - BLUE,APPLE
MWW43ZM/A,0195949544026,378.41,244,instock,yes,^AIRPODS MAX (USB-C) - MIDNIGHT,APPLE
90YE00BP-B0QA00,4711636451697,34.19,55,instock,yes,ASUS ROG EQUALIZER WHITE,ASUS ACCESSORIES
90MP04J0-BKUA00,4711636166263,26.59,10,instock,yes,ASUS KEYBOARD WRIST REST,ASUS
90YE00BN-B0QA00,4711636451680,34.19,94,instock,yes,ASUS ROG EQUALIZER,ASUS ACCESSORIES
90MP04F0-BHUA00,4711636250085,36.46,3,instock,yes,ASUS ROG THRONE 2 CORE,ASUS
90DA0020-B09000,4711081206415,25.12,196,instock,yes,ASUS ROG HERCULX GPU HOLDER,ASUS
90DA0023-B09000,4711387604335,29.42,73,instock,yes,ASUS ROG HERCULX GPU HOLDER,ASUS
90RC01C0-B0EAY0,,5.27,27,instock,yes,ASUS ROG RG-05 THERMAL PASTE,ASUS
90DC00G0-B39010,4711081771838,70.67,83,instock,yes,ASUS PRIME AP201 CASE TG BLACK,ASUS
90DC0093-B19010,4711387696620,145.28,3,instock,yes,ASUS TUF GT502 HORIZON ARGB CASE,ASUS
90DC00K3-B19010,4711387701140,78.52,13,instock,yes,ASUS A23 PLUS ARGB CASE,ASUS
90DC00M0-B39020,4711387722275,78.52,18,instock,yes,PROART PA401 TG PWM BLACK CASE,ASUS ACCESSORIES
90DC00G3-B39010,4711081771920,70.67,8,instock,yes,ASUS PRIME AP201 CASE TG WHITE,ASUS
90DC00J0-B09040,4711636014281,204.17,7,instock,yes,ASUS PROART PA602 WALNUT METAL CASE,ASUS ACCESSORIES
90DC00S3-B19000,4711387849859,78.52,17,instock,yes,ASUS A32 PLUS ARGB DUAL-CHAMBER CASE,ASUS
90DC00R3-B19000,4711387808863,78.52,46,instock,yes,ASUS A31 PLUS ARGB CASE,ASUS
90DC00J0-B09000,4711387338490,188.46,25,instock,yes,ASUS PROART PA602 CASE,ASUS
90DC00M0-B39000,4711387654668,94.22,35,instock,yes,ASUS PROART PA401 WOOD TG CASE,ASUS
90DC00J0-B09020,4711387664469,196.31,3,instock,yes,ASUS PROART PA602 WOOD CASE,ASUS
90DC00M7-B39000,4711387838747,94.22,31,instock,yes,PA401/BEIGE/WOOD/MESH CASE,ASUS
90DC00H3-B19010,4711387406281,70.67,2,instock,yes,A21 PLUS ARGB WHITE,ASUS ACCESSORIES
90DC00R0-B19000,4711387808856,78.52,83,instock,yes,ASUS A31 PLUS ARGB CASE,ASUS
90DC00H0-B19010,4711387406274,70.67,5,instock,yes,ASUS A21 PLUS ARGB CASE,ASUS
90DC00W0-B39000,4711636061193,274.84,19,instock,yes,ROG STRIX HELIOS II CASE,ASUS
90DC0090-B19020,4711387696613,141.34,17,instock,yes,ASUS TUF GT502 HORIZON ARGB CASE,ASUS
90DC00K0-B19010,4711387701133,78.52,5,instock,yes,ASUS A23 PLUS ARGB CASE,ASUS
90DC00V3-B39000,4711636165150,74.6,10,instock,yes,PRIME AP303 - MESH (WHITE) CASE,ASUS
90DC00P3-B19000,4711636006613,86.37,24,instock,yes,ASUS PRIME AP202 ARGB CASE,ASUS
90DC00P0-B19000,4711636006521,86.37,47,instock,yes,ASUS PRIME AP202 ARGB CASE,ASUS
90DC00V0-B39000,4711636165051,74.6,57,instock,yes,PRIME AP303 - MESH CASE,ASUS
90DC00F0-B39020,4711387483749,376.93,11,instock,yes,ASUS ROG HYPERION GR701 BTF CASE,ASUS
90DC00G0-B39000,4711081771821,70.67,60,instock,yes,ASUS PRIME AP201 CASE BLACK,ASUS
90DC00W3-B39000,4711636061247,274.84,2,instock,yes,ROG STRIX HELIOS II WHITE,ASUS ACCESSORIES
90DC00F3-B39000,4711387173244,341.6,8,instock,yes,ASUS ROG HYPERION GR701 CASE,ASUS
90DC00F0-B39000,4711081982784,333.74,25,instock,yes,ASUS ROG HYPERION GR701 CASE,ASUS
90DC00G3-B39000,4711081771913,70.67,3,instock,yes,ASUS PRIME AP201 CASE WHITE,ASUS
90DC00J0-B09030,4711636014250,204.17,18,instock,yes,PROART PA602 WALNUT WOOD TG CASE,ASUS ACCESSORIES
90DC00M0-B39010,4711387654705,94.22,22,instock,yes,ASUS PROART PA401 WOOD CASE,ASUS
90DC00J0-B09010,4711387664421,196.31,36,instock,yes,ASUS PROART PA602 WOOD TG CASE,ASUS
90DC00S0-B19000,4711387849835,78.52,111,instock,yes,ASUS A32 PLUS ARGB DUAL-CHAMBER CASE,ASUS
90DC00I0-B19000,4711387478752,121.71,39,instock,yes,ASUS TUF GT302 ARGB CASE,ASUS
90DC0090-B19010,4711081800439,133.49,22,instock,yes,ASUS TUF GT502 PLUS CASE,ASUS
90DC00I3-B19000,4711387478790,129.57,10,instock,yes,ASUS TUF GT302 ARGB CASE,ASUS
90DC00V0-B39010,4711636165068,74.6,143,instock,yes,PRIME AP303 - TG CASE,ASUS
90DC00V3-B39010,4711636165167,74.6,12,instock,yes,PRIME AP303 - TG (WHITE) CASE,ASUS
90RC00N0-M0UAY0,4711387367629,218.03,1,instock,yes,ASUS PROART LC 420 COOLER,ASUS
90RC0102-B0EAY0,4711387861509,75.18,10,instock,yes,ASUS PRIME LC 360 360MM COOLER,ASUS
90RC00M1-M0UAY0,4711387267394,75.18,1,instock,yes,ASUS TUF GAMING LC II 360 COOLER,ASUS
90RC0111-B0EAY0,4711387624449,63.9,11,instock,yes,ASUS PRIME LC 240 240MM COOLER,ASUS
90RC0101-B0EAY0,4711387624524,75.18,23,instock,yes,ASUS PRIME LC 360 360MM COOLER,ASUS
90RC0131-M0EAY0,4711387715253,218.03,26,instock,yes,ASUS ROG RYUJIN III 360 EXT COOLER,ASUS
90RC01K0-M0EAY0,4711636235785,135.33,10,instock,yes,PROART LC 240 AIO COOLER,ASUS
90RC0132-M0EAY0,4711387789957,218.03,14,instock,yes,ASUS ROG RYUJIN III 360 EXT COOLER,ASUS
90RC0151-B0EAY0,4711387850657,270.67,101,instock,yes,ASUS ROG RYUO IV SLC 360 COOLER,ASUS
90RC0152-B0EAY0,4711636139687,270.67,10,instock,yes,ASUS ROG RYUO IV SLC 360 COOLER,ASUS
90RC0120-M0UAY0,4711387583616,169.17,1,instock,yes,ASUS PROART LC 360 COOLER,ASUS
90RC01A2-B0EAY0,4711387929117,109.02,3,instock,yes,ASUS TUF LC III 360 LCD COOLER,ASUS
90RC01M1-B0EAY0,4711636385961,150.36,15,instock,yes,ASUS ROG STRIX LC IV 360 ARGB LCD,ASUS ACCESSORIES
90RC00E2-M0UAY2,4711081544357,105.26,7,instock,yes,ROG STRIX LC2 240 ARGB WT,ASUS
90RC00W1-M0UAY0,4711387579671,157.88,4,instock,yes,ASUS ROG STRIX LC III 360 LCD COOLER,ASUS
90RC00W2-M0UAY0,4711387579695,157.88,24,instock,yes,ASUS ROG STRIX LC III 360 LCD COOLER,ASUS
90RC01N1-B0EAY0,4711636237895,270.67,10,instock,yes,ASUS ROG RYUO IV 360 ARGB,ASUS ACCESSORIES
90RC00U1-M0UAY0,4711387299166,67.66,19,instock,yes,ASUS TUF GAMING LC II 240 COOLER,ASUS
90RC01N2-B0EAY0,4711636250481,270.67,9,instock,yes,ASUS ROG RYUO IV 360 ARGB WHITE,ASUS
90RC00T0-M0UAY0,4711387414576,120.29,15,instock,yes,ROG STRIX LC III 360,ASUS ACCESSORIES
90RC00T1-M0UAY0,4711387414590,116.53,1,instock,yes,ASUS ROG STRIX LC III 360 COOLER,ASUS
90RC00T2-M0UAY0,4711387453155,116.53,20,instock,yes,ASUS ROG STRIX LC III 360 COOLER,ASUS
90RC01J1-B0EAY0,4711636159050,78.95,3,instock,yes,TUF GAMING LC3 ARGB 240MM BK,ASUS
90RC01J2-B0EAY0,4711636158961,78.95,11,instock,yes,TUF GAMING LC3 ARGB 240MM WT,ASUS
90RC00S1-M0UAY0,4711387414521,120.29,9,instock,yes,ASUS ROG STRIX LC III 240 COOLER,ASUS
90RC00S2-M0UAY0,4711387453117,120.29,11,instock,yes,ASUS ROG STRIX LC III 240 COOLER,ASUS
90RC01Q1-B0EAY0,,97.73,12,instock,yes,PRIME LC II 360 ARGB LCD,ASUS ACCESSORIES
90RC00K1-M0UAY0,4711387048177,161.65,6,instock,yes,ASUS ROG RYUJIN III 240 240MM COOLER,ASUS
90RC00J2-M0UAY0,4711081943099,127.81,19,instock,yes,ROG RYUO III 240 ARGB WHITE,ASUS ACCESSORIES
90RC00K2-M0UAY0,4711387189375,161.65,8,instock,yes,ASUS ROG RYUJIN III 240 240MM COOLER,ASUS
90RC01S1-B0EAY0,4711636352611,150.36,27,instock,yes,ASUS ROG STRIX SLC IV 360 ARGB LCD,ASUS ACCESSORIES
90RC00J1-M0UAY0,4711081927617,127.81,6,instock,yes,ASUS ROG RYUO III 240 240MM COOLER,ASUS
90GC01D0-BGP000,4711387167915,82.69,40,instock,yes,ASUS ROG TESSEN PHONE CONTROLLER,ASUS
90GC0230-BGP000,0471163615020,150.36,176,instock,yes,GX501 ROG RAIKIRI II XBOX WL CONTROL,ASUS
90DA00I3-B09000,4711636044080,9.87,27,instock,yes,ASUS PRIME MR120 FAN,ASUS
90DA00I0-B09000,4711636043960,9.87,25,instock,yes,ASUS PRIME MR120 FAN,ASUS
90DA00I3-B09020,4711636044127,28.34,33,instock,yes,PRIME MR120 ARGB WHITE FAN 3PK,ASUS
90DA0090-B09020,4711387297353,35.5,19,instock,yes,ASUS TUF GAMING TR120 FANS 3PK,ASUS
90DA0093-B09000,4711387297438,14.19,21,instock,yes,ASUS TUF GAMING TR120 FAN SINGLE,ASUS
90DA00D0-B09020,4711387543436,35.5,39,instock,yes,ASUS TUF TR120 REVERSE FANS 3PK,ASUS
90DA00D3-B09020,4711387543511,35.5,4,instock,yes,ASUS TUF TR120 REVERSE FANS 3PK,ASUS
90DA0033-B09030,4711081845447,31.96,5,instock,yes,ASUS TUF GAMING TF120 FANS 3PK,ASUS
90DA00D0-B09000,4711387543399,14.19,22,instock,yes,ASUS TUF GAMING TR120 REVERSE FAN,ASUS
90DA00D3-B09000,4711387543474,14.19,8,instock,yes,ASUS TUF GAMING TR120 REVERSE FAN,ASUS
90DA00L3-B09020,4711636046138,28.34,29,instock,yes,ASUS PRIME MR120 REVERSE FANS 3PK,ASUS
90DA00L3-B09000,4711636046084,9.87,29,instock,yes,ASUS PRIME MR120 REVERSE FAN,ASUS
90DA00M0-B09020,4711636264181,63.9,9,instock,yes,ASUS PROART PF120 FAN PWM BLK 3IN1,ASUS ACCESSORIES
90DA00M0-B09000,4711636264143,21.3,36,instock,yes,ASUS PROART PF120 FAN PWM BLACK,ASUS ACCESSORIES
90GC01P0-MSG070,4711387920190,355.04,6,instock,yes,ASUS DESTRIER CORE CHAIR,ASUS
90GC01S0-MSG010,4711636131834,497.07,11,instock,yes,ASUS ROG COURSER CHAIR,ASUS
90GC02B0-MSG010,4711636247252,426.06,13,instock,yes,ASUS ROG COURSER CORE CHAIR,ASUS
90GC01N0-MSG070,4711387509241,305.34,8,instock,yes,ROG CHARIOT X CORE,ASUS
90GC01P0-MSG020,4711387618615,355.04,4,instock,yes,ASUS DESTRIER CORE CHAIR,ASUS
P90YH044BBHUA00,4711387671832,23.47,100,instock,yes,ASUS TUF H1 GEN II HEADSET,ASUS
90YH0450-BTUA00,4711636232746,139.1,35,instock,yes,ASUS ROG CETRA OPEN WL HEADPHONES,ASUS
90YH03JC-B1UA00,4711081565451,67.66,3,instock,yes,ASUS ROG DELTA S CORE GAMING HEADSET,ASUS
90YH044B-BHUA00,4711387671832,41.35,46,instock,yes,ASUS TUF H1 GEN II HEADSET,ASUS
90YH03Y0-BTUA00,4711387348123,131.57,74,instock,yes,ASUS ROG CETRA SPEEDNOVA,ASUS
90YH03Y0-BTUA10,4711387348154,131.57,17,instock,yes,ASUS ROG CETRA SPEEDNOVA MOONLIGHT,ASUS
90YH0391-B3UA00,4711081173960,52.62,21,instock,yes,ASUS TUF GAMING H1 WIRELESS HEADSET,ASUS
90YH03W0-BHUA00,4711387604847,165.4,93,instock,yes,ASUS ROG DELTA II TRI-MODE HEADSET,ASUS
90YH03W0-BHUA10,4711387907368,165.4,20,instock,yes,ASUS ROG DELTA II HEADSET WHT,ASUS
90YH0410-BHUA10,4711636069724,93.98,44,instock,yes,ROG PELTA (WHITE) HEADSET,ASUS
90YH0410-BHUA00,4711387751794,93.98,54,instock,yes,ASUS ROG PELTA TRI-MODE RGB HEADSET,ASUS
90YH0470-BHUA00,4711636258043,214.28,153,instock,yes,ASUS ROG KITHARA,ASUS
90YH04C0-BHUA10,4711636291057,221.8,52,instock,yes,ASUS ROG DELTA II-KJP WL HEADSET,ASUS
TUFMEMBRANE,,63.89,221,instock,yes,ASUS TUF GAMING BUNDLE,ASUS ACCESSORIES
90MP0316-BKEA01,4711081875932,203.0,39,instock,yes,ROG AZOTH NX RED SWITCH,ASUS
90MP04IF-BKEA03,4711636325783,101.5,18,instock,yes,ROG STRIX MORPH 96 WL - NX SNOW KB,ASUS ACCESSORIES
90MP043H-BKEA20,4711636056014,251.87,52,instock,yes,ASUS ROG FALCATA 75% SPLIT KB,ASUS
90MP044F-BKEA30,4711387900246,206.77,28,instock,yes,ROG AZOTH X GAMING KEYBOARD,ASUS
TUFMECHANICAL,,93.97,3,instock,yes,ASUS TUF GAMING BUNDLE M4 K3 GEN 2,ASUS ACCESSORIES
90MP047H-BKEA20,4711636251051,161.65,24,instock,yes,ASUS ROG FALCHION ACE 75 HE,ASUS
ROGFULLSIZE,,154.12,62,instock,yes,ASUS ROG BUN STRIX SCOPE 2 IMPACT 3,ASUS ACCESSORIES
90MP03EC-BKEA10,4711387334249,127.81,99,instock,yes,ASUS ROG FALCHION RX LP 65% KB,ASUS
90MP03VE-BKEA20,4711387335819,142.85,52,instock,yes,ASUS ROG FALCHION ACE HFX 65% KB,ASUS
90MP04KE-BKUA20,4711636189576,150.36,11,instock,yes,ROG FALCHION ACE HFX ZYWOO US,ASUS
90MP037A-BKEA30,4711387487082,127.81,93,instock,yes,ASUS ROG STRIX SCOPE II 96 KB,ASUS
90MP0390-BKEA01,4711387335819,56.38,3,instock,yes,ASUS TUF K3 GEN II KB,ASUS
ROGCOMPACT,,180.44,101,instock,yes,ROG BUN STRIX SCOPE 2 96 IMPACT 3,ASUS ACCESSORIES
90MP037A-BKEA01,4711387140437,127.81,167,instock,yes,ROG STRIX SCOPE II 96 WIRELESS KEYBO,ASUS
90MP040H-BKEA20,4711636009133,263.17,27,instock,yes,M901 ROG AZOTH 96 HE,ASUS ACCESSORIES
90MP03XF-BKEA20,4711387899519,101.5,62,instock,yes,ASUS ROG STRIX SCOPE II X RGB KB,ASUS
90MP031A-BKEA01,4711387253618,203.0,10,instock,yes,ROG AZOTH KEYBOARD NX SNOW,ASUS
90MP03MA-BKEA01,4711387599754,360.89,52,instock,yes,ROG AZOTH EXTREME - NX SNOW KEYBOARD,ASUS
90MP01X0-BKEA00,4718017625364,37.59,221,instock,yes,ASUS TUF GAMING K1 KEYBOARD,ASUS
90MP031A-BKEA11,4711387209448,203.0,61,instock,yes,ROG AZOTH (WHITE) - NX SNOW KEYBOARD,ASUS
90MP047H-BKUA60,4711636365802,161.65,12,instock,yes,ROG FALCHION ACE 75 HE - HFX V2 US,ASUS ACCESSORIES
90YH03Z0-BAUA00,4711387377024,127.81,4,instock,yes,ASUS ROG CARNYX USB MICROPHONE,ASUS
90MP02W0-BMUA10,4711387136560,75.18,86,instock,yes,ASUS ROG HARPE ACE AIM LAB MOUSE,ASUS
90MP02V0-BMUA10,4711081762386,75.18,74,instock,yes,ASUS ROG KERIS AIMPOINT MOUSE,ASUS
90MP02Y0-BMUA11,4711081757764,90.21,39,instock,yes,ASUS ROG GLADIUS III AIMPOINT MOUSE,ASUS
90MP04A0-BMUA10,4711387951262,93.98,36,instock,yes,ASUS ROG KERIS II ORIGIN MOUSE,ASUS
90MP03N0-BMUA10,4711387394618,109.02,14,instock,yes,ASUS ROG KERIS II ACE MOUSE,ASUS
90MP0300-BMUA00,4711081810346,33.83,123,instock,yes,ROG STRIX IMPACT III,ASUS
90MP03Z0-BMUA10,4711387614082,97.73,20,instock,yes,ASUS ROG HARPE ACE MINI MOUSE WHT,ASUS
90MP0490-BMUA00,4711387986639,112.78,48,instock,yes,ASUS ROG HARPE II ACE GAMING MOUSE,ASUS
90MP0490-BMUA20,4711636236430,112.78,31,instock,yes,ASUS ROG HARPE II ACE/RED MOUSE,ASUS
90MP03D0-BMUA10,4711387635704,52.62,24,instock,yes,ASUS ROG STRIX IMPACT III MOUSE,ASUS
90MP0320-BMUA00,4711081909118,26.31,270,instock,yes,TUF GAMING M3 GEN II,ASUS
90MP02F0-BMUA00,4711081138372,37.59,25,instock,yes,ASUS TUF M4 MOUSE,ASUS
90MP02W0-BMUA00,4711081936428,75.18,92,instock,yes,ROG HARPE ACE AIM LAB EDITION,ASUS
90MP0220-BMUA00,4718017993371,105.26,158,instock,yes,ROG SPATHA X MOUSE,ASUS
90MP02Y0-BMUA01,4711081757726,90.21,39,instock,yes,ASUS ROG GLADIUS III AIMPOINT MOUSE,ASUS
90MP02V0-BMUA00,4711081762331,75.18,49,instock,yes,ROG KERIS WIRELESS AIMPOINT,ASUS
90MP04A0-BMUA00,4711387951224,93.98,22,instock,yes,ASUS ROG KERIS II ORIGIN MOUSE,ASUS
90MP03N0-BMUA00,4711387394571,109.02,44,instock,yes,ASUS ROG KERIS II ACE MOUSE,ASUS
90MP04L0-BMUA10,4711636286107,127.81,44,instock,yes,ASUS ROG KERIS II ORIGIN-KJP WL,ASUS
90MP0270-BMUA00,4718017966450,60.14,80,instock,yes,ASUS ROG GLADIUS III GAMING MOUSE,ASUS
90MP03Z0-BMUA00,4711387614044,97.73,57,instock,yes,ASUS ROG HARPE ACE MINI MOUSE BLK,ASUS
90MP0490-BMUA10,4711387986677,112.78,71,instock,yes,ASUS ROG HARPE II ACE GAMING MOUSE,ASUS
90MP03D0-BMUA00,4711387278161,52.62,101,instock,yes,ASUS ROG STRIX IMPACT III MOUSE,ASUS
90MP02K0-BMUA00,4711081335474,30.06,155,instock,yes,ASUS TUF M4 AIR MOUSE,ASUS
90MP0210-BPUA00,4718017832670,30.0,38,instock,yes,ASUS ROG SCABBARD II PAD,ASUS
90MP04N0-BPUA00,4711636276757,41.27,15,instock,yes,ASUS ROG SCABBARD II XXL-KJP PAD,ASUS ACCESSORIES
90MP00K1-B0UA00,4712900364170,21.76,59,instock,yes,ROG SHEATH GAMING PAD SMOOTH,ASUS
90MP0380-BPUA00,4711081951711,21.76,21,instock,yes,ASUS ROG HONE ACE AIM LAB PAD,ASUS
90MP02G0-BPUA00,4711081153955,7.49,85,instock,yes,ASUS TUF GAMING P1 DURABLE MOUSE PAD,ASUS
90MP00K3-B0UA00,4718017608749,21.76,57,instock,yes,ROG SHEATH BLK MOUSE PAD,ASUS
90MP03L0-BPUA10,4711387312551,84.17,14,instock,yes,ASUS ROG MOONSTONE ACE PAD,ASUS
90MP02H0-BPUA00,4711081249054,18.74,37,instock,yes,ASUS ROG SCABBARD II MEDIUM PAD,ASUS
90MP03L0-BPUA00,4711387312520,84.17,15,instock,yes,ROG MOONSTONE ACE,ASUS
90MP04B0-BPUA00,4711636028608,26.24,12,instock,yes,ROG SHEATH II - XXL MOUSE PAD,ASUS
90MP03G0-BPUA00,4711387206300,37.51,12,instock,yes,ASUS ROG HONE ACE XXL PAD,ASUS
90MP03H0-BPUA00,4711387244616,30.0,34,instock,yes,ASUS ROG SCABBARD II GRAY XXL PAD,ASUS
90RC00V0-M0UAY0,4711387494288,132.35,8,instock,yes,ASUS ROG RYUJIN III WB WATER BLOCK,ASUS
90YH0350-B2UA00,4711081122029,68.17,13,instock,yes,ASUS ROG EYE S USB FHD WEBCAM,ASUS
90MP01W0-BKEA01,4711081393658,151.5,7,instock,yes,ROG CLAYMORE WIRELESS RGB KEYBOARD,ASUS
90YE00W6-B0NA00,4711636451116,180.44,60,instock,yes,ROG STRIX 1200W PLATINUM ROG EQ,ASUS ACCESSORIES
90YE00D5-B0NA00,4711636170406,56.38,14,instock,yes,ASUS TUF GAMING 750B EVO PSU,ASUS ACCESSORIES
90YE00W4-B0NA00,4711387835517,165.4,24,instock,yes,ASUS ROG STRIX 1000W PLATINUM PSU,ASUS
90YE00D6-B0NA00,4711636170550,48.86,10,instock,yes,ASUS TUF GAMING 650B EVO PSU,ASUS ACCESSORIES
90YE00V3-B0NA00,4711387610596,255.63,11,instock,yes,1000W ROG-THOR-1000P3,ASUS
90YE00V7-B0NA00,4711636457729,300.74,24,instock,yes,ROG THOR 1200W PLAT 3 ROG EQ ,ASUS ACCESSORIES
90YE00V8-B0NA00,4711636457866,255.63,40,instock,yes,ROG THOR 1000W PLAT 3 ROG EQ ,ASUS ACCESSORIES
90YE00D1-B0NA00,4718017724159,52.62,5,instock,yes,ASUS TUF GAMING 650B PSU,ASUS ACCESSORIES
90YE00N0-B0NA00,4711081721574,244.35,12,instock,yes,1200W ROG LOKI SFX-L PLATINUM PSU,ASUS
90YE00N1-B0NA00,4711081721901,157.88,22,instock,yes,1000W ROG LOKI SFX-L PLATINUM PSU,ASUS
90YE00W0-B0NA00,4711387594247,180.44,251,instock,yes,ASUS ROG STRIX 1200W PLATINUM PSU,ASUS
90YE00W1-B0NA00,4711387594384,165.4,119,instock,yes,ASUS ROG STRIX 1000W PLATINUM PSU,ASUS
90YE00W2-B0NA00,4711387594520,120.29,65,instock,yes,ASUS ROG STRIX 850W PLATINUM PSU,ASUS
90YE00Y1-B0NA00,4711387635285,48.86,9,instock,yes,ASUS PRIME 650W BRONZE,ASUS ACCESSORIES
90YE00N3-B0NA00,4711081722557,150.36,24,instock,yes,ROG LOKI SFX-L 850W PLAT PSU,ASUS
90YE00N4-B0NA00,4711081722915,120.29,24,instock,yes,ASUS 750W ROG LOKI SFX-L PLAT PSU,ASUS
90YE00N2-B0NA00,4711081722229,157.88,8,instock,yes,ROG LOKI SFXL 850W PLATINUM WHITE ED,ASUS
90YE00Y3-B0NA00,4711636055147,56.38,6,instock,yes,ASUS PRIME 750W BRONZE WHITE,ASUS ACCESSORIES
90YE00Y0-B0NA00,4711387635124,52.62,22,instock,yes,ASUS PRIME 750W BRONZE PSU,ASUS
90YE00S0-B0NA00,4711081786252,150.36,27,instock,yes,ASUS 1200W TUF GAMING GOLD PSU,ASUS
90YE00U0-B0NA00,4711387192658,78.95,19,instock,yes,ASUS PRIME 850W GOLD GAMING PSU,ASUS
90YE00V2-B0NA00,4711387610442,300.74,47,instock,yes,ROG THOR 1200W PLATINUM III PSU,ASUS
90YE00SE-B0NA00,4711636490368,101.5,20,instock,yes,ASUS TUF GAMING 1000G EVO,ASUS ACCESSORIES
90YE00U2-B0NA00,4711636288194,78.95,16,instock,yes,ASUS PRIME 850G PSU,ASUS ACCESSORIES
90YE00U1-B0NA00,4711387192962,75.18,52,instock,yes,ASUS PRIME 750W GOLD GAMING PSU,ASUS
90YE00U3-B0NA00,4711636288354,75.18,17,instock,yes,ASUS PRIME 750G PSU,ASUS ACCESSORIES
90YE00S3-B0NA00,4711081786733,78.95,39,instock,yes,ASUS 750W TUF GAMING GOLD PSU,ASUS
90YE00SB-B0NA00,4711636287876,78.95,29,instock,yes,ASUS TUF GAMING 750G EVO PSU,ASUS ACCESSORIES
90YE00S5-B0NA00,4711387275993,105.26,29,instock,yes,ASUS 1000W TUF GAMING GOLD PSU,ASUS
90YE00S1-B0NA00,4711081786412,101.5,75,instock,yes,ASUS 1000W TUF GAMING GOLD PSU,ASUS
90YE00S2-B0NA00,4711081786573,86.46,48,instock,yes,ASUS 850W TUF GAMING GOLD PSU,ASUS
90YE00SA-B0NA00,4711636287715,86.46,36,instock,yes,ASUS TUF GAMING 850G EVO PSU,ASUS ACCESSORIES
90YE04A1-B0NC00,4711387870020,45.86,497,instock,yes,ASUS 750W ATS GOLD,ASUS ACCESSORIES
Z890PRORSWIWHT,4710483947469,150.51,3,instock,yes,Z890 PRO RS WIFI WHITE,ASROCK
Z890LIHTNINWIFI,4710483947513,177.31,1,instock,yes,Z890 LIGHTNING WIFI,ASROCK
B860MPROAWIFI,4711581490307,85.89,3,instock,yes,B860M PRO-A WIFI,ASROCK
H610M-H2M2D5,4710483943775,42.19,458,instock,yes,H610M-H2/M.2 D5,ASROCK
B860STLLNDWIFI,4711581490123,130.81,5,instock,yes,B860 STEEL LEGEND WIFI,ASROCK
B86MLIHTNINWIFI,4711581490208,122.15,5,instock,yes,B860M LIGHTNING WIFI,ASROCK
B86LVEMIXERWIFI,4711581490147,122.15,5,instock,yes,B860 LIVEMIXER WIFI,ASROCK
B850PRORS,4711581490161,98.51,5,instock,yes,B850 PRO RS,ASROCK
B650PRORS,4710483940750,96.15,4,instock,yes,B650 PRO RS,ASROCK
H610M-H2M2,4710483946929,38.61,24,instock,yes,H610M-H2/M.2,ASROCK
B860PRORSWIFI,4711581490239,102.44,3,instock,yes,B860 PRO RS WIFI,ASROCK
TPM-SPI,4711430523668,6.31,16,instock,yes,TPM-SPI,ASROCK
B86ILIHTNINWIFI,4711581490420,137.91,6,instock,yes,B860I LIGHTNING WIFI,ASROCK
B860PRO-A,4711581490246,82.74,7,instock,yes,B860 PRO-A,ASROCK
TRX50WS,4710483944529,401.89,2,instock,yes,TRX50 WS,ASROCK
VA259HGA,4711387740170,82.5,9,instock,yes,24.5 FRAMELESS MONITOR VA259HGA,ASUS
XG27ACMS,4711387924341,304.93,6,instock,yes,27 HDR ROG STRIX MONITOR FAST-IPS,ASUS
VG279QM5A,4711387942826,138.89,1,instock,yes,ASUS TUF GAMING VG279QM5A,ASUS
PA27USD,4711636229470,1411.34,4,instock,yes,ASUS PROART DISPLAY OLED PA27USD PRO,ASUS
VG279QE5A,4711387871508,101.21,10,instock,yes,ASUS TUF GAMING MONITOR 27IN,ASUS
MB169CK,4711387767535,87.72,44,instock,yes,ASUS ZENSCREEN MB169CK PORTABLE,ASUS
VA27AQ,4711387984871,85.53,6,instock,yes,ASUS VA27AQ EYE CARE MONITOR,ASUS
ALB01,,104.43,1,instock,yes,ROG AURA MONITOR LIGHT BAR,ASUS
VG279QML5A,4711387993149,150.38,2,instock,yes,ASUS TUF GAMING MONITOR 27IN,ASUS
XG32UCDS,4711387871409,578.53,5,instock,yes,32 ROG STRIX 4K UHD GAMING 3480X2160,ASUS
VG279QM5F,4711636464680,133.67,2,instock,yes,TUF  VG279QM5F  MONITOR 27INCH,ASUS
PA248CRV,4711081951490,231.83,1,instock,yes,ASUS PROART DISPLAY PA248CRV,ASUS
VG27VQ3B,4711387529997,133.67,3,instock,yes,ASUS TUF GAMING VG27VQ3B MONITOR,ASUS
XG27UCSR,4711636242929,273.83,2,instock,yes,ASUS ROG STRIX XG27UCS GEN2 XG27UCS,ASUS
MB27ACF,4711387782613,313.05,1,instock,yes,ASUS ZENSCREEN MB27ACF PORTABLE,ASUS
14009-00050600,,0.01,600,instock,yes,POWER CORD 2P,ASUS ACCESSORIES
XG27WCS,4711387400265,213.03,11,instock,yes,ASUS ROG STRIX XG27WCS USB MONITOR,ASUS
PA278CGRV,4711636229456,203.22,2,instock,yes,ASUS PRO ART 27 INCH PA278CGRV,ASUS
PA27JCV,4711387628973,544.07,21,instock,yes,ASUS PROART DISPLAY 5K MONITOR,ASUS
PA278CV,4718017910040,258.14,18,instock,yes,ASUS PROART DISPLAY PA278CV,ASUS
PA16USV,4711387406144,680.86,2,instock,yes,ASUS PROART DISPLAY PA16USV 15.6IN,ASUS
PA27UCDMR,4711636190770,901.5,6,instock,yes,ASUS PRO ART 27 INCH OLED PA27UCDMR,ASUS
XG27AQDMESZ,4711636529754,305.21,6,instock,yes,ROG STRIX XG27AQDMESZ MONITOR 27,ASUS
VG27AQ5F,4711636437400,132.6,4,instock,yes,TUF  VG27AQ5F  MONITOR 27INCH,ASUS
VG34VQL3A,4711387184592,287.18,5,instock,yes,TUF GAMING VG34VQL3A CURVED MONITOR,ASUS
XG34WCDMS,4711636454414,587.67,2,instock,yes,ASUS ROG STRIX OLED XG34WCDMS GAMING,ASUS
VG249QML5A,4711387993095,116.91,6,instock,yes,ASUS 24.5 TUF GAMING SERIES 5,ASUS
VY279HGR,4711387628928,77.68,12,instock,yes,ASUS VY279HGR GAMING MONITOR,ASUS
XG32WCS,4711387497159,222.82,10,instock,yes,ASUS ROG STRIX XG32WCS MONITOR,ASUS
VP229HF,4711387717424,57.44,196,instock,yes,ASUS VP229HF EYE CARE GAMING MONITOR,ASUS
XG34WCDG,4711387973332,571.97,4,instock,yes,ROG STRIX MONITOR QD-OLED,ASUS
PA32USD,4711636454513,1921.49,5,instock,yes,ASUS PROART OLED PA32USD PRO,ASUS
XG27ACSR-W,4711636555821,179.61,2,instock,yes,ROG STRIX XG27ACSR-W  MONITOR 27INCH,ASUS
XG248QSG,4711636073097,611.21,6,instock,yes,24.1 ROG STRIX GAMING TN 1920X1080,ASUS
MKT03,,5.22,8,instock,yes,MINI PC LIT,ASUS
PA248CNV,4711081782230,253.76,2,instock,yes,ASUS PROART DISPLAY PA248CNV,ASUS
PA247CV,4718017886864,179.68,6,instock,yes,ASUS PROART DISPLAY PA247CV,ASUS
PA279CRV,4711081951506,333.13,1,instock,yes,ASUS PROART DISPLAY PA279CRV,ASUS
PG27UCDM,4711387815236,721.59,6,instock,yes,SCAN EXCL ASUS 26.5 ROG SWIFT,ASUS
VA24DQFS,4711387564783,104.43,38,instock,yes,ASUS VA24DQFS BUSINESS MONITOR,ASUS
VG259QL5A,4711387942819,99.21,13,instock,yes,ASUS 24.5 TUF MONITOR VG259QL5A,ASUS
XG27UCGR,,298.67,50,instock,yes,ASUS ROG STRIX XG27UCG 27 INCH,ASUS
MB166CR,4711387387702,104.43,32,instock,yes,ASUS ZENSCREEN MB166CR PORTABLE,ASUS
VG249QM5A,4711387942802,101.21,11,instock,yes,23.8 TUF SERIES 5 MONITOR VG249QM5A,ASUS
VT169HE,4711387406090,157.69,4,instock,yes,ASUS 15.6 VT169HE TOUCH MONITOR,ASUS
XG27ACSR,4711636382458,172.3,4,instock,yes,ROG STRIX XG27ACSR  MONITOR 27,ASUS
VA279HG,4711387813270,83.54,8,instock,yes,ASUS 27 VA279HG MONITOR,ASUS
VA27DQFS,4711387564820,132.6,13,instock,yes,ASUS VA27DQFS BUSINESS MONITOR,ASUS
XG32UCWMG,4711636007191,710.1,83,instock,yes,32 ROG STRIX OLED 4K XG32UCWMG,ASUS
VY249HGR,4711387723456,76.23,10,instock,yes,ASUS VY249HGR EYE CARE GAMING 24 INC,ASUS
XG27ACDMS,,371.9,15,instock,yes,ASUS ROG STRIX OLED XG27ACDMS 27 INC,ASUS
XG27AQDMGR,,336.59,43,instock,yes,ASUS ROG OLED XG27AQDMG GEN2 27INCH,ASUS
XG259QNS,4711387454442,304.93,4,instock,yes,ASUS ROG STRIX XG259QNS MONITOR,ASUS
VZ249HG,4711636043304,82.5,90,instock,yes,ASUS VZ249HG 24 EYECARE GAMING MON,ASUS
PA278QGV,4711636032674,213.03,2,instock,yes,ASUS PROART DISPLAY PA278QV GEN2,ASUS
AAS01R,4711636275842,135.76,2,instock,yes,ROG ERGO MONITOR,ASUS
VY249HF,4711387224106,111.74,4,instock,yes,ASUS VY249HF EYE CARE MONITOR,ASUS
PA32UCX-PK,4718017693585,1287.59,10,instock,yes,ASUS PROART DISPLAY PA32UCX-PK,ASUS
XG27UCDMG,4711387815243,652.68,15,instock,yes,ROG STRIX OLED 27IN GAMING MONITOR,ASUS
VA24ECPSN,4711081844396,151.42,2,instock,yes,ASUS VA24ECPSN DOCKING MONITOR,ASUS
VG279Q3A,,182.75,1,instock,yes,ASUS TUF GAMING VG279Q3A MONITOR,ASUS
PA278QV,4718017603614,195.36,5,instock,yes,^ASUS PROART DISPLAY PA278QV,ASUS
VG328H1B,4718017625999,260.02,8,instock,yes,ASUS TUF GAMING VG328H1B,ASUS
XG27UCS,4711387447345,269.91,4,instock,yes,ASUS ROG STRIX XG27UCS MONITOR,ASUS
BE24ECSNK,4711081650669,231.83,12,instock,yes,ASUS BE24ECSNK VIDEO CONF MONITOR,ASUS
VG246H1A,4711081934462,116.96,1,instock,yes,ASUS TUF GAMING VG246H1A,ASUS
90YV0NS0-M0NB00,4711636296427,275.81,40,instock,yes,DUAL-RTX5060-O8G-EVO,ASUS
90YV0N90-M0NA00,4711636177139,283.69,19,instock,yes,RTX5060-O8G-LP-BRK,ASUS
90YV0GB2-M0NA10,4711081309925,251.38,245,instock,yes,DUAL-RTX3060-O12G-V2,ASUS
90YV0LF1-M0NA00,4711387994214,390.07,68,instock,yes,PRIME-RX9060XT-O16G,ASUS
90YV0MP5-M0NA00,4711636177337,350.67,24,instock,yes,DUAL-RTX5060TI-O8G-WHITE,ASUS
90YV0N15-M0NA00,4711636196963,287.63,72,instock,yes,DUAL-RTX5060-O8G-WHITE,ASUS
90YV0AT0-M0NA00,4712900743333,74.86,11,instock,yes,GT1030-SL-2G-BRK,ASUS
90YV0MP3-M0NA00,4711636014182,338.85,46,instock,yes,DUAL-RTX5060TI-8G,ASUS
90YV0AT2-M0NA00,4712900910223,74.86,59,instock,yes,GT1030-2G-BRK,ASUS
90YV0H20-M0NA00,4711081369417,63.04,57,instock,yes,GT730-4H-SL-2GD5,ASUS
90YV0N60-M0NA00,4711636126151,866.83,34,instock,yes,TUF-RTX5070TI-O16G-BTF-WHITE,ASUS
90YV0MF0-M0NA00,4711387861516,811.67,340,instock,yes,PRIME-RTX5070TI-O16G,ASUS
90YV0LX4-M0NA00,4711636552165,1071.72,394,instock,yes,PRIME-RTX5080-O16G-EVO,ASUS
90YV0L70-M0NA00,4711387829578,646.18,109,instock,yes,TUF-RX9070XT-O16G-GAMING,ASUS
90YV0MQ0-M0NA00,4711636204101,547.67,57,instock,yes,PRIME-RX9070-O16G-EVO,ASUS
90YV0ALA-M0NA00,4711387418680,46.49,150,instock,yes,GT710-SL-2GD5-BRK-EVO,ASUS
90YV0KQ0-M0NA00,4711387515259,208.82,20,instock,yes,RTX3050-O6G-LP-BRK,ASUS
90YV0LX0-M0NA00,4711387837788,1071.72,314,instock,yes,PRIME-RTX5080-O16G,ASUS
90YV0M90-M0NA00,4711387920633,890.46,24,instock,yes,ROG-STRIX-RTX5070TI-O16G-GAM,ASUS
90YV0M19-M0NA00,4711636046121,535.86,58,instock,yes,PRIME-RTX5070-O12G-WHITE,ASUS
90YV0MH2-M0NA00,4711387994054,480.69,39,instock,yes,PRIME-RTX5060TI-O16G,ASUS
90YV0MH6-M0NA00,4711636179973,468.87,24,instock,yes,DUAL-RTX5060TI-O16G-WHITE,ASUS
90YV0LG3-M0NA00,4711636203005,378.25,45,instock,yes,DUAL-RX9060XT-16G-WHITE,ASUS
90YV0M32-M0NA00,4711636174992,1185.97,1,instock,yes,RTX5080-O16G-NOCTUA,ASUS
90YV0LI1-M0NA00,4711387829592,551.62,195,instock,yes,PRIME-RX9070-O16G,ASUS
90YV0LG2-M0NA00,4711636196765,374.32,112,instock,yes,DUAL-RX9060XT-16G,ASUS
90YV0PU0-M0NA00,4711636609340,1138.69,9,instock,yes,TUF-RTX5080-O16G-BTF-GAMING,ASUS
90YV0L75-M0NA00,4711636234245,618.6,115,instock,yes,PRIME-RX9070XT-O16G-WHITE,ASUS
90YV0N70-M0NA00,4711636177382,263.98,164,instock,yes,PRIME-RTX5050-O8G,ASUS
90YV0M10-M0NA00,4711387837825,527.98,730,instock,yes,PRIME-RTX5070-O12G,ASUS
90YV0MG0-M0NA00,4711387994382,492.52,11,instock,yes,TUF-RTX5060TI-O16G-GAMING,ASUS
90YV0L71-M0NA00,4711387829585,610.72,218,instock,yes,PRIME-RX9070XT-O16G,ASUS
90YV0MP2-M0NA00,4711387994290,342.79,571,instock,yes,DUAL-RTX5060TI-O8G,ASUS
90YV0N12-M0NA00,4711636057899,279.75,884,instock,yes,DUAL-RTX5060-O8G,ASUS
90YV0N30-M0NA00,4711636205382,1166.27,20,instock,yes,PROART-RTX5080-O16G,ASUS
90YV06N2-M0NA00,4716659990390,59.11,124,instock,yes,GT730-SL-2GD5-BRK,ASUS
90YV0M80-M0NA00,4711387922279,630.41,19,instock,yes,ROG-STRIX-RTX5070-O12G-GAMING,ASUS
90YV0NR0-M0NA00,4711636226998,874.71,8,instock,yes,PROART-RTX5070TI-O16G,ASUS
90YV0N72-M0NA00,4711636178518,244.28,357,instock,yes,DUAL-RTX5050-O8G,ASUS
90YV0N00-M0NA00,4711636058179,307.33,112,instock,yes,TUF-RTX5060-O8G-GAMING,ASUS
90YV0LZ0-M0NA00,4711387849071,575.25,146,instock,yes,TUF-RTX5070-O12G-GAMING,ASUS
90YV0M17-M0NA00,4711636046213,504.34,791,instock,yes,DUAL-RTX5070-O12G,ASUS
90YV0MH0-M0NA00,4711387994306,460.99,522,instock,yes,DUAL-RTX5060TI-O16G,ASUS
90YV0M30-M0NA00,4711387856673,1126.87,24,instock,yes,TUF-RTX5080-O16G-GAMING,ASUS
90YV0GH6-M0NA00,4711081772453,208.82,40,instock,yes,DUAL-RTX3050-O8G-V2,ASUS
90YV0K60-M0NA00,4711387470633,177.31,8,instock,yes,DUAL-RTX3050-O6G,ASUS
90YV0MD3-M0NA00,4711636066334,835.31,45,instock,yes,TUF-RTX5070TI-O16G-WHITE-GAMING,ASUS
90YV0MP0-M0NA00,4711387994207,358.55,112,instock,yes,PRIME-RTX5060TI-O8G,ASUS
90YV0N10-M0NA00,4711636057851,295.51,128,instock,yes,PRIME-RTX5060-O8G,ASUS
90YV0PS0-M0NA00,4711636627450,279.75,592,instock,yes,DUAL-RTX5060-O8G-A,ASUS
90ACLA36BDKGA6,4711581493490,49.89,4,instock,yes,CHALLENGER PURE 360,ASROCK
90APRA36WAAGA6,4711581493537,51.48,4,instock,yes,PRO WHITE 360 ARGB,ASROCK
90APRA24WAAGA6,4711581493513,45.94,4,instock,yes,PRO WHITE 240 ARGB,ASROCK
90UXP160FAAB,4710483948718,200.28,1,instock,yes,ASROCK 1600W PH GAMING PG-1600G PSU,ASROCK
90UXR075GNEAA2,4711581491366,49.23,6,instock,yes,PRO-750G,ASROCK
90UXR085GNEAA2,4711581491441,55.18,5,instock,yes,PRO-850G,ASROCK
90UXR065GNEAA2,4711581491687,43.29,6,instock,yes,PRO-650G,ASROCK
90UXR085BNEAA2,4711581491403,45.83,6,instock,yes,PRO-850B,ASROCK
90UXS085GFEABA,4710483949067,89.98,4,instock,yes,SL-850GW,ASROCK
90UFP085PFEAAB,4711581492516,153.64,6,instock,yes,PSU PG 850W SFX PLATINUM UK,ASROCK
90UXR075BNEAA2,4711581491724,39.04,5,instock,yes,PRO-750B,ASROCK
90UXP130GFEAAB,4710483948633,136.68,4,instock,yes,PSU PG 1300W GOLD UK,ASROCK
90UXP160GFEAAB,4710483948701,179.11,3,instock,yes,PSU PG 1600W GOLD UK,ASROCK
90UFP100PFEAAB,4711581492554,169.78,6,instock,yes,PSU PG 1000W SFX PLATINUM UK,ASROCK
90UXC065BNAAA,4710483948084,44.3,16,instock,yes,ASROCK 650W CH CL-650B PSU,ASROCK
90UXC055BNAAA,4710483948015,41.7,19,instock,yes,ASROCK 550W CH CL-550B PSU,ASROCK
90UXS120FABA,4711581491083,132.39,5,instock,yes,ASROCK 1200W STEEL LEGEND PSU,ASROCK
90UXS085PFGAAA,4711581492646,114.6,4,instock,yes,SL-850P,ASROCK
90UXS120PFGAAA,4711581492721,144.31,4,instock,yes,SL-1200P,ASROCK
90UXC085GNEAAA,4710483948350,61.12,6,instock,yes,CL-850G,ASROCK
90UXC065NAAA,4710483948152,54.27,17,instock,yes,ASROCK 650W CH CL-650G PSU,ASROCK
90MB1EP0-M1EAY0,4711387114063,156.67,9,instock,yes,ROG STRIX B760-A GAMING WIFI,ASUS
90MB1I50-M0EAY0,4711387759103,150.49,10,instock,yes,PRIME Z890-P,ASUS
90MB1J10-M0EAYC,4711387797204,100.33,72,instock,yes,PRIME B840M-A-CSM,ASUS
90MB1MPP-M0EAYC,4711636208857,138.14,7,instock,yes,PRO Q870I-C-CSM,ASUS
90MB1KR0-M0EAY0,4711387890240,424.47,4,instock,yes,ROG CROSSHAIR X870E APEX,ASUS
90MB19V0-M0EAY0,4711081453314,115.0,9,instock,yes,ROG STRIX B550-F GAMING WIFI II,ASUS
90MB1NX0-M0EAY0,4711636434904,189.09,4,instock,yes,ROG STRIX B850-F GAMING WIFI7 NEO,ASUS
90MB17H0-M0EAYC,4711081135395,43.22,358,instock,yes,PRIME A520M-A II/CSM,ASUS
90MB14U0-M0EAY0,4718017782340,88.75,9,instock,yes,PRIME B550-PLUS,ASUS
90MB1PK0-M0EAY0,4711636435048,81.03,15,instock,yes,PRIME B840M-K,ASUS
90MB1MU0-M0EAY0,4711636179027,147.4,20,instock,yes,TUF GAMING B850M-PLUS WIFI7,ASUS
90MB1I90-M0EAY0,4711387758830,190.63,12,instock,yes,ROG STRIX Z890-A GAMING WIFI,ASUS
90MB1KK0-M0EAYC,4711387844625,69.46,20,instock,yes,PRIME H810M-A-CSM,ASUS
90MB1LC0-M0EAYC,4711387982037,121.18,16,instock,yes,PRIME B850-PLUS-CSM,ASUS
90MB1KJ0-M0EAY0,4711387842522,81.03,29,instock,yes,PRIME H810M-A WIFI,ASUS
90MB1EZ0-M0EAY0,4711387164303,81.03,10,instock,yes,TUF GAMING A620M-PLUS,ASUS
90MB1G60-M0EAYC,4711387304020,66.37,1381,instock,yes,PRO H610T-CSM,ASUS
90MB1IT0-M0EAY0,4711387723036,169.78,16,instock,yes,PRIME X870-P,ASUS
90MB1J50-M0EAY0,4711387772676,169.78,16,instock,yes,ROG STRIX B850-A GAMING WIFI,ASUS
90MB1F00-M0EAY0,4711387164266,88.75,73,instock,yes,TUF GAMING A620M-PLUS WIFI,ASUS
90MB1G20-M0EAYC,4711387293911,65.6,1554,instock,yes,PRIME H610M-A-CSM,ASUS
90MB1HE0-M0EAY0,4711387461365,123.48,84,instock,yes,TUF GAMING B760M-PLUS WIFI II,ASUS
90MB1GA0-M0EAY0,4711387336328,62.52,1028,instock,yes,PRIME H610M-K,ASUS
90MB1LY0-M0EAY0,4711636007849,200.66,9,instock,yes,X870 MAX GAMING WIFI7,ASUS
90MB1N10-M0EAY0,4711636292290,73.32,18,instock,yes,PRIME H810M-K,ASUS
90MB17G0-M0EAY0,4711081154457,54.02,12,instock,yes,TUF GAMING A520M-PLUS II,ASUS
90MB1EQ0-M1EAY0,4711387120002,148.19,13,instock,yes,ROG STRIX B760-G GAMING WIFI,ASUS
90MB1JL0-M0EAY0,4711387815144,142.77,16,instock,yes,TUF GAMING B860-PLUS WIFI,ASUS
90MB1F80-M0EAYC,4711387239704,77.18,45,instock,yes,PRO A620M-C-CSM,ASUS
90MB1GL0-M0ECY0,4711387321515,49.39,11,instock,yes,PRIME H610M-R-SI,ASUS
90MB1LQ0-M0EAYC,4711636054720,109.59,2,instock,yes,PRIME B850M-A-CSM,ASUS
90MC07D0-M0XBN1,4718017210287,3.86,718,instock,yes,ASUS TPM-SPI TPM MODULE,ASUS
90MB1NF0-M0EAY0,4711636275439,103.41,2,instock,yes,PRIME B760M-A WIFI II,ASUS
90MB15J0-M0EAY0,4718017826594,104.2,47,instock,yes,ROG STRIX B550-A GAMING,ASUS
90MB1NY0-M0EAY0,4711636425247,227.67,3,instock,yes,TUF GAMING X870-PRO WIFI7 W NEO,ASUS
90MB1JT0-M0EAY0,4711387808498,91.07,2,instock,yes,PRIME B860M-K,ASUS
90MB1K50-M0EAY0,4711387814697,119.63,38,instock,yes,PRIME B860-PLUS WIFI,ASUS
90MB1G00-M0EAY0,4711387301777,65.6,462,instock,yes,PRIME H610M-A WIFI,ASUS
90MB1GT0-M0EAY0,4711387423073,108.04,46,instock,yes,TUF GAMING B650-E WIFI,ASUS
90MB1D90-M1EAY0,4711081997658,127.35,15,instock,yes,ROG STRIX B760-I GAMING WIFI,ASUS
90MB1EH0-M0EAYC,4711387025543,118.08,10,instock,yes,PRIME B650M-A II-CSM,ASUS
90MB1IQ0-M0EAY0,4711387763926,200.66,31,instock,yes,TUF GAMING Z890-PLUS WIFI,ASUS
90MB1J20-M0EAY0,4711387797143,92.62,149,instock,yes,PRIME B840M-A WIFI,ASUS
90MB1FR0-M0EAY0,4711387206812,104.2,2,instock,yes,TUF GAMING A620-PRO WIFI,ASUS
90MB1MD0-M0EAY0,4711636167451,147.4,9,instock,yes,TUF GAMING B850M-PLUS WIFI7 W,ASUS
90MB1M20-M0EAY0,4711387995488,130.42,3,instock,yes,TUF GAMING B650E-PLUS WIFI,ASUS
90MB1MZ0-M0EAY0,4711636231817,91.85,29,instock,yes,TUF GAMING A620AM-PLUS WIFI,ASUS
90MB1P10-M0EAY0,4711636446518,177.51,4,instock,yes,ROG STRIX B850-A GAMING WIFI7 NEO,ASUS
90MB1BF0-M0EAY0,4711081912118,127.35,9,instock,yes,TUF GAMING B650M-PLUS WIFI,ASUS
90MB1FI0-M1EAY0,4711387198506,77.18,54,instock,yes,PRIME B760M-K,ASUS
90MB1KG0-M0EAY0,4711387847602,447.63,17,instock,yes,ROG MAXIMUS Z890 HERO BTF,ASUS
90MB1IU0-M0EAY0,4711387723609,212.24,14,instock,yes,TUF GAMING X870-PLUS WIFI,ASUS
90MB1J60-M0EAY0,4711387769300,219.96,9,instock,yes,ROG STRIX B850-E GAMING WIFI,ASUS
90MB1LB0-M0EAY0,4711387984963,640.58,9,instock,yes,ROG CROSSHAIR X870E EXTREME,ASUS
90MB1I40-M0EAY0,4711387755921,202.97,37,instock,yes,ROG STRIX Z890-F GAMING WIFI,ASUS
90MB1M90-M0EAY0,4711636167208,239.25,10,instock,yes,ROG STRIX X870E-H GAMING WIFI7,ASUS
90MB1PR0-M0EAY0,4711636465519,134.29,2,instock,yes,B850 MAX GAMING WIFI,ASUS
90MB1D80-M1EAY0,4711387014509,154.36,25,instock,yes,TUF GAMING Z790-PLUS WIFI,ASUS
90MB17F0-M0EAY0,4711081154273,57.89,58,instock,yes,TUF GAMING A520M-PLUS WIFI,ASUS
90MB1KHP-M0EAYC,4711387856512,80.27,5,instock,yes,PRO H810M-C-CSM,ASUS
90MB1ER0M1EAY0,4711387095119,105.58,3,instock,yes,TUF GAMING B760-PLUS WIFI - 5YR,ASUS
90MB1ER0-M1EAY0,4711387095119,111.91,172,instock,yes,TUF GAMING B760-PLUS WIFI,ASUS
90MB1I70-M0EAY0,4711387754818,158.22,5,instock,yes,PRIME Z890-P WIFI,ASUS
90MC0E50-M0EAY0,4711387776469,84.9,6,instock,yes,THUNDERBOLT EX5,ASUS
90MB1KP0-M0EAY0,4711387760895,101.1,10,instock,yes,PRIME B650-PLUS WIFI,ASUS
90MB14S0-M0EAY0,4718017749688,111.91,7,instock,yes,ROG STRIX B550-F GAMING,ASUS
90MB1IF0-M0EAY0,4711387737859,250.84,20,instock,yes,ROG STRIX X870-A GAMING WIFI,ASUS
90MB1F50-M0EAYC,4711387236772,71.77,32,instock,yes,PRIME A620M-E-CSM,ASUS
90MB1N80-M0EAY0,4711636260176,84.12,10,instock,yes,PRIME B850M-F WIFI,ASUS
90MB1J30-M0EAY0,4711387781609,150.49,48,instock,yes,TUF GAMING B850-PLUS WIFI,ASUS
90MB1P20-M0EAY0,4711636407946,324.14,10,instock,yes,ROG STRIX X870E-E GAMING NEO,ASUS
90MB1500-M0EAY0,4718017826921,43.22,557,instock,yes,PRIME A520M-K,ASUS
90MB19N0-M1EAYC,4711081514800,56.34,6,instock,yes,PRIME H610M-E D4-CSM,ASUS
90MB1M10-M0EAY0,4711387981016,134.29,25,instock,yes,B850 MAX GAMING WIFI W,ASUS
90MB1EF0-M1EAY0,4711387102985,94.93,38,instock,yes,PRIME B760-PLUS,ASUS
90MB1IB0-M0EAY0,4711387724163,324.14,13,instock,yes,ROG STRIX X870E-E GAMING WIFI,ASUS
90MB1IM0-M0EAY0,4711387756133,242.34,8,instock,yes,ROG STRIX Z890-E GAMING WIFI,ASUS
90MB14I0-M0EAYC,4718017755535,84.9,95,instock,yes,PRIME B550M-A/CSM,ASUS
90MB1LL0-M0EAY0,4711636062343,110.37,13,instock,yes,B850M MAX GAMING WIFI,ASUS
90MB1LZ0-M0EAY0,4711636007856,200.66,2,instock,yes,X870 MAX GAMING WIFI7 W,ASUS
90MB1NW0-M0EAY0,4711636435994,158.22,2,instock,yes,TUF GAMING B850-PRO WIFI7 W NEO,ASUS
90MB1L20-M0EAY0,4711387987544,131.21,1,instock,yes,TUF GAMING B850-E WIFI,ASUS
90MB19U0-M0EAY0,4711081338413,94.93,29,instock,yes,TUF GAMING B550-PLUS WIFI II,ASUS
90MB1IZ0-M0EAY0,4711387797273,129.66,62,instock,yes,PRIME B840-PLUS WIFI,ASUS
90MB1H30-M0EAY0,4711387429761,73.32,48,instock,yes,PRIME B650M-R,ASUS
90MB14V0-M0EAY0,4718017758284,69.46,29,instock,yes,PRIME B550M-K,ASUS
90MB1L5M-M0EAYC,4711636116053,72.55,9,instock,yes,PRO A620AT-CSM,ASUS
90MB1C80-M0EAY0,4711081758211,58.65,30,instock,yes,PRIME H610M-A WIFI D4,ASUS
90MB1DX0-M1EAYC,4711387014691,94.16,5,instock,yes,PRO B760M-C-CSM,ASUS
90MB1IE0-M0EAY0,4711387710302,409.04,8,instock,yes,ROG CROSSHAIR X870E HERO,ASUS
90MB1IP0-M0EAY0,4711387754290,293.27,2,instock,yes,ROG MAXIMUS Z890 APEX,ASUS
90MB1MX0-M0EAY0,4711636227094,416.75,9,instock,yes,ROG CROSSHAIR X870E HERO BTF,ASUS
90MB1P30-M0EAY0,4711636491617,262.4,2,instock,yes,ROG STRIX X870E-A GAMING NEO,ASUS
90MB1JY0-M0EAY0,4711387806289,115.76,37,instock,yes,PRIME B860M-A WIFI,ASUS
90MB1EL0-M1EAY0,4711387131435,102.65,100,instock,yes,PRIME B760M-A WIFI,ASUS
90MB1PT0-M0EAY0,4711636560702,73.32,5,instock,yes,PRIME B840M-R,ASUS
90MB19Y0-M0EAY0,4711081305705,94.93,26,instock,yes,TUF GAMING B550M-PLUS WIFI II,ASUS
90MB1LV0-M0EAY0,4711636005517,88.75,20,instock,yes,PRIME B850M-K,ASUS
90MB1M70-M0EAY0,4711636100342,231.53,2,instock,yes,TUF GAMING X870E-PLUS WIFI7,ASUS
90MB1BZ0-M0EAY0,4711081912651,115.0,53,instock,yes,TUF GAMING B650-PLUS WIFI,ASUS
90MB1G50-M0EAY0,4711387324547,142.77,4,instock,yes,TUF GAMING B760M-BTF WIFI,ASUS
90MB1J80-M0EAY0,4711387755419,142.77,13,instock,yes,PRIME Z890M-PLUS WIFI,ASUS
90MB1IG0-M0EAY0,4711387730775,370.37,17,instock,yes,PROART X870E-CREATOR WIFI,ASUS
90MB1MN0-M0EAY0,4711636258753,265.56,6,instock,yes,PRO WS B850M-ACE SE,ASUS
387828892-SI3,4711387828892,373.52,18,instock,yes,PRO WS Z890-ACE SE,ASUS
90MB1LE0-M0EAY0,4711636134897,573.67,14,instock,yes,PRO WS TRX50-SAGE WIFI A,ASUS
90MB1P60-M0EAY0,4711636504447,197.01,6,instock,yes,PROART B850-CREATOR WIFI NEO,ASUS
387402726-SI5,4711387402726,598.89,1,instock,yes,PRO WS TRX50-SAGE WIFI,ASUS
636504447-SI3,4711636504447,190.71,3,instock,yes,PROART B850-CREATOR WIFI NEO,ASUS
90MB1DZ0-M0EAY0,4711387006177,342.0,8,instock,yes,PRO WS W680-ACE,ASUS
90MB1C20-M0EAY0,4711387123515,829.79,2,instock,yes,PRO WS W790E-SAGE SE,ASUS
90MB1JD0-M0EAY0,4711387766163,368.01,32,instock,yes,PROART Z890-CREATOR WIFI,ASUS
90MB1KEP-M0EAYC,4711387880586,141.05,2,instock,yes,PRO Q870M-C-CSM,ASUS
636149068-SI3,4711636149068,630.41,5,instock,yes,EXPERTCENTER PRO ER100A B6,ASUS
90IG0490-MO0R00,4712900741230,65.21,1,instock,yes,XG-C100F,ASUS
90IG0960-MO3C20,4711387534748,163.04,5,instock,yes,ZENWIFI BD4 (2PK),ASUS
90IG0920-MO9C00,4711387546321,150.82,8,instock,yes,TUF-BE6500,ASUS
90IG0AL0-MU0T00,4711636312622,28.52,20,instock,yes,RP-AX50,ASUS
90IG08D0-MO3B00,4711387093986,57.05,4,instock,yes,ASUS EXPERTWIFI EBP15 5-PORT SWITCH,ASUS
90IG09T0-MO0B00,4711387792445,40.75,30,instock,yes,RT-AX50 GO,ASUS
90IG08F0-MO9A0V,4711387079461,489.12,7,instock,yes,ROG RAPTURE GT-BE98 WIFI 7 ROUTER,ASUS
90IG08Y0-MO3C60,4711387429884,285.32,2,instock,yes,ZENWIFI BT10 TRI-BAND WIFI 7 MESH,ASUS
90IG0990-MO9B00,4711387627655,178.89,9,instock,yes,RT-BE82U,ASUS
90IG07V0-MO3A60,4711081864608,105.97,2,instock,yes,ASUS EXPERTWIFI SYSTEM EBM68(1PK),ASUS
90IG08Y0-MO3C20,4711387649381,725.53,2,instock,yes,ZENWIFI BT10 TRI-BAND WIFI 7 MESH,ASUS
90IG06E0-MO1R00,4711081137207,220.1,2,instock,yes,GT-AXE11000,ASUS
90IG07C0-MU0C10,4711081440468,48.9,28,instock,yes,RP-AX58,ASUS
90IG07I0-ME0B10,4711081764830,22.82,2,instock,yes,PCE-AXE5400,ASUS
90IG08T0-MU2H00,4711387261477,43.2,38,instock,yes,RT-AX52,ASUS
90IG05J0-MO0R00,4718017476799,8.15,10,instock,yes,USB-BT500,ASUS
90IG07Z0-MU2C00,4711081899600,65.21,11,instock,yes,RT-AX59U,ASUS
90IG0A80-MU9C00,4711636177467,73.28,11,instock,yes,ASUS RT-BE55 DUAL BAND WIFI 7 ROUTER,ASUS
90IG08K0-MO3N2V,4711387249178,733.68,2,instock,yes,WIRELESS-BE25000 ROUTER 2 PACK,ASUS
90IG08W0-MO9A0V,4711387581452,211.95,6,instock,yes,WIRELESS WIFI 7 BE6800 ROUTER,ASUS
90IG08B0-MO0B00,4712900620061,57.05,107,instock,yes,XG-C100C V3,ASUS
90IG09A0-MO3B60,4711387611876,122.27,3,instock,yes,ZENWIFI BD4 OUTDOOR,ASUS
90IG09U0-MU2S00,4711387826669,65.21,8,instock,yes,RT-BE50,ASUS
90IG0960-MO3C00,4711387534496,81.51,14,instock,yes,ZENWIFI BD4 (1PK),ASUS
90IG09Y0-MO9C00,4711387880555,285.32,6,instock,yes,GS-BE18000,ASUS
90IG0960-MO3C40,4711387580943,236.4,6,instock,yes,ZENWIFI BD4 (3PK),ASUS
90IG09H0-MO0B10,4711387706244,48.9,14,instock,yes,(USB-BE92 NANO) BE6500 USB WIFI 7,ASUS
90IG08E0-MO3B00,4711387094235,57.05,2,instock,yes,ASUS EXPERTWIFI EBG15 5-PORT ROUTER,ASUS
90IG09N0-MO0B10,4711387765838,10.59,28,instock,yes,(USB-BT540) USB BLUETOOTH 5.4 ADPT,ASUS
90IG08Y0-MO3C40,4711387429945,489.12,1,instock,yes,ZENWIFI BT10 TRI-BAND WIFI 7 MESH,ASUS
90IG0870-MO3C00,4711387004555,65.21,7,instock,yes,ASUS EXPERTWIFI ROUTER EBR63,ASUS
90IG07A0-MO0B00,4711081463849,20.38,170,instock,yes,PCE-AX1800,ASUS
90IG07V0-MO3A40,4711081864530,203.79,5,instock,yes,ASUS EXPERTWIFI SYSTEM EBM68(2PK),ASUS
90IG0A90-MO9C00,4711387582060,110.04,12,instock,yes,TUF-BE3600 V2 WIFI 7 BE3600 ROUTER,ASUS
90IG0AE0-MO9C00,4711636172417,114.12,7,instock,yes,RT-BE59,ASUS
90IG09Q0-MO3C00,4711387841082,89.66,18,instock,yes,RT-BE58 GO BE3600 WI-FI 7 ROUTER,ASUS
90IG06I0-BM0400,4718017973946,20.38,21,instock,yes,USB-AC58,ASUS
90IG07M0-MO3C30,4711081760221,97.82,5,instock,yes,ZENWIFI XD4 PLUS 2PK BLACK,ASUS
90IG08T0-MO3H10,4711387891971,59.5,10,instock,yes,RT-AX52 PRO,ASUS
90IG08U0-MO0B00,4711387310175,48.9,18,instock,yes,WI-FI 7 BE9400 PCIE WI-FI ADAPTER,ASUS
90IG05E0-MO0R00,4718017347389,8.49,79,instock,yes,USB-N10 NANO B1,ASUS
90IG06P0-MO3500,4711081059868,48.9,8,instock,yes,RT-AX53U WIRELESS AX1800 DB ROUTER,ASUS
90IG0A70-MO9C00,4711387452943,101.89,1,instock,yes,RT-BE58U V2,ASUS
90IG0880-MO3C00,4711387003442,65.21,28,instock,yes,ASUS EXPERTWIFI EBA63 AX3000 AP,ASUS
90IG08V0-MO3N0V,4711387335680,244.55,5,instock,yes,WIRELESS WIFI 7 BE7200 ROUTER,ASUS
90IG08K0-MO3N4V,4711387650912,1084.23,1,instock,yes,ZENWIFI BQ16 (3PK),ASUS
90IG0A30-MO9C00,4711387931851,134.5,4,instock,yes,(TUF-BE9400) BE9400 WIFI 7 TRI BAND,ASUS
90IG09G0-MO0B00,4711387680681,32.6,22,instock,yes,PCE-BE6500,ASUS
90IG09J0-MU0C00,4711387709344,65.21,35,instock,yes,RP-BE58,ASUS
90IG08K0-MO3N0V,4711387216293,391.29,6,instock,yes,WIRELESS-BE25000 ROUTER 1 PACK,ASUS
90IG0930-MO3B20,4711387532089,334.23,3,instock,yes,ZENWIFI BT8 (2PK),ASUS
90IG08F0-MO9A3V,4711636529396,538.04,1,instock,yes,ROG RAPTURE GT-BE98 EDITION 20 ROU,ASUS
90IG0850-MO9A0V,4711387382639,448.36,4,instock,yes,ROG RAPTURE GT-BE19000,ASUS
90IG08N0-MU9C00,4711387193792,57.05,1,instock,yes,RT-AX57 GO,ASUS
90IG05N0-MO3RH0,4718017629546,228.46,3,instock,yes,WIRELESS  AX1800 3 PACK,ASUS
90IG07F0-MU9A20,4711081798569,277.16,1,instock,yes,ROG RAPTURE GT6 2PACK BLACK,ASUS
90IG0900-MO9C00,4711387582060,97.83,4,instock,yes,WIRELESS WIFI 7 BE3600 ROUTER,ASUS
90IG06G0-MO3110,4718017869225,114.61,2,instock,yes,4G-AX56,ASUS
90IG04H0-MU9G00,4718017064774,288.09,3,instock,yes,GT-AX11000,ASUS
90MC06P0-M0EAY0,4718017104791,25.62,7,instock,yes,ASUS HYPER M.2 X16 CARD V2,ASUS ACCESSORIES
90MC08A0-M0EAY0,4718017624923,37.62,13,instock,yes,ASUS HYPER M.2 X16 GEN 4 CARD,ASUS ACCESSORIES
90MC0CY0-M0EAY0,4711387353288,56.03,4,instock,yes,ASUS HYPER M.2 X16 GEN5 CARD,ASUS ACCESSORIES
90DD02U0-MA9000,4711636342087,44.2,8,instock,yes,ASUS ROG STRIX AIOLOS M.2 NVME CADDY,ASUS ACCESSORIES
90-DT00205-UA21,4719543417195,77.76,1,instock,yes,BLU-RAY COMBO EXTERNAL USB2 X6 WRITE,ASUS ACCESSORIES
90DD02A2-M29000,4712900714562,27.42,22,instock,yes,ZENDRIVE U9M EXT. SLIM DVD RE-WRITER,ASUS ACCESSORIES
90DD02L0-M29000,4711081450634,27.01,9,instock,yes,ASUS ZENDRIVE V1M SLIMLINE DVD RW,ASUS ACCESSORIES
90DD02R6-M09000,4711387683606,20.46,6,instock,yes,ASUS COBBLE M.2 PCIE/SATA SSD CADDY,ASUS ACCESSORIES
90DD027X-B10000,4712900536867,18.01,69,instock,yes,SDRW-08U1MT ULTRA SLIM DVD RE-WRITER,ASUS ACCESSORIES
90DD0340-B19000,4711636304627,18.01,360,instock,yes,ASUS DRW-08D6MT INTERNAL SLIM SATA,ASUS ACCESSORIES
90DD0290-M29000,4711081049029,24.97,34,instock,yes,ASUS SDRW-08U8M-U ULTRA-S DVD WRITER,ASUS ACCESSORIES
90DD01X2-M29000,4712900127164,27.42,4,instock,yes,ZENDRIVE U7M EXT. SLIM DVD RE-WRITER,ASUS ACCESSORIES
90DD02G0-M29000,4718017160148,80.22,6,instock,yes,ASUS ULTRA-SLIM EXT. BLU-RAY WRITER,ASUS ACCESSORIES
90DD02X0-M09000,4711387660225,28.65,3,instock,yes,ASUS TUF GAMING A2 CADDY,ASUS ACCESSORIES
90-DT20305-UA19,4719543417065,72.44,10,instock,yes,BLURAY WRITER EXTERNAL USB2 X6 WRITE,ASUS ACCESSORIES
90DD02A0-M29000,4712900714579,27.42,255,instock,yes,ASUSZENDRIVE SDRW-08U9M-U DVD-WRITER,ASUS ACCESSORIES
90DD02R0-M09000,4711387683545,20.46,13,instock,yes,ASUS COBBLE M.2 PCIE/SATA SSD CADDY,ASUS ACCESSORIES
90DD0330-BA9010,4711636448321,45.58,9,instock,yes,ASUS PROART PA40SU SSD ENCLOSURE,ASUS ACCESSORIES
90DD02H0-M09000,4718017449885,27.01,43,instock,yes,ASUS ROG STRIX ARION NVME CADDY,ASUS ACCESSORIES
90DQ0435UA221KZ,4716659385066,20.87,112,instock,yes,ASUS SDRW-08D2S-U LITE,ASUS ACCESSORIES
90DQ0436UA221KZ,4716659385080,20.87,10,instock,yes,SDRW-08D2S-U LITE SLIMLINE DVD RW,ASUS ACCESSORIES
90HC00N1-MWP0E1,4711081956563,100.53,17,instock,yes,VIVOWATCH 5 AERO HC-C05 AURORA A1,ASUS
90XB0AK0-BMP010,4711636197960,20.88,8,instock,yes,PS102 MOUSE PAD,ASUS
90XB0AQ0-BBP000,4711636285780,88.91,24,instock,yes,ROG ARCHER BP2600 BP,ASUS
90XB0880-BKB150,4711387538982,36.37,14,instock,yes,KW100 KEYBOARD (OAT),ASUS
90HC00D1-MWP0E0,4718017774031,208.2,12,instock,yes,VIVOWATCH SP HC-A05 VIOLET,ASUS
90XB0090-BMU050,4716659948292,16.49,44,instock,yes,WT465 MOUSE/WH,ASUS
90XB06S0-BBP020,4711081074205,36.28,22,instock,yes,BP4701 ROG BACKPACK 15-17,ASUS
90XB04ZN-BBP020,4711081076292,37.04,40,instock,yes,BP1501G ROG BACKPACK 15-17,ASUS
90XB08FN-BPW000,4711387033074,36.1,20,instock,yes,ROG 65W GAMING CHARGER DOCK,ASUS
90HC00I1-MWP0E0,4711081453772,241.46,8,instock,yes,VIVOWATCH 5 HC-B05 ASTA,ASUS
90XB0A30-BBP000,4711387814970,72.74,24,instock,yes,BP2900 ROG RANGER BP,ASUS
A5702WVARKBPE01,,790.81,1,instock,yes,ASUS AIO 27 I5/16GB/1TB W11H,ASUS
UX3607OA-SQ005W,4711636343367,1660.7,53,instock,yes,ZEN 16 X2E-94-100 48GB 1TB W11H GLD,ASUS
H7606WX-SE001W,4711636222563,3795.91,54,instock,yes,PROART 16 AIR9 HX370 64G 2+2TB 5090,ASUS
UX5406SA-QJ494W,4711636374156,948.97,85,instock,yes,ZEN S 14 U7 256V 16GB 1TB W11H GRAY,ASUS
X1704VA-AU811W,4711636109628,514.02,78,instock,yes,VIVO 17 CORE 5 120U 8GB 512GB W11,ASUS
X1704V811WMPBUN,,573.38,68,instock,yes,VIVO 17 C 5 120U 8GB 512GB  M365PBUN,ASUS
UM5606GA-SR238W,4711636421232,1581.62,136,instock,yes,ZEN 16 RAI9-465 32GB 1TB W11H,ASUS
UM5606GA-SR040W,4711636387651,1502.54,79,instock,yes,ZEN 16 RAI7 445 32GB 1TB W11H,ASUS
M1807GA-S8004W,4711636338240,869.89,13,instock,yes,VIVO 18 RAI7 445 32GB 1TB BLUE W11H,ASUS
UM3406GA-QD004W,4711636371766,869.89,177,instock,yes,ZEN RAI 7 16GB 1TB BLACK,ASUS
CX1405CKANK0034,4711387915189,181.88,1,instock,yes,CX 14 N4500 4GB 64GB CHR,ASUS
H7606W001WMPBUN,,3855.27,17,instock,yes,PART 16 AIR9  64G 2+2T 5090 M365PBUN,ASUS
M18078003WMPBUN,,850.16,68,instock,yes,VIVO RAI 7 16GB 1TB BLUE M365PBUN,ASUS
M1807GA-S8003W,4711636371759,790.81,117,instock,yes,VIVO RAI 7 16GB 1TB BLUE,ASUS
M1407GA-LY009W,4711636337915,869.89,38,instock,yes,VIVO 14 RAI7 445 16GB 1TB BLUE W11H,ASUS
M3407GA-SF015W,4711636501101,948.97,200,instock,yes,VIVO 14 RAI7 445 16GB 1TB GRAY W11H,ASUS
M1502NAQ-BQ046W,4711636486255,434.94,71,instock,yes,VIVO 15.6 C5-150 8GB 512GB W11H,ASUS
UX3407NA-QD069W,4711636343350,1265.3,190,instock,yes,ZEN 14 X2E-88-100 16GB 1TB W11H GLD,ASUS
M1807GA-S8012W,4711636374149,711.72,54,instock,yes,VIVO RAI 5 16GB 1TB BLUE,ASUS
X1407AA-LY001W,4711636443357,711.72,178,instock,yes,VIVO 14 U5 325 16GB 512GB W11H SILV,ASUS
H7606W004WMPBUN,,2431.8,17,instock,yes,PART 16 AIR9  32G 2T 5070TI M365PBUN,ASUS
M18078012WMPBUN,,771.08,54,instock,yes,VIVO RAI 5 16GB 1TB BLUE M365PBUN,ASUS
HN7306EA-LX036W,4711636374682,2135.19,51,instock,yes,PROART AMD AI MAX+ 395  32GB 1TB,ASUS
HN7306036WMPBUN,,1720.06,51,instock,yes,PART AMD AI MAX+ 32GB 1TB M365PBUN,ASUS
CX1405CTAS60598,4711636246118,181.88,9,instock,yes,CX 14 N50 4GB  64GB CHR,ASUS
UX3407QA-QD244W,4711387882542,711.72,10,instock,yes,ZENBK 14 QC/16GB/1TB W11H,ASUS
UM3406GA-QD034W,4711636374132,948.97,108,instock,yes,ZEN RAI 5 16GB 1TB BLACK,ASUS
UX3405CA-QL192W,4711387866818,1028.05,1,instock,yes,ZENBOOK 14 U7 255H 16GB 1TB W11,ASUS
M3407HA-LY025W,4711636257237,593.1,38,instock,yes,VIVO S 14 R7 260 16GB 512GB W11,ASUS
M1607G020WMPBUN,,731.54,68,instock,yes,VIVO RAI 7 16GB 1TB SIL M365PBUN,ASUS
UM3406GA-QD031W,4711636332286,1265.3,8,instock,yes,VIVO 14 RAI7 445 32GB 1TB BLCK W11H,ASUS
UM5606R238WPBUN,,1640.9,68,instock,yes,ZEN 16 RAI9-465 32GB 1TB  365PBUN,ASUS
M3607GA-SH001W,4711636338257,948.97,121,instock,yes,VIVO 16 RAI7 445 16GB 1TB GRAY W11H,ASUS
UM5606R040WPBUN,,1561.82,68,instock,yes,ZEN 16 RAI7 445 32GB 1TB 365PBUN,ASUS
CX1505CTAS70154,4711636010658,395.4,6,instock,yes,CX 15 3-N355 8GB 256GB CHR,ASUS
UM3406034WMPBUN,,850.16,68,instock,yes,ZEN RAI 5 16GB 1TB BLK M365PBUN,ASUS
M1502BQ046WPBUN,,494.21,68,instock,yes,VIVO 15.6 C5-150 8GB 512GB 365PBUN,ASUS
TP3407SA-QL010W,4711387845615,948.97,31,instock,yes,VIVO FLIP 14 U7 256V 16GB 1TB W11,ASUS
M1607KAB148PBUN,,652.46,68,instock,yes,VIVO 16 RAI 5 16GB 512GB M365PBUN,ASUS
M1607GA-MB020W,4711636371742,869.89,174,instock,yes,VIVO RAI 7 16GB 1TB SILVER,ASUS
H7606WR-SE004W,4711636252751,2372.44,37,instock,yes,PROART 16 AIR9 HX370 32GB 2TB 5070TI,ASUS
S3607NA-SH002W,4711636511032,1265.3,35,instock,yes,VIVO S 16 SD X2E-88-100 16GB 1TB BLU,ASUS
M1607KA-MB148W,4711636109680,593.1,102,instock,yes,VIVO 16 RAI 5 330 16GB 512GB W11,ASUS
UX3407NA-QD148W,4711636511025,1265.3,71,instock,yes,ZEN 14 X2E-88-100 16GB 1TB WINH GOLD,ASUS
UM3406004WMPBUN,,929.24,68,instock,yes,ZEN RAI 7 16GB 1TB BLK M365PBUN,ASUS
G16CH71370F049W,4711387154120,1502.54,1,instock,yes,ROG I7-13700F 16GB/1TB 3070,ASUS
G700TF07265F156,4711387933862,2688.77,1,instock,yes,ROG DT G700 U7-265F 32GB 2TB 5080,ASUS
G815LW-SA265W,4711636485630,2831.62,21,instock,yes,STRIX 18 U9 32GB 2TB 5080 W11H GRY,ASUS
FA608UMI-TU168W,4711636485654,994.89,82,instock,yes,TUF 16 C7 260 16GB 1TB 5060 W11H GRY,ASUS
G614PW-RV006W,4711636485494,2142.85,46,instock,yes,STRIX 16 R9 8940HX 16 1TB 5080 GRY,ASUS
G615LP-TS203W,4711636485517,1989.79,18,instock,yes,STRIX 16 U9 32GB 1TB 5070 W11 GREEN,ASUS
V3607VH-RP011W,4711387969212,673.46,31,instock,yes,V16 U5 210H 16GB 512GB RTX 5050 W11,ASUS
V3607VM-TK148W,4711636475020,918.36,101,instock,yes,VIVO16 C7240H 16GB 1TB 5060 W11H BLK,ASUS
GU606AR-TB016W,4711636485845,2602.03,14,instock,yes,ZEPH 16  U9 32GB 2TB 5070TI W11H GRY,ASUS
FA608UHI-TU127W,4711636485531,994.89,96,instock,yes,TUF 16 C7 260 16GB 1TB 5050 W11H GRY,ASUS
G614FR-TS323W,4711636584876,2219.38,21,instock,yes,STRIX 16 R9 32GB 1TB 5070TI GREEN,ASUS
G614PP-RV009W,4711636474856,1301.01,14,instock,yes,STRIX 16 R9 8940HX 16GB 1TB 5070 GRY,ASUS
V3607VH-RP029W,4711387987940,688.77,2,instock,yes,ASUS V16 CORE5 210H 16GB 1TB 5050,ASUS
G835LWG-TQ313W,4711636485708,3290.81,4,instock,yes,STRIX 18 U9 32GB 2TB 5080 W11H BLK,ASUS
G815LR-TT281W,4711636485609,2219.38,17,instock,yes,STRIX 18 U9 32GB 1TB 5070TI W11H GRY,ASUS
GU405AW-SY018W,4711636485951,2831.62,20,instock,yes,ZEPH 14 U9 32GB 1TB 5080 W11 GRAY,ASUS
GU606AP-TB002W,4711636485821,2448.97,33,instock,yes,ZEPH 16 U9 32GB 1TB 5070 W11H GREY,ASUS
GA403GM-SY118W,4711636486002,1760.19,20,instock,yes,ZEPH 14 AI9 16GB 1TB 5060 W11H GREY,ASUS
GU606AW-TB007W,4711636485760,2984.68,19,instock,yes,ZEPH 16 U9 32GB 2TB 5080 W11H GRY,ASUS
FA808PM-S8002W,4711636485593,1502.54,14,instock,yes,TUF 18 R9 8940HX 16GB 1TB 5060 GRAY,ASUS
DA-71118,,6.15,148,instock,yes,2.5IN SATAHDD ENCLOSURE M.2 OR MSATA,DIGITUS
DA-71154,,4.53,85,instock,yes,USB M.2 HDESSD EXTSATA 6GB USB 3.1G2,DIGITUS
DS-55323,,92.66,40,instock,yes,4K HDMI EXTENDER 30 M 4K/30HZ,DIGITUS
DA-90450,,7.16,7,instock,yes,CABLE MANAGEMENT DUCT BLK,DIGITUS
AK-340403-001-S,,4.24,145,instock,yes,DISPLPRTADPT C 0.15M M/F DP-HD15 WI,DIGITUS
DN10ORG12UB,,6.1,200,instock,yes,254MM (10IN) CABLE ENTRY RAL9005 BLK,DIGITUS
DA-70166,,7.55,149,instock,yes,USB-C TO SERIAL ADAPTER 1M,DIGITUS
DA-70167,,6.01,450,instock,yes,USB 2 SERIAL ADPT 9M INC USBA,DIGITUS
DN-93615,,1.66,161,instock,yes,CAT6A KEYSTONE MODULE SHIELDED,DIGITUS
DN-97617,,5.22,54,instock,yes,CABLE MGEMENT PANEL DETACHABLE COVER,DIGITUS
DK1644A00510,,8.48,36,instock,yes,CAT 6A S/FTP CORD X10 0.5M GRY,DIGITUS
DN-93617-24,,43.52,72,instock,yes,CAT6A KEYSTONE MODULE ICM SET X24,DIGITUS
DN-93615-24,,38.79,66,instock,yes,CAT6A KEYSTONE MODULE,DIGITUS
DN-93615-48,,79.33,10,instock,yes,CAT6A KEYSTONE MODULE 48 PCS,DIGITUS
DK1644A02010,,15.3,50,instock,yes,CAT 6A S/FTP CORD X10 2M GRY,DIGITUS
DK1644A0025BL10,,6.6,100,instock,yes,CAT6A S/FTP PTCHKABEL X10 0.25M BLK,DIGITUS
DK1644A005BL10,,8.48,18,instock,yes,CAT 6A S/FTP CORD X10 0.5M BLK,DIGITUS
AK-340306-020-S,,4.01,149,instock,yes,DISPLAYPRT ADPT CBL DP-DVI M/M 2M,DIGITUS
DK-1644-050-10,,22.99,25,instock,yes,CAT 6 S/FTP CORD X10 5M GRY,DIGITUS
AK-340100-020-S,,2.51,5,instock,yes,DISPLAYPORT CONNECTION CBL 2M M/M,DIGITUS
DK-1644-005-10,,6.6,59,instock,yes,CAT 6 S/FTP CORD X10 0.5M GRY,DIGITUS
DN-91608SD,,10.28,98,instock,yes,DESKTOP CAT 6 CLASS E PANEL SHIELDED,DIGITUS
DK1644A010BL10,,10.23,68,instock,yes,CAT 6A S/FTP CORD X10 1M BLK,DIGITUS
DN-CR-001,,52.0,9,instock,yes,CABLE ROLLER 600X400X100 MM,DIGITUS
DN-93603-24,,18.16,46,instock,yes,CAT6 KEYSTONE JACK UNSHIELDED X24,DIGITUS
DK-1644-0025-10,,5.78,60,instock,yes,CAT 6 S/FTP CORD X10 0.25M GRY,DIGITUS
DN-91624S-EA-B,,40.85,27,instock,yes,CAT 6A CLASS EA PANEL SHIELDED,DIGITUS
DA-70156,,8.25,143,instock,yes,USB 2 SERIAL ADPT 9M INC USBA FDTI,DIGITUS
DA-70772,,10.7,71,instock,yes,USB TEL HANDSET USBA M RJ10 1.8/1.9M,DIGITUS
DK-1644-020-10,,11.83,10,instock,yes,CAT 6 S/FTP CORD X10 2M GRY,DIGITUS
DK-1644-010-10,,7.89,72,instock,yes,CAT 6 S/FTP CORD X10 1M GRY,DIGITUS
DN-93615-12,,20.39,75,instock,yes,CAT6A KEYSTONE MODULE 12 PCS,DIGITUS
DK-1644-100-5,,20.45,24,instock,yes,CAT 6 S/FTP CRD 5 UNITS 10M GRY,DIGITUS
DK-1623-A-VH-1,,44.83,9,instock,yes,CAT6AU/FTPINSTALL CBL 100M SIMPLXECA,DIGITUS
DN-97602,,4.71,152,instock,yes,CABLE ROUTING PANEL/CABLE BRACKET,DIGITUS
DK1644A020BL10,,15.3,50,instock,yes,CAT 6A S/FTP CORD X10 2M BLK,DIGITUS
DK1644A01010,,10.23,32,instock,yes,CAT 6A S/FTP CORD X10 1M GRY,DIGITUS
DK1644A002510,,6.6,100,instock,yes,CAT 6A S/FTP PTCHCRD X10 0.25M GRY,DIGITUS
DN-97661,,3.09,420,instock,yes,CABLE BRUSH STRIP FOR 483MM 19 RACKS,DIGITUS
DN-97663,,5.54,114,instock,yes,CBLE MGEMENT PANELBRUSH 4XRING,DIGITUS
DN-91624S-EA,,40.85,62,instock,yes,CAT 6A CLASS EA PANEL SHIELDED,DIGITUS
DK-1644-030-10,,14.53,24,instock,yes,CAT 6 S/FTP CORD X10 3M GRY,DIGITUS
DA-90448,,6.3,55,instock,yes,CABLE MANAGEMENT TRAY BLK,DIGITUS
DK-1644-A-200,,10.44,55,instock,yes,CAT 6A S/FTP CORD 20M GRY,DIGITUS
DK1644A030BL10,,20.08,16,instock,yes,CAT 6A S/FTP CORD X10 3M BLK,DIGITUS
DA-90374,,62.23,3,instock,yes,MOBILE WRKSTAT INDIVID HEIGHT ADJUST,DIGITUS
DA-90451,,68.71,3,instock,yes,WORKSTATION MON KBRD MSE WALL MOUNT,DIGITUS
DA-90397,,12.82,37,instock,yes,SINGLEPOLE MONITORMOUNT 32IN 9KG BLK,DIGITUS
DA-90441,,11.1,76,instock,yes,NOTEBOOK DESK/WORKSTATION 17IN,DIGITUS
DA-90443,,24.14,45,instock,yes,UNDER-DESK DRAWER BLK,DIGITUS
DA-90411,,13.87,34,instock,yes,PC MOUNT FOR DESK MOUNTING WITH ELCK,DIGITUS
DN-DVR-1,,59.0,7,instock,yes,WALL MOUNTING CABINET FOR DVR GRY,DIGITUS
DS-30000-1,,13.14,48,instock,yes,2-PRT SERIAL IFCRD PCIE ASIX99100,DIGITUS
DN-10136,,46.86,40,instock,yes,4-PT RJ45 RTL8125B 25GBIT SERVER NIC,DIGITUS
DS-55318,,92.64,38,instock,yes,HDMI EXTENDER SET 50 M 1080P/60HZ,DIGITUS
DS-30221-1,,9.32,116,instock,yes,4PORT USB 3 PCI EXPRESS ADD-ON CARD,DIGITUS
90XB1000KM001U0,4711387539408,16.65,8,instock,yes,U2000 KEYBOARD+MOUSE,ASUS
90XB07H0-BSL040,,15.0,5,instock,yes,ASUS AS1200 SLEEVE 11.6IN GRY WSTRAP,ASUS
90NX0460-P001B0,4711081447122,140.1,11,instock,yes,SIMPRO DOCK 2,ASUS
90XB0700-BKM0W0,4711387539668,23.3,2,instock,yes,CW100 KB+MOUSE/BK/UK/105/2.4GHZ,ASUS
90XB07KN-MTO040,,56.62,4,instock,yes,ASUS PEN SA203H/ C TO C,ASUS
90XB09AN-BPW020,4711387472811,37.16,1,instock,yes,AC65-05 2C GAN CHARGER,ASUS
PM1503CD-715X,,607.53,162,instock,yes,ASUS 15.6 R7-170 16/512 NT W11P,ASUS
B5605CC-MBU715X,,856.77,53,instock,yes,ASUS CSHELL U-255H 16/512 W11P,ASUS
B1403CV-5U12X,,623.11,108,instock,yes,ASUS CS 14 5-120U 16/256 W11P,ASUS
PM3606CK-R715X,,778.88,108,instock,yes,ASUS CS 16 R7-350 16G/512G W11P,ASUS
B3402FV-EC512XA,,607.53,47,instock,yes,ASUS 14 U5-120U 16/256 TCH W11P EDU,ASUS
BR1402F-I3S81XA,,412.8,292,instock,yes,BR1402F I3-N305 8GB/128GB W11P EDU,ASUS
BR1402C-I381XA,,366.07,18,instock,yes,BR1402C I3-N305 8/128 W11P EDU,ASUS
BR12FT-PS81XA,,373.86,25,instock,yes,ASUS N250 TCH 8/128 W11P EDU,ASUS
P5405CSA-U731X,,1012.55,45,instock,yes,ASUS 14 U7-258V 32GB/1TB W11P,ASUS
B5405CC-LYU715X,,817.83,67,instock,yes,ASUS U7255H 16/512 W11P NON-TOUCH,ASUS
P5405CSA-U735W,,895.72,98,instock,yes,ASUS CS 14 U7-258V 32G/512G W11H,ASUS
P1503CV-512XA,,553.01,440,instock,yes,ASUS 15 CS U5-210H 16/256 W11P EDU,ASUS
B3402FV-EC715X,,778.88,118,instock,yes,*Non Cancellable/Non Returnable (NCNR)* ASUS FLIP 14 U7-150U 16/512  W11P,ASUS
BR12CT-C81XA,,280.39,1066,instock,yes,ASUS CS 12 N100 8G/128G W11P EDU,ASUS
BR12FT-CS81XA,,350.49,538,instock,yes,ASUS FLIP TCH N150 8/128 W11P EDU,ASUS
B3402FVEC582XA,,529.64,51,instock,yes,ASUS CS 14 I5-120U 8/256 W11P EDU,ASUS
CZ1104CM4MZ0055,,322.97,1404,instock,yes,ASUS 11.6 CLAMSH 540 8/64 NT CHR,ASUS
CL3001DM2AR7033,,264.81,57,instock,yes,ASUS  MT KOMPANIO 520 TOUCH 4/64 CRM,ASUS
CB3402CVAMW0586,,428.38,5,instock,yes,^ASUS 14 I31315U 8GB/256GB TCH CH,ASUS
CB1505CTAS70319,,370.96,162,instock,yes,ASUS N50 8/128 NON TCH GREY CHR OS,ASUS
CL3001DM2R70210,,319.34,34,instock,yes,ASUS 10.5 MTK520 4GB/64GB CHR,ASUS
CZ1104CM4MZ0022,,257.64,1866,instock,yes,ASUS 11.6 CLAMSH 540 4/64 NT CHR,ASUS
CB5403CMAQM1092,,1015.91,31,instock,yes,ASUS CSHELL U7-155U 16/512 SIL CHR,ASUS
CZ1104FM4NS0073,,369.28,56,instock,yes,ASUS 11.6 FLIP 54 8/64 TCH CHR,ASUS
CB3402CVAPQ1362,,482.45,127,instock,yes,ASUS 16 U3-100U 8/256 NON TCH CHR,ASUS
CB5403CMAQM0909,,842.07,72,instock,yes,ASUS 14 U5-115U 16/256 TCH CHR,ASUS
CZ1104FM4NS0029,,303.77,538,instock,yes,ASUS 11.6 FLIP 540 4/64 TCH CHR,ASUS
CB3402CVAPQ0405,,668.67,204,instock,yes,ASUS 16 U5-120U 16/256 NON TCH CHR,ASUS
CL3001DM2AR7021,,327.13,30,instock,yes,*Non Cancellable/Non Returnable (NCNR)* ASUS 10.5 MTK520 8GB/64GB TS 3Y PUR,ASUS
CB3402CVAMW0411,,685.24,59,instock,yes,ASUS U5-120U 16/256 TCH GREY CHR OS,ASUS
90MS02J2-M00890,,291.61,38,instock,yes,PL64 CEL/8GB/128GB/W11P,ASUS
90LJ00I5-B01070,4711081970712,506.12,1,instock,yes,ASUS ZENBEAM L2 PORTABLE PROJECTOR,ASUS
G3H0002BTWHT,0745883775538,8.74,1039,instock,yes,USB-C IN-EAR HEADPHONE WHITE,BELKIN
CTA003HQSA,0745883930029,52.62,250,instock,yes,DUAL WIRELESS MIC WITH CHARGING CASE,BELKIN
INC012BTBK,0745883843114,18.74,30,instock,yes,USB-C TO 2.5GB ETHERNET ADAPTER,BELKIN
MSA032HQCL,0745883938704,17.54,6,instock,yes,BELKIN CLEAR CASE DEVICE 4,BELKIN
MSA033HQCL,0745883938735,17.54,74,instock,yes,BELKIN CLEAR CASE DEVICE 2,BELKIN
MMA006BTWH,0745883847709,26.31,7,instock,yes,IPHONE MOUNT W MAGSAFE MAC NOTE WHT,BELKIN
OVA153ZZ,0745883886623,49.12,1,instock,yes,PRIVACY SCREEN MACBOOK AIR 15,BELKIN
BBZ002UK-V1,0745883871353,75.83,41,instock,yes,MAGNETIC CASE IPADAIR 10.9 N IPADPRO,BELKIN
BBZ002UK-V2,0745883899548,75.83,20,instock,yes,MAGNETIC KB FOLIO 11 M4 IPAD PRO UK,BELKIN
G3H0002BTBLK,0745883775514,9.99,3764,instock,yes,USB-C IN-EAR HEADPHONE BLACK,BELKIN
MSA005BTCL,,21.04,1,instock,yes,ANTIMICROBIALPROTECASEIPHONE13CLEAR,BELKIN
MSA037HQBK,0745883939138,17.54,75,instock,yes,GRIP CANDY CASE DEVICE 2 BLACK,BELKIN
MSA064HQCL,0745883962723,17.54,23,instock,yes,SHEERFORCE LITE CASE 17E/16E CLEAR,BELKIN
MSA036HQBK,0745883940622,17.54,166,instock,yes,GRIP CANDY CASE DEVICE 4 BLACK,BELKIN
MMA013HQBK,0745883920693,15.78,2,instock,yes,TRAVEL TECH ORGANISER,BELKIN
INZ002BT2MBK,,46.04,70,instock,yes,THUNDERBOLT 4 C-C ACTIVE CABLE 2M,BELKIN
MSA034HQPK,0745883939275,17.54,32,instock,yes,GRIP CANDY CASE DEVICE 1 PINK,BELKIN
ITA002GQGY-APL,0745883904181,78.94,3,instock,yes,VISION PRO TRAVEL BAG,BELKIN
MSA034HQBK,0745883938797,17.54,184,instock,yes,GRIP CANDY CASE DEVICE 1 - BLACK,BELKIN
MSA034HQNY,0745883939268,17.54,1,instock,yes,GRIP CANDY CASE DEVICE 1 NAVY,BELKIN
BBZ003UK-V2,0745883899593,102.91,3,instock,yes,MAGNETIC KB FOLIO 13 M4 IPAD PRO UK,BELKIN
BBZ003UK-V1,0745883871414,102.91,2,instock,yes,MAGNETIC FOLIO 12.9 IPAD PRO,BELKIN
CAC003HQ1.5MBK,0745883904891,15.78,81,instock,yes,2-IN-1 USB-C AND LTG CABLE,BELKIN
MSA035HQBK,0745883938919,17.54,57,instock,yes,GRIP CANDY CASE DEVICE 3 BLACK,BELKIN
OVA154ZZ,0745883886630,49.12,5,instock,yes,PRIVACY SCREEN MACBOOK PRO 16,BELKIN
CAC003HQ1.5MWH,0745883904907,15.78,1678,instock,yes,2-IN-1 USB-C AND LTG CABLE,BELKIN
ENA008HQ2MBK,0745883925247,11.83,13,instock,yes,USB-C - USB-C BRAIDED PCR CABLE 2M,BELKIN
MSA030HQCL,0745883938643,17.54,103,instock,yes,BELKIN CLEAR CASE DEVICE 1,BELKIN
ENA002HQCH,0745883925568,14.2,252,instock,yes,BELKIN TRAVEL CASE NINTENDO CHARCOAL,BELKIN
WIA004DSWH,0745883836291,10.92,48,instock,yes,^MAGSAFE 15W PAD&STAND 2M BRAIDED,BELKIN
ENA004HQ,0745883925445,11.83,229,instock,yes,SCREEN PROTECT ANTI-REFLECT NINTENDO,BELKIN
BBZ001UK-V1,0745883871292,54.16,11,instock,yes,KB CASE IPAD AIR 10.9 N IPAD PRO 11,BELKIN
MSA031HQCL,0745883938674,17.54,81,instock,yes,BELKIN CLEAR CASE DEVICE 3,BELKIN
INC019BTBK,0745883877584,23.33,165,instock,yes,USB-C ETHERNET ADAPTER 100W PD,BELKIN
AVC001BTBK,,24.99,100,instock,yes,USB-C TO VGA CHARGE ADAPTER BLK,BELKIN
AVC002BTBK,0745883799060,24.99,901,instock,yes,USB-C TO HDMI CHARGE ADAPTER BLK,BELKIN
F7U081BTBLK,,15.78,1,instock,yes,^BELKIN DUAL USBC CHARGE ADAPTER BLK,BELKIN
NPA004BTBK,,15.78,22,instock,yes,3.5MM AUDIO + USB-C CHARGE ADAPTER,BELKIN
AUC005BTWH,0745883834761,39.46,167,instock,yes,^SOUNDFORM PLAY TWS EARBUDS WHITE,BELKIN
AUC009BTLV,0745883855087,19.73,362,instock,yes,SOUNDFORM BOLTTRUE W-LESS EARBUD PNK,BELKIN
AUC012BTBK,0745883878192,19.73,3999,instock,yes,SOUNDFORM RHYTHM TRUE WLESS BUDS BLK,BELKIN
AUC005BTBK,0745883834723,39.46,843,instock,yes,SOUNDFORM PLAY TWS EARBUDS BLACK,BELKIN
AUC006BTWH,0745883834822,47.36,77,instock,yes,SOUNDFORMTWS EARBUDS WHITE,BELKIN
AUC011BTBL,0745883877652,23.67,258,instock,yes,SOUNDFORM NANO2 TRUE WLESS BUDS BLE,BELKIN
G3H0003HQBK,,16.66,490,instock,yes,ANC HEADPHONES USB-C CONNECTOR BLK,BELKIN
AUC010BTBK,0745883855117,31.57,207,instock,yes,MOTION TRUE WIRELESS EARBUDS - BLACK,BELKIN
AUC009BTTE,0745883855094,19.73,19,instock,yes,SOUNDFORM BOLTTRUE WLESS EARBUD TEAL,BELKIN
AUD002BTBLV3,0745883879540,23.67,2681,instock,yes,SOUNDFORM MINI KIDS HEADPHONES BLUE,BELKIN
AUD002BTPKV3,0745883879557,23.67,3960,instock,yes,SOUNDFORM MINI KIDS HEADPHONES PINK,BELKIN
AUD009HQBL,0745883908875,23.67,640,instock,yes,SOUNDFORM SURROUND WESS HPHONES BLU,BELKIN
AUD008HQSA,0745883901395,39.46,837,instock,yes,SOUNDFORM NOISE CANCEL HEADPHONE SND,BELKIN
AUD009HQSA,0745883908882,23.67,51,instock,yes,SOUNDFORM SURROUND WLESS HPHONE SAND,BELKIN
AUC011BTPK,0745883878116,23.67,203,instock,yes,SOUNDFORM NANO2 TRUE WLESS BUDS PNK,BELKIN
AUC009BTWH,0745883855100,19.73,856,instock,yes,SOUNDFORM BOLTTRUE WLESS EARBUD WHT,BELKIN
AUD004BTPK,0745883847648,11.83,18,instock,yes,^SOUNDFORM MINI WIRED HEADPHONES PNK,BELKIN
AUC015HQBK,0745883919505,23.67,1276,instock,yes,SOUNDFORM RHYTHM ANC TRUEWLES EARBUD,BELKIN
AUD006BTLV,0745883860968,31.57,154,instock,yes,SOUNDFORMINSPIRE OVEREAR HEADSET LAV,BELKIN
AUC013CTBK,0745883889068,31.57,436,instock,yes,SOUNDFORM CLEARFIT EARBUDS BLACK,BELKIN
AUC010BTWH,0745883858002,31.57,221,instock,yes,MOTION TRUE WIRELESS EARBUDS - WHITE,BELKIN
AUC015HQWH,0745883929702,23.67,403,instock,yes,SOUNDFORM RHYTHM ANC TRUEWLES EARBUD,BELKIN
AUC013CTSA,0745883889075,31.57,44,instock,yes,SOUNDFORM CLEARFIT EARBUDS SAND,BELKIN
PAC003BTWH,0745883841554,23.67,75,instock,yes,SOUNDFORM NANO TWS EARBUDS WHITE,BELKIN
AUC012BTWH,0745883878208,19.73,632,instock,yes,SOUNDFORM RHYTHM TRUE WLESS BUDS WHT,BELKIN
AUD002BTBKV3,0745883879533,23.67,2893,instock,yes,SOUNDFORM MINI KIDS HEADPHONES BLACK,BELKIN
AUD004BTBL,0745883847631,11.83,120,instock,yes,^SOUNDFORM MINI WIRED HEADPHONES BLU,BELKIN
BPB011BTBK-BUN,,36.29,10012,instock,yes,10000MAH POWERBANK TWIN PACK 15W,BELKIN
ENA002HQCH-BUN,,11.66,229,instock,yes,BELKIN GAM BUNDLE NINTENDO CASE N SP,BELKIN
A3L793BT02MBKHS,0745883715121,4.91,17,instock,yes,CAT5E NETWORKING CABLE 2M BLACK,BELKIN
CAA010BT1MBK,,16.14,29,instock,yes,USB-A TO LTG BRAIDED SILICON 1M BLK,BELKIN
AV10176BT2M-BLK,0745883767472,47.36,10,instock,yes,ULTRA HD HI-SPEED HDMI CAB 2M,BELKIN
CAA004BT1MWH,0745883788439,10.83,5345,instock,yes,LIGHTNING TO USBC BRAIDED 1M WHITE,BELKIN
CAA002BT3MWH,,10.83,6,instock,yes,LIGHTNING TO USBA BRAIDED 3M WHT,BELKIN
CAB002BT2MBK,0745883788583,6.25,1826,instock,yes,BOOSTCHRG USBA/USBC CABBRAID 2M BLK,BELKIN
CAA001BT1MWH,,6.51,34,instock,yes,BOOSTCHRG LIGHTNING/USBA CAB 1M WHT,BELKIN
CAB001BT1MWH2PK,0745883860210,9.46,19,instock,yes,USB-A TO USB-C PVC WHITE 1M X2,BELKIN
F7U017BT,0745883730636,13.33,760,instock,yes,CAR VENT MOUNT FOR SMARTPHONE,BELKIN
F2CU012BT2M-BLK,0722868973097,6.31,235,instock,yes,*2M MMICROUSBCHARGESYNCCABLEBLK,BELKIN
CAB002BT1MWH,,5.41,1278,instock,yes,BOOSTCHRG USBA/USBC CABBRAID 1M WHT,BELKIN
CAB011BT2MWH,,16.14,200,instock,yes,USB-C TO USB-C 2.0 BRAID SIL 2M WHT,BELKIN
CAB004BT1MBK,,5.41,3141,instock,yes,USB-C TO USB-C BRAIDED 1M BLK,BELKIN
HDMI0018G-1M,0722868913031,2.66,94,instock,yes,HDMI CABLEHIGH SPEED GOLD1M,BELKIN
CAA001BT2MWH,,7.51,140,instock,yes,BOOSTCHRG LIGHTNING/USBA CAB 2M WHT,BELKIN
AV10164BT04-GRY,0745883682164,9.12,381,instock,yes,3.5MM TANGLE FREE AUX CABGREY,BELKIN
CAB011BT1MWH,,12.62,165,instock,yes,USB-C TO USB-C 2.0 BRAID SIL 1M WHT,BELKIN
CAA002BT1MWH,0745883788736,8.12,6502,instock,yes,LIGHTNING TO USBA BRAIDED 1M WHT,BELKIN
CAB003BT1MBK,,3.75,79,instock,yes,USB-C TO USB-C CABLE 1M BLACK,BELKIN
HDMI0018G-2M,0722868925171,3.0,228,instock,yes,HDMI CABLEHIGH SPEED GOLD2M,BELKIN
CAA011BT1MBK,,19.64,12,instock,yes,USB-C TO LTGBRAIDED SILICON 1M BLK,BELKIN
CAB004BT2MWH,0745883884124,11.83,2715,instock,yes,USB-CTOUSB-C CABLE BRAIDED 2M WHT,BELKIN
CAB002BT3MWH,,7.51,259,instock,yes,USB-A TO USB-C BRAIDED 3M WHITE,BELKIN
CAA002BT0MBK,0745883788705,7.04,124,instock,yes,LIGHTNING TO USBA BRAIDED 0.15M BLK,BELKIN
CAB001BT2MBK,,4.87,523,instock,yes,BOOSTCHRG USBA/USBC CAB 2M BLK,BELKIN
CAC001BT1MBK,0745883799640,10.83,504,instock,yes,LIGHTNG/MICROUSB/USBC TO USBA 1M BLK,BELKIN
CAB025HQ1MBK,0745883915811,11.83,282,instock,yes,USB-C TO USB-C 240W 2.0 BRAID 1M BLK,BELKIN
CAA010BT1MWH,,16.14,5,instock,yes,USB-A TO LTG BRAIDED SILICON 1M WHT,BELKIN
CAA004BT1MBK,,10.83,29,instock,yes,LIGHTNING TO USBC BRAIDED 1M BLACK,BELKIN
CAB002BT2MWH,0745883788590,6.25,1996,instock,yes,USB-A TO USB-C BRAIDED 2M WHITE,BELKIN
CCE001BT1MBK,0745883790456,10.0,416,instock,yes,USBA CAR CHRG USBA TO USBC BLACK,BELKIN
CAC004HQ1.5MBK,,15.78,93,instock,yes,2-IN-1 CABLE WITH USB-C LIGHTNING,BELKIN
CAA010BT2MBK,,17.54,4,instock,yes,USB-A TO LTGBRAIDED SILICON 2M BLK,BELKIN
CAB011BT2MBK,,16.14,177,instock,yes,USB-C TO USB-C 2.0 BRAID SIL 2M BLK,BELKIN
CCD001BT1MBK,,11.66,20,instock,yes,USBA CAR CHRG USBA TO LIGHTNING BLK,BELKIN
CAA002BT2MWH,0745883788750,9.74,3208,instock,yes,LIGHTNING TO USBA BRAIDED 2M WHT,BELKIN
CCB001BTBK,0745883790425,7.51,1382,instock,yes,DUAL USB-A CAR CHARGER 12W X2 BLK,BELKIN
CAB002BT1MBK,0745883788569,5.41,6718,instock,yes,USB-A TO USB-C BRAIDED 1M BLACK,BELKIN
CAB003BT2MBK,,4.87,1016,instock,yes,BOOSTCHARGE USBC / USBC CAB 2M BLK,BELKIN
CAB025HQ1MWH,0745883915828,11.83,843,instock,yes,USB-C TO USB-C 240W 2.0 BRAID 1M WHT,BELKIN
AV10168BT2M-BLK,0745883730346,17.54,154,instock,yes,BELKIN PREMIUM HDMI HDMI CABLE 2M,BELKIN
CAA002BT1MBK,,8.12,984,instock,yes,LIGHTNING TO USBA BRAIDED 1M BLK,BELKIN
CAB002BT0MBK,,5.41,725,instock,yes,USB-A TO USB-C BRAIDED 0.15M BLACK,BELKIN
CAA001BT3MWH,,9.0,6,instock,yes,BOOSTCHRG LIGHTNING/USBA CAB 3M WHT,BELKIN
CAA011BT1MWH,,19.64,116,instock,yes,USB-C TO LTGBRAIDED SILICON 1M WHT,BELKIN
CAB004BT2MBK,0745883814077,11.83,1344,instock,yes,USB-CTOUSB-C CABLE BRAIDED 2M BLK,BELKIN
F3Y021BT5M,0745883713073,10.0,38,instock,yes,HDMI CAB H SP  ETH 5M GOLD CONNECTOR,BELKIN
CAB003BT1MWH,,3.75,27,instock,yes,BOOSTCHRG USBC / USBC CABLE 1M WHT,BELKIN
CAA004BT2MWH,,12.45,2686,instock,yes,LIGHTNING TO USBC BRAIDED 2M WHITE,BELKIN
CAB007BT1MBK,,3.33,812,instock,yes,^BELKIN BRAIDED A-MICROUSB 1M  BLK,BELKIN
CAB002BT3MBK,,7.51,221,instock,yes,USB-A TO USB-C BRAIDED 3M BLACK,BELKIN
CAA002BT0MWH,0745883788712,7.04,931,instock,yes,LIGHTNING TO USBA BRAIDED 0.15M WHT,BELKIN
CAB001BT2MWH,,4.87,1550,instock,yes,BOOSTCHRG USBA/USBC CAB 2M WHT,BELKIN
INC027HQSGY,0745883940943,46.66,1,instock,yes,USB-C 8-IN-1 DUAL DISPLAY HDMI HUB,BELKIN
INC003VFBK,,116.66,13,instock,yes,USB-C TRIPLE DISPLAY MST DOCK,BELKIN
INC018VFBK,0745883866335,65.0,21,instock,yes,USB-C 6-IN-1 CORE GAN DOCK,BELKIN
INC007VFBK,,174.99,10,instock,yes,USB C DISPLAY LINK DOCK TRPLE DSPLY,BELKIN
INC020KQSGY,0745883894482,110.83,1,instock,yes,USB-C 11-IN-1 PRO GAN DOCK,BELKIN
INC014BTSGY,0745883856992,106.24,2,instock,yes,CONNECT 11-IN-1 UNIVERSAL PRO DOCK,BELKIN
INC015BTSGY-CZ,0745883885428,64.99,5,instock,yes,USB-C 8-IN-1 DUAL DISPLAY HHUB,BELKIN
INC006VFSGY,,233.33,8,instock,yes,BELKIN THUNDERBOLT 4 DOCK,BELKIN
AVC022HQSGY,0745883924295,23.33,389,instock,yes,5-IN-1 USB-C HUB DUAL USB-C SILVER,BELKIN
AUD005BTBLK,,23.33,225,instock,yes,SOUNDFORM ADAPT OVER EAR HEADSET,BELKIN
BBZ010UK,0745883913718,10.0,111,instock,yes,WIRELESS KEYBOARD AND MOUSE ENGLISH,BELKIN
F1DN104KVM-UN-4,,691.99,15,instock,yes,4 PORT SINGLEHEADDP KVMSWITCHPP4 0,BELKIN
F1DN202KVM-UN-4,,598.84,1,instock,yes,2 PORTDUALHEADDP KVMSWITCHPP4 0,BELKIN
F1D9019B06T,4260184669554,20.46,33,instock,yes,TAA DP TO DP KVM COMBO CABLE1.8M,LINKSYS
F1DN204KVM-UN-4,,929.67,11,instock,yes,4 PORTDUALHEADDP KVMSWITCHPP4 0,BELKIN
F8J198BTWHT,0745883716517,30.69,15,instock,yes,^LIGHTNING AUDIO AND CHARGE ROCKSTAR,BELKIN
OVA069ZZ,0745883834273,7.51,86,instock,yes,TEMPEREDGLASS FOR IPHONE 13/13 PRO,BELKIN
OVA136ZZ,0745883866533,14.03,2,instock,yes,PRO TEMPGLASS IPHONE 15PLUS/14PROMAX,BELKIN
OVA194HQ,0745883934331,17.54,7,instock,yes,ULTRAGLASS2 SP IPHONE 17 PRO MAX,BELKIN
OVA147ZZ,0745883871063,12.51,4,instock,yes,PRO TEMPGLASS PRIVACY IPHONE15/14PRO,BELKIN
OVA169HQ,0745883897391,19.64,79,instock,yes,INVISIGLASS PRIV AM SP IPHONE 16 PRO,BELKIN
OVA167HQ,0745883897377,21.04,114,instock,yes,GLASS PRIV AM SP IPHONE 16/15/14 PRO,BELKIN
OVA135ZZ,0745883866526,10.0,2,instock,yes,PRO TEMPGLASS SCREEN IPHONE15/14PRO,BELKIN
OVA133ZZ,0745883866502,17.54,6,instock,yes,ULTRAGLASS SCREENPROTECT IPHONE15PRO,BELKIN
OVA078ZZ,0745883834365,17.54,21,instock,yes,ULTRAGLASS FOR IPHONE 13/13 PRO,BELKIN
WIC012HQBK,0745883925681,31.57,152,instock,yes,15W QI2 WIRELESS IN-CAR CHARGER 30W,BELKIN
ENA001HQCH-V2,0745883929450,39.46,5,instock,yes,BELKIN CHARGE CASE 10K NINTENDO CHAR,BELKIN
WCA004MYWH,0745883825042,12.62,254,instock,yes,USB-C PD 3.0 WALL CHARGER 25W UK,BELKIN
WIA012HQBK,0745883910922,8.74,2711,instock,yes,BOOSTCHARGE 15W PAD BLACK W PSU,BELKIN
BPD007BTBK,0745883872091,55.25,8,instock,yes,8K MAGSAFE POWERBANK W KICKSTAND BLK,BELKIN
BPD008BTWH,0745883872145,63.15,375,instock,yes,^10K MAGSAFE POWERBANK KICKSTANDWHT,BELKIN
WIA001MYWH,0745883796809,14.03,2130,instock,yes,^WIRELESS CHRG PAD MICROUSB CBL WHT,BELKIN
WCH010MYWH,,56.14,96,instock,yes,108W 4-PORTS USB DESKTOP CHARGER,BELKIN
WCB002VFWH,0745883793655,12.62,629,instock,yes,DUAL USB-A WALLCHARGER 12W X2 WHT EU,BELKIN
WCC002MY2MWH-B6,0745883860050,35.52,5,instock,yes,3-PORT WALL CHARGER 100W USB-C CABLE,BELKIN
WIZ009MYBK,0745883819423,122.8,10,instock,yes,BOOSTCHRGPRO 3IN1 WIRELS CHARGER BLK,BELKIN
B2B048,0722868950647,15.62,7,instock,yes,USB 3.0 GIGABIT ETHERNET ADAPTER,BELKIN
WCB002MYWH,0745883793648,9.0,1637,instock,yes,DUAL USB-A WALL CHARGER 12W WHT,BELKIN
WCA009DQWH,0745883880447,11.83,98,instock,yes,20W USB-C CUBE WALL CHARGER W PPS WH,BELKIN
WCH013MYBK,0745883844067,22.51,24,instock,yes,65W PD PPS DUAL USB-C CHARGER BLK,BELKIN
BPB028HQBK,0745883916252,31.57,703,instock,yes,20K PD20W POWBANK WITH DISPLAY BLACK,BELKIN
AUC016HQBK,7458839258240,23.67,916,instock,yes,SOUNDFORM ACTIVEFIT EARBUDS BLACK,BELKIN
WCH025MYWH,0745883958825,23.33,232,instock,yes,100W 1C GAN WALL CHARGER WHITE,BELKIN
WIZ001MYBK,,70.17,1,instock,yes,^3IN1 WIRELES PAD/STAND/APLWATCH BLK,BELKIN
WIA012MYBK,0745883910960,11.66,49,instock,yes,BOOSTCHARGE 15W PAD BLACK W PSU,BELKIN
BPB012BTGY,0745883881246,27.62,60,instock,yes,20K POWER BANK 15W SPACE GREY,BELKIN
BPZ003BT1MBK-B6,0745883864973,47.36,3,instock,yes,^HYBRID WALLCHARGER 25W +5K POWERBNK,BELKIN
F4U042BT,0745883671069,6.24,53,instock,yes,4-PORTTRAVEL USB 2.0 HUB ULTRA-SLIM,BELKIN
BPD016HQBK,0745883941704,47.36,11,instock,yes,10K QI2 15W PD20W POWERBANK KS BLK,BELKIN
WCA008MYWH,0745883891023,11.99,4277,instock,yes,30W USB PD WALL CHARGER W PPS WHT,BELKIN
BPB021HQBK,0745883891801,14.58,448,instock,yes,10K INTEGRATED USB-C CBLE POWBNK BLK,BELKIN
WCA009MY1MWH-B6,0745883910168,18.15,2039,instock,yes,20W USB PD WCHARGER WPPS WHT  W1MC-C,BELKIN
WCA012MYBK,0745883906536,9.99,11,instock,yes,25W USB PD WALL CHARGER WITH PPS BLK,BELKIN
BPD006BTBK,0745883872053,39.46,67,instock,yes,5K QI2 MAGSAFE COMPPOWERBANK W STAND,BELKIN
WIZ016MYBK-APL,,20.26,7,instock,yes,3-IN-1 WIRELESS CHARGING PAD WITH MA,BELKIN
BSV400AF2M,0745883643516,9.37,488,instock,yes,BELKIN 4 OUTLET SURGE STRIP - 2M,BELKIN
WIZ040MYCH,7458839229390,86.83,58,instock,yes,PRO 25W QI2 3IN1 MAG CHARGE CHARCOAL,BELKIN
BPB040HQCH,0745883947966,118.41,198,instock,yes,27K 240WPD POWERBANK DIGITAL DISPLAY,BELKIN
AUC016HQCR,7458839342460,23.67,59,instock,yes,SOUNDFORM ACTIVEFIT EARBUDS CREAM,BELKIN
WIZ040MYSD,7458839229460,86.83,33,instock,yes,PRO 25W QI2 3IN1 MAGNETI CHARGE SAND,BELKIN
WCA012MY1MWH-2P,,39.45,46,instock,yes,25W USB-C MAINCHARGE N CCABLE TWIN,BELKIN
AVC012BT2MBK,0745883843060,31.24,2,instock,yes,USB C TO HDMI 2.1 CABLE 2M,BELKIN
WIC004BTBK-NC,0745883828746,24.56,6,instock,yes,MAG WRLS CARVENT MOUNT CHARG NO CLA,BELKIN
WCA009KQWH,0745883904495,11.83,330,instock,yes,20W USB PD WALL CHARGER W PPS WHT,BELKIN
WIZ024MYBK,0745883869015,94.73,17,instock,yes,BOOSTCHARGE 3IN1 WLESS CHARGE W QI2,BELKIN
BPD002BTBK,0745883822409,8.59,682,instock,yes,^WIRELESS POWER BANK 2.5K MAH BLACK,BELKIN
NPA004BTWH,0745883863730,15.78,28,instock,yes,3.5MM AUDIO + USB-C CHARGE ADAPT,BELKIN
WCB009MYWH,0745883867974,16.66,99,instock,yes,42W USB-C +12W USB-A DUALCHARGER WHT,BELKIN
WCB009VFWH,0745883867981,19.73,44,instock,yes,42W USB-C USB-A DUAL WCHARGER WHT EU,BELKIN
INC016MYBK,0745883864560,36.66,82,instock,yes,USB-C CORE GAN ADAPTER UK PLUG 100W,BELKIN
BPB027HQBK,0745883916153,19.73,503,instock,yes,10K PD20W POWER BANK WITH DISPLAY,BELKIN
INC024HQSGY,0745883924394,34.99,286,instock,yes,CONNECT 8-IN-1 USB-C HUB DUAL USB-C,BELKIN
ENA007MYBK,0745883925223,23.67,40,instock,yes,65W DUAL GAN USB-C CHARGER UK WCH011,BELKIN
WCH022MYWH,0745883946600,27.62,153,instock,yes,67W USB-C RETRACTABLE WALL CHARGER,BELKIN
WCH016HQWH,0745883918317,43.33,1,instock,yes,100W WALCHARGE W PLUG TIPS UK EU US,BELKIN
WIA011MYBK,0745883909230,23.67,2,instock,yes,BOOSTCHARGE QI2 15W MAGNETIC PAD BLK,BELKIN
BPB020BTBK,0745883887064,46.66,913,instock,yes,20K LAPTOP POWERBANK DIGITAL DISPLAY,BELKIN
WCA013MYWH,0745883908288,11.66,895,instock,yes,45W USB PD WALLCHARGER WITH PPS WHT,BELKIN
WCA013MY1MBK-B6,0745883908264,23.67,168,instock,yes,45W USB WCHARGE WPPSBLK W C-C CABLE,BELKIN
WIZ043MYCH,0745883923465,71.04,65,instock,yes,ULTRACHARGE 25W QI2 COMPACT 2IN1,BELKIN
WIC004BTBK,,31.57,91,instock,yes,MAG WRLS CAR VENT MOUNT CHARGER CLA,BELKIN
BSV604AF2M,0745883643608,22.36,23,instock,yes,6 WAYSURGEPROT 2M 2 X 2.4AMPUSBCHARG,BELKIN
WCA008KQWH,0745883891009,14.2,19,instock,yes,30W USB PD WALL CHARGER WITH PPS WH,BELKIN
WCD001MY1MWH,,21.04,1148,instock,yes,DUAL USBA WALLCHRG/USBA/LIGHTNG WHT,BELKIN
WCC002VFWH,,31.57,295,instock,yes,BOOSTCHARGE 3-PORT USB-C CHARGER,BELKIN
BPB011BTGY,0745883881161,18.15,496,instock,yes,10K POWER BANK 15W SPACE GREY,BELKIN
WCH019MYWH,,23.67,407,instock,yes,50W DUALCHARGER WPPS WHT FOLDINGPINS,BELKIN
WCC002MYWH,0745883860067,23.33,406,instock,yes,3-PORT USB-C WALL CHARGER W PPS 67W,BELKIN
AUD012HQBLCS,0745883963072,27.62,678,instock,yes,KIDS WIRELESS ON-EAR HEADPHONES BLUE,BELKIN
WIB007MYBK,0745883889778,31.57,2,instock,yes,^BOOSTCHARGE QI2 15W MAGNETIC BLACK,BELKIN
AVC023HQSGY,0745883924349,29.16,117,instock,yes,CONNECT 7-PORT USB-C HUB DUAL USB-C,BELKIN
WCH023MYWH,0745883946495,23.67,150,instock,yes,45W USB-C RETRACTABLE WALL CHARGER,BELKIN
WCH015VFWH,0745883868230,94.73,5,instock,yes,^PRO 4-PORT USB-C GAN CHARGE 200W EU,BELKIN
WCH015MYWH,0745883868186,69.99,34,instock,yes,PRO 4-PORT USB-C GAN CHARGER 200W,BELKIN
AUC014HQBK,7458839195260,23.67,1,instock,yes,SOUNDFORM ANYWHERE WLESS EARBUD BLK,BELKIN
WCA008MY1MWH-B5,0745883904105,26.04,423,instock,yes,30W USB WCHARGER WHT 1M C-LTG,BELKIN
WCA008MY1MWH-B6,0745883904112,16.33,363,instock,yes,30W USB WCHARGER WHT 1M C-C,BELKIN
CCC001HQBK,0745883929108,23.67,407,instock,yes,75W 2-PORT W RETRACT USB-C CARCHARGE,BELKIN
WIZ032MYWH,0745883900350,94.73,156,instock,yes,BOOSTCHARGE PRO 3-IN-1 15W WLESS WHT,BELKIN
AUC014HQCR,7458839296860,23.67,34,instock,yes,SOUNDFORM ANYWHERE WLESS EARBUD CRM,BELKIN
BPB024HQBL,0745883898947,27.62,40,instock,yes,20K 30W W USB-C CABLE POWER BANK BLU,BELKIN
WCA004MYBK,0745883850013,12.62,4,instock,yes,25W PD PPS WALL CHARGER BLACK,BELKIN
WCA011MYWH,0745883909445,16.66,9,instock,yes,65W USB PD WALL CHARGER W PPS WHT,BELKIN
WIZ026MYBK,0745883883080,94.73,52,instock,yes,PRO 2IN1 FOLD TRAVEL CHARPAD MAG15W,BELKIN
BPD012HQBK,0745883926299,63.15,318,instock,yes,BOOSTCHARGE PRO 10K WATCH 45W BLACK,BELKIN
BPB039HQBK,0745883942909,78.94,198,instock,yes,25K PD140W DISPLAY POWERBANK 1A1C BL,BELKIN
BPB012BTRG,0745883837717,27.62,4420,instock,yes,20K POWER BANK USB-A & C 15W RG,BELKIN
BU041HQBK,0745883920884,49.72,56,instock,yes,10K POWBANK 2X25W UK&EU N1MC-C CABLE,BELKIN
WCA013KQWH,0745883908240,15.78,282,instock,yes,45W USB PD WALL CHARGER W PPS WHT,BELKIN
BPB030HQBK,0745883932375,39.46,100,instock,yes,20K PD45W DISPLAY POWERBANK 1A1C BLK,BELKIN
AUD010HQPK,7458839205530,9.99,1740,instock,yes,SOUNDFORM MINI WD HEADPHONE USB-CPNK,BELKIN
BPB011BTSL,0745883881192,18.15,10,instock,yes,10K POWER BANK 15W SILVER,BELKIN
BPB012BTBL,,27.62,6315,instock,yes,20K POWER BANK USB-A & C 15W BLUE,BELKIN
BPB012BTBK,0745883837694,27.62,6807,instock,yes,20K POWER BANK USB-A & C 15W BLACK,BELKIN
BPB011BTBL,0745883823499,18.15,2705,instock,yes,10K POWER BANK BLUE,BELKIN
WIZ037MYBK,7458839199150,63.15,52,instock,yes,25W QI2 3IN1 MAGNETIC CHARGEUK BLKRD,BELKIN
WCA009MYWH,0745883904501,9.99,19247,instock,yes,20W USB PD WCHARGER WITH PPS WHT,BELKIN
BPB011BTBK,0745883821952,18.15,20025,instock,yes,10K POWER BANK BLACK,BELKIN
BPB024HQPK,0745883898954,27.62,54,instock,yes,20K 30W W USB-C CABLE POWER BANK PNK,BELKIN
WIZ027MYH37,0745883887910,86.83,25,instock,yes,BOOSTCHARGE PRO 2IN1 QI215WCHARG SND,BELKIN
BPB011BTRG,0745883823505,18.15,1057,instock,yes,10K POWER BANK ROSE GOLD,BELKIN
WIZ017MYBK-APL,,122.8,1,instock,yes,^PRO MAGSAFE 3-IN-1 CHARGING STAND,BELKIN
AUD012HQPKCS,0745883963089,27.62,582,instock,yes,KIDS WIRELESS ON-EAR HEADPHONES PINK,BELKIN
F4U021BT,0745883670857,4.99,10,instock,yes,*USB2.0 4-PORT TRAVEL HUB,BELKIN
WIZ021MYBK,0745883865970,55.25,1,instock,yes,^PRO 2IN1 15W MAGNETICCHARGINGPADBLK,BELKIN
AUD010HQBL,7458839205460,9.99,292,instock,yes,SOUNDFORM MINI WD HEADPHONE USB-CBLU,BELKIN
WCA013MY1MWH-B6,0745883911011,23.67,48,instock,yes,45W USB WCHARGE WPPSWHT W1M C-CCABLE,BELKIN
BBZ014UK,7458839283510,6.51,260,instock,yes,WIRED KEYBOARD AND MOUSE ENGLISH,BELKIN
BPB016BTBK,0745883862115,55.25,534,instock,yes,BOOSTCHARGE 4PORT 27K 32W POWERBANK,BELKIN
SRB001AF2M,0745883855513,17.49,113,instock,yes,SURGE PROTECTION WITH USB C 4 OUTLET,BELKIN
SRB002AF2M,0745883855551,20.41,135,instock,yes,SURGE PROTECTION WITH USB C 6 OUTLET,BELKIN
SRB004AF2M,0745883855636,29.99,9,instock,yes,SURGE USB C 8 OUTLET DUAL USBC 30W P,BELKIN
SRB003AF2M,0745883855599,23.33,122,instock,yes,SURGE PROTECTION WITH USB C 8 OUTLET,BELKIN
B2B081-C00,0722868970720,5.41,667,instock,yes,11 LAPTOP/CHROMEBOOK SLEEVE BLACK,BELKIN
B2B064-C00,0722868957738,7.04,177,instock,yes,13 LAPTOP/CHROMEBOOK SLEEVE BLACK,BELKIN
F8N900BTBLK,0745883739479,31.57,10,instock,yes,^15.6IN CLASSIC PRO BACKPACK,BELKIN
SFA098EC,0745883866885,15.79,79,instock,yes,ULTRAGLASS SCREEN IPHONE 15 PRO MAX,BELKIN
SFI008EC,0745883892327,18.42,3,instock,yes,GLASS SP FOR TCP - IPAD PRO 11IN M4,BELKIN
SFA122ZW,0745883897339,18.42,138,instock,yes,GLASS PRIV AM SP IPHONE 16 PRO MAX,BELKIN
SFA119ZW,0745883897247,18.42,195,instock,yes,GLASS PRIV AM SP IPHONE 16/15/14 PRO,BELKIN
SFA109EC,0745883871186,15.79,4,instock,yes,PRO TEMPGLASS PRIVACY IPHONE 15 PRO,BELKIN
SFA134ZW,0745883934980,18.42,167,instock,yes,INVISIGLASS PRIVACYSCREN IPHONE17PRO,BELKIN
SFI003EC,0745883892273,18.42,15,instock,yes,GLASS SP FOR TCP - IPAD 10TH GEN,BELKIN
SFI007EC,0745883892310,21.05,2,instock,yes,GLASS SP FOR TCP - IPAD AIR 13IN M2,BELKIN
SFA097EC,0745883866878,15.79,67,instock,yes,ULTRAGLASS SCREENPROTECT IPHONE15PRO,BELKIN
SFI009EC,0745883892334,21.05,13,instock,yes,GLASS SP FOR TCP - IPAD PRO 13IN M4,BELKIN
SFA148ZW,0745883962143,15.79,520,instock,yes,SMARTSHIELD GLS SP 17E/16E/14/13/13P,BELKIN
SFA029EC,0745883824069,15.79,7,instock,yes,SFP - IPHONE 11/ XR ULTRA GLASS,BELKIN
SFA108EC,0745883871155,15.79,2,instock,yes,PROGLASSPRIVACY IPHONE15PLUS14PROMAX,BELKIN
SFA062EC,0745883834501,15.79,7,instock,yes,ULTRAGLASS FOR IPHONE 13 MINI,BELKIN
SFA133ZW,0745883934973,18.42,206,instock,yes,INVISIGLAS PRIVACYSCREEN,BELKIN
SFA096EC,0745883866861,15.79,26,instock,yes,SCREENPROTECT GLASS IPHONE 15PLUS 14,BELKIN
SFA110EC,0745883871216,15.79,59,instock,yes,PRO TEMPGLASS PRIVACY IPHONE15PROMAX,BELKIN
SFA028EC,0745883824052,15.79,9,instock,yes,SFP -IPHONE 11 PRO XS/X ULTRA GLASS,BELKIN
SFA107EC,0745883871124,15.79,6,instock,yes,PRO TEMPGLASS PRIVACY IPHONE15/14PRO,BELKIN
SFA120ZW,0745883897278,18.42,137,instock,yes,GLASS PRIV AM SP IPHONE 16 PLUS,BELKIN
SFA095EC,0745883866854,15.79,88,instock,yes,SCREENPROTECT GLASS IPHONE 15/14PRO,BELKIN
SFA127ZW,0745883934911,15.79,238,instock,yes,ULTRAGLASS2 SCREENPROTECT,BELKIN
SFA027EC,0745883824045,15.79,11,instock,yes,SFP -IPHONE SE/8/7/6S/6?ULTRA GLASS,BELKIN
SFA112ZW,0745883897032,15.79,135,instock,yes,ULTRAGLASS2 AM SP IPHONE 16 PRO MAX,BELKIN
SFI006EC,0745883892303,18.42,9,instock,yes,GLASS SP FOR TCP - IPAD AIR 11IN M2,BELKIN
SFA099EC,0745883866892,13.16,28,instock,yes,PRO TEMPGLASS SCREEN IPHONE15/14PRO,BELKIN
F4U090BTBLK,0745883702756,19.83,662,instock,yes,USB 3.0 TYPE-C USB-C MINI HUB BLACK,BELKIN
F2CU036BTBLK,0745883692378,6.25,1004,instock,yes,ADAPT USB 3.0 C-USB A 5GBPS1.5 BLK,BELKIN
BGW83,4260052193808,69.52,2,instock,yes,LIGHTBASE500 ATX GAM CASE ALU BK,BEQUIET
BGW64,4260052190647,137.38,9,instock,yes,SHADOW BASE 800 FX RGB CASE WHITE,BEQUIET
BK046,4260052193143,42.25,36,instock,yes,BE QUIET DARK ROCK 6,BEQUIET
BK048,4260052193938,56.0,29,instock,yes,BE QUIET DARK ROCK PRO 6,BEQUIET
BW020,4260052191125,65.69,30,instock,yes,LIGHT LOOP 240MM ARGB LIQUID COOLER,BEQUIET
BL131,4260052191699,28.89,18,instock,yes,LIGHT WINGS 14CM PWM ARGB FANS 1800,BEQUIET
BL130,4260052191682,28.89,22,instock,yes,LIGHT WINGS 14CM PWM ARGB FANS 1800,BEQUIET
BL139,4260052193853,19.81,40,instock,yes,140MM FAN PURE WINGS 3 PWM 3PK BK,BEQUIET
BL138,4260052193846,19.81,34,instock,yes,140MM FAN PURE WINGS 3 PWMHS 3PK BK,BEQUIET
BL137,4260052193839,18.35,34,instock,yes,120MM FAN PURE WINGS 3 PWM 3PK BK,BEQUIET
BL136,4260052193822,18.35,20,instock,yes,120MM FAN PURE WINGS 3 PWM 3PK WT,BEQUIET
BL141,4260052193877,18.35,31,instock,yes,120MM FAN PURE WINGS 3 PWM 3 PK BK,BEQUIET
BL140,4260052193860,18.35,33,instock,yes,120MM FAN PURE WINGS 3 PWMHS 3PK BK,BEQUIET
BL104,4260052190760,6.63,122,instock,yes,BL104 PURE WINGS 3 12CM FAN,BEQUIET
BL120,4260052191583,10.36,52,instock,yes,LIGHT WINGS 12CM PWM ARGB FAN 1600 R,BEQUIET
BL122,4260052191606,27.62,60,instock,yes,LIGHT WINGS 12CM PWM ARGB FANS 1600,BEQUIET
BL085,4260052186879,8.37,33,instock,yes,BL085 SHADOW WINGS 2 12CM PWM FAN,BEQUIET
BL128,4260052191668,28.89,11,instock,yes,LIGHT WINGS 14CM PWM ARGB FANS 1200,BEQUIET
BL127,4260052191651,28.89,29,instock,yes,LIGHT WINGS 14CM PWM ARGB FANS 1200,BEQUIET
BL129,4260052191675,10.81,14,instock,yes,LIGHT WINGS 14CM PWM ARGB FAN 1800 R,BEQUIET
BL123,4260052191613,10.36,42,instock,yes,LIGHT WINGS 12CM PWM ARGB FAN 2100 R,BEQUIET
BL126,4260052191644,10.81,40,instock,yes,LIGHT WINGS 14CM PWM ARGB FAN 1200 R,BEQUIET
BL125,4260052191637,27.62,33,instock,yes,LIGHT WINGS 12CM PWM ARGB FANS 2100,BEQUIET
BN332,4260052189375,237.98,24,instock,yes,1600W DARK POWER PRO 13 PSU,BEQUIET
BP012UK,4260052193075,41.77,20,instock,yes,SYSTEM POWER 11 750W PSU,BEQUIET
BP029EU,4260052193655,104.98,11,instock,yes,BQ 1200W PURE POWER 13 M PSU,BEQUIET
BP020EU,4260052192023,141.54,9,instock,yes,BEQUIET 1000W DARK POWER 14,BEQUIET
BN337,4260052189429,107.8,20,instock,yes,850W STRAIGHT POWER 12 PSU,BEQUIET
BP019EU,4260052192016,127.37,21,instock,yes,DARK POWER 14 850W PSU,BEQUIET
BP907,4260052194140,125.29,38,instock,yes,BEQUIET 1000W STRAIGHT POWER 12 PSU,BEQUIET
TC4,4977766712217,3.65,5,instock,yes,BROTHER TC-4 CUTTER BLADE,BROTHER
PABU001,4977770000000,60.21,2,instock,yes,PABU001 LI-ION BATTERY BASE UNIT,BROTHER
DKBU99,4977770000000,4.86,5,instock,yes,BRO QL500/550 BLADE CUTTER X2,BROTHER
BAE001,4977766720175,13.98,5,instock,yes,BROTHER RECHARGABLE LI-ON BATTERY,BROTHER
QL1110NWBCZU1,4977766826785,175.79,14,instock,yes,QL1110NWBC LABEL PRINTER,BROTHER
PTP700ZU1,4977770000000,61.05,5,instock,yes,PTP700 PROFESSIONAL PC LABELLING MAC,BROTHER
QL1100CZU1,4977766826044,112.63,6,instock,yes,BROTHER QL1100 LABEL PRINTER,BROTHER
PTP710BTHZ1,4977766800037,75.79,3,instock,yes,PTP710BTH  LABEL & RIBBON PRINTER,BROTHER
PTH110TA1,4977770000000,32.13,9,instock,yes,PT-H110 HANDHELD LABELLING MACHINE,BROTHER
QL800ZU1,4977770000000,75.79,9,instock,yes,QL-800 ADDRESS LABEL PRINTER,BROTHER
QL810WCZU1,4977766827034,121.05,12,instock,yes,QL810WC WIRELESS LABEL PRINTER,BROTHER
PTD210VPZU1,4977766757287,30.53,3,instock,yes,DESKTOP LABEL MACHINE WITHCARRY CASE,BROTHER
VC500WCRZU1,4977766801133,144.61,14,instock,yes,VC-500WCR - COLOUR LABEL PRINTER,BROTHER
HLL5210DNQJ1,4977766824972,201.05,3,instock,yes,HLL5210DN MONO LASER PRINTER,BROTHER
MFCJ6960DWZU1,4977766846066,335.79,14,instock,yes,MFC-J6960DW A3 WIRELESS INKJET,BROTHER
MFCJ6760DWZU1,4977766846059,274.74,6,instock,yes,MFC-J6760DW A3 WIRELESS INKJET,BROTHER
DCPL5510DWQK1,4977766824545,306.32,4,instock,yes,DCPL5510DW 3-IN-1 MONO LASER,BROTHER
DCPJ1800DWZU1,4977766821155,169.47,2,instock,yes,DCP-J1800DW COLOUR WIRELESS INKJET,BROTHER
MFCL6710DWQK1,4977766824651,516.84,3,instock,yes,MFCL6710DW ALL-IN-1 MONO LASER,BROTHER
HLL9470CDNZU1,5023821216486,546.32,2,instock,yes,HL-L9470CDN WORKGROUP COLOUR LASER,BROTHER
HLL2400DWZU1,4977766827362,108.42,5,instock,yes,HLL2400DW MONO LASER PRINTER,BROTHER
HLL2865DWQJ1,4977766827355,138.95,3,instock,yes,HL-L2865DW COMPACT MONO LASER,BROTHER
HLL8260CDWZU1,4977766774116,236.84,5,instock,yes,HL-L8260CDW WIRELESS COLOUR LASER,BROTHER
HLL5210DWQJ1,4977766824781,210.53,5,instock,yes,HLL5210DW MONO LASER PRINTER,BROTHER
HLL8240CDWQJ1,4977766832175,277.89,2,instock,yes,HLL8240CDW COMPACT COLOUR LED,BROTHER
MFCL5710DWQJ1,4977766824637,392.63,1,instock,yes,MFCL5710DW ALL-IN-1 MONO LASER,BROTHER
DCPJ1260WZU1,4977766838733,83.16,6,instock,yes,DCP-J1260W COMPACT W/LESS INKJET,BROTHER
DCPJ1360DWZU1,4977766838757,103.16,4,instock,yes,DCP-J1360DW COMPACT W/LESS INKJET,BROTHER
MFCL6910DNQK1,4977766824675,698.95,2,instock,yes,MFCL6910DN ALL-IN-1 MONO LASER,BROTHER
DCPL8410CDWZU1,4977766774314,329.47,7,instock,yes,DCP-L8410CDW 3IN1 W/LESS CLR LASER,BROTHER
MFCL3740CDWZU1,4977766824040,323.16,1,instock,yes,MFC-L3740CDW COLOUR LED ALL-IN-ONE,BROTHER
MFCJ4350DWZU1,4977766841115,149.47,23,instock,yes,MFC-J4350DW WIRELESS OFFICE INKJET,BROTHER
HLL1240WZU1,4977766844741,84.21,14,instock,yes,HL-L1240W COMPACT MONO LASER,BROTHER
HLL5215DNQK1,4977766824750,287.37,22,instock,yes,HLL5215DN MONO LASER PRINTER TENDER,BROTHER
MFCL9630CDNZU1,5023821216509,909.47,3,instock,yes,MFC-L9630CDN WORKGROUP COLOUR LASER,BROTHER
HLL5000DZU1,4977766753289,163.16,4,instock,yes,HLL5000D MONO LASER PRINTER,BROTHER
HLL9430CDNZU1,5023821216479,450.53,5,instock,yes,HL-L9430CDN WORKGROUP COLOUR LASER,BROTHER
HLL8430CDWZU1,4977766841214,296.84,1,instock,yes,HL-L8430CDW PRO COLOUR LASER PRINTER,BROTHER
MFCJ4550DWZU1,4977766841122,184.21,17,instock,yes,MFC-J4550DW WIRELESS OFFICE INKJET,BROTHER
DCPL3560CDWZU1,4977766823968,311.58,4,instock,yes,DCP-L3560CDW COLOUR LED 3-IN-1,BROTHER
MFCL9670CDNZU1,,1101.05,1,instock,yes,MFC-L9670CDN WORKGROUP COLOUR LASER,BROTHER
HLL6410DNQJ1,4977766824835,469.47,1,instock,yes,HLL6410DN MONO LASER PRINTER,BROTHER
MFCL8970CDWZU1,5023821219418,736.84,1,instock,yes,MFC-L8970CDW PRO COLOUR LASER PRINTE,BROTHER
DCPT580DWZU1,4977766838764,208.42,4,instock,yes,DCP-T580DW COMPACT W/LESS INK TANK,BROTHER
MFCJ5340DWZU1,4977766814430,191.58,1,instock,yes,MFC-J5340DW A3 INKJET WIRELESS,BROTHER
HLL2445DWZU1,4977766829120,132.63,3,instock,yes,HLL2400DW MONO LASER PRINTER,BROTHER
HLL8230CDWQJ1,4977766832168,268.42,4,instock,yes,HLL8230CDW COMPACT COLOUR LED,BROTHER
DCPL8630CDWZU1,4977766841337,431.58,1,instock,yes,DCP-L8630CDW PRO COLOUR LASER PRINTE,BROTHER
DCPJ1460DWZU1,4977766838641,118.95,2,instock,yes,DCP-J1460DW COMPACT W/LESS INKJET,BROTHER
MFCJ5955DWTS1,4977766817899,301.05,3,instock,yes,MFC-J5955DW A4 COLOUR INKJET W/LESS,BROTHER
MFCJ6977DWZU1,4977766847223,497.89,3,instock,yes,MFC-J6977DW A3 INKJET ALL-IN-1 PRINT,BROTHER
MFCL2827DWXLZU1,4977766831475,278.95,2,instock,yes,MFC-L2827DWXL ALL-IN-ONE MONO LASER,BROTHER
ADS4300NZU1,4977766814621,277.89,3,instock,yes,ADS-4300N WIRED DESKTOP SCANNER,BROTHER
ADS4100ZU1,4977766814485,258.95,6,instock,yes,ADS-4100 DESKTOP SCANNER,BROTHER
DS940DWTJ1,4977770000000,136.84,1,instock,yes,DS-940DW PORTABLE SCANNER,BROTHER
DS740DTJ1,4977766800594,112.63,7,instock,yes,DS-740D PORTABLE SCANNER,BROTHER
TAGBLU,5060746170073,12.46,3,instock,yes,BOOMTAG - OCEAN BLUE,BOOMPODS
TAGPIN,5060746170097,12.46,2,instock,yes,BOOMTAG - PINK,BOOMPODS
SKIWHT,5081304398876,19.95,7,instock,yes,SKIM OCEAN TWS - WHITE,BOOMPODS
SKIBLK,5081304398869,19.95,4,instock,yes,SKIM OCEAN TWS - BLACK,BOOMPODS
TAGRED,5060746170233,12.46,10,instock,yes,BOOMTAG - RED,BOOMPODS
TACARD,5060746170301,14.96,4,instock,yes,BOOMCARD - BLACK,BOOMPODS
USB3C-HDMICAB4K,,9.62,10,instock,yes,USB3C TO HDMI ADAPTER - 2160P 60HZ,CABLES DIRECT
CDLDP8K-02MK,,3.53,74,instock,yes,2M DP1.4 M -M CAB DYNAMIC HDR MST,CABLES DIRECT
USB3C-HDV024K,,14.55,1,instock,yes,USB3C TO HDMI DVI AND VGA - 60HZ,CABLES DIRECT
USB-CHR21A,,4.61,56,instock,yes,1 PORT 2.1AMP USB-A MAINS CHARGER W,CABLES DIRECT
USB3CHDMIVGA04K,,11.71,3,instock,yes,USB C TO HDMI 4K 60HZ + VGA 1080P,CABLES DIRECT
CT-VEL300,,10.6,1,instock,yes,300MMX17MM VELCROCABLETIES BLK 25PK,CABLES DIRECT
CDLHD-000A,,2.85,3,instock,yes,35CM HDMI AM TO 2 X AF BLACK ADAPTOR,CABLES DIRECT
MPBL-9,5055781230615,0.54,16,instock,yes,DARK BLUE MOUSE MAT 6MM CLOTH&RUBBER,CABLES DIRECT
USB3C-HDMIVGA01,5055781242007,11.24,1,instock,yes,^USBC TO HDMI 4K 30HZ VGA 1080,CABLES DIRECT
77HDMI-VGA01,5055781241123,2.98,4,instock,yes,15CM HDMI TO VGA DISPL ADAPTOR,CABLES DIRECT
USB3C-ETHGIG,5055781233814,7.91,29,instock,yes,15CM LEAD USB TYPE C(M)-GIG ETH ADA,CABLES DIRECT
USB3C-HUB4BP,5055781225772,6.5,16,instock,yes,15CM LEAD USB C(M)-4X USB3.0A(F) ADA,CABLES DIRECT
USB3C-HDMICOMBO,5055781235030,20.46,8,instock,yes,15CM USB TYPEC M-HDMI USBGIGABIT ADA,CABLES DIRECT
NLMOB-901-2,,5.01,13,instock,yes,1.8MTR USBC M C M 20V 10G,CABLES DIRECT
RB-301-WH,5055781225284,1.95,20,instock,yes,1.8M IEC C13F-IEC C14M WHT POW EXT C,CABLES DIRECT
99CDL2-0125,5055781239366,1.18,3,instock,yes,5MTR USB 2.0 A MALE - A  MALE,CABLES DIRECT
HDMINIDP-HDMI2M,5055781230349,4.82,13,instock,yes,2M MINI DIS PORT (M) - HDMI (M) BLK,CABLES DIRECT
HDMINIDP-HDMI3M,,6.82,42,instock,yes,3M  MINI DIS PORT (M) - HDMI (M) BLK,CABLES DIRECT
RB-02M06SPD,5055781239182,6.57,56,instock,yes,2M 6WAY MAINS EXT BLCK SUR PROT-ROHS,CABLES DIRECT
CT-280B,5055781229664,1.52,3,instock,yes,BLACK NYLON CABLE TIE 4.8 X 300MM   ,CABLES DIRECT
RB-291W,5055781231292,2.13,10,instock,yes,2M US PLUG M IEC C13 F BLK POW CAB,CABLES DIRECT
NLMOB-901BDBK,5055781249259,4.29,27,instock,yes,1M USB 3.1 TYPEC M-M BLK BRAIDED,CABLES DIRECT
NLMOB-931-1H,,2.35,64,instock,yes,1.5MTR USBC M  C M 5V 3A 5G,CABLES DIRECT
CDLMDP-100BK,5055781242335,2.61,9,instock,yes,1M DISPL PORT M MINI DISPL PORT M BG,CABLES DIRECT
USB3C-VGA-5M,,13.36,23,instock,yes,5M USB TYPEC M VGA M BLK 1080P 60HZ,CABLES DIRECT
FB4M-LCLC-200D,,14.68,1,instock,yes,20M OM4 FIBRE OPTIC CABLE LC-LC,CABLES DIRECT
CDLDP-003LOCK,5055781224959,4.09,9,instock,yes,3MTR BLK PORT M/M CABGOLD CONNECTORS,CABLES DIRECT
USB2-REP20,,19.31,2,instock,yes,20M USB2 AM-AF BOOSTED EXTS CABLE-BL,CABLES DIRECT
FB3M-LCSC-010D,,2.21,48,instock,yes,1M LC-SC 50/125 MMD OM3 CABLE - AQUA,CABLES DIRECT
CDL-160,5055781209833,0.86,29,instock,yes,USB2 A MALE - MICRO B MALE 1.8M,CABLES DIRECT
CDLMDP-102BK,5055781242342,3.55,6,instock,yes,2M DISPL PORT M MINI DISPLPORT M  BG,CABLES DIRECT
99CDL2-1601,5055781239557,0.53,11,instock,yes,1MTR USB 2.0 A MALE TO MICRO B MALE,CABLES DIRECT
EX-088FULL,5055781212642,4.33,1,instock,yes,20CM HD15M-HD15F SPLIT CBL-GREY     ,CABLES DIRECT
USB3C-951REV,5055781247057,3.47,36,instock,yes,USB 3.1 AM TO USBC F CABLE 0.15M,CABLES DIRECT
NLHDMI-HSV01,5051868969423,5.98,10,instock,yes,HDMI/VGA,CABLES DIRECT
CDL-105,5055781209697,1.86,32,instock,yes,USB2.0 5.0M AM-BM,CABLES DIRECT
CDL-103,5055781209673,1.27,8,instock,yes,USB2.0 3.0M AM-BM,CABLES DIRECT
FB4M-LCLC-005D,,2.29,4,instock,yes,0.5 LCLC MMD OM4 FIBRE CAB,CABLES DIRECT
77HD4-311,5055781235092,0.89,117,instock,yes,1M V1.4 HDMIECONOMY  ETHER  B/Q 250,CABLES DIRECT
77HD4-312,5055781235115,1.12,202,instock,yes,2M HDMI CABLE,CABLES DIRECT
RB-298W,5055781241772,1.78,64,instock,yes,^2M UK PLUG M C7 F  8 BLK POWER CABL,CABLES DIRECT
RB-299A,5055781217814,1.74,4,instock,yes,1.8M EURO KETTLE,CABLES DIRECT
RB-292WH,,2.27,26,instock,yes,2M EURO C5 F CLOV LEAF BLK POW CAB,CABLES DIRECT
RB-290AB1,5055781217708,1.86,200,instock,yes,1.8M CLOVER LEAF CABLE,CABLES DIRECT
CAGE01-50NL,5055781248375,3.82,1,instock,yes,50 PACK OF M6 CAGE NUTS,CABLES DIRECT
AD-555,,0.87,4,instock,yes,CDL D9 (M) TO D9 (F) PORT SAVER,CABLES DIRECT
CT-368B,5055781229671,2.31,2,instock,yes,BLACK NYLON CABLE TIE 4.8 X 368MM   ,CABLES DIRECT
88BCD-103K,5055781202063,0.63,120,instock,yes,3M UNCOIL-60CMCOIL HNDST CABRJ10 BLK,CABLES DIRECT
99HDHS-105,5055781202919,3.23,23,instock,yes,5M V1.4 HDMI-FAST WITH ETHERNET -,CABLES DIRECT
CDLMDP8K-02MK,,3.49,6,instock,yes,2M MDP1.4 M -DP1.4 M CAB DYNAMIC HDR,CABLES DIRECT
88BCD-102K,5055781202049,0.53,6,instock,yes,2M UNCOILED/40CM COILED CAB RJ10 BLK,CABLES DIRECT
FB2S-LCLC-010Y,,1.77,33,instock,yes,1M LC-LC SINGLEMODE 9/125 YELLOW,CABLES DIRECT
99HDHS-103,5055781202896,2.0,25,instock,yes,3M V1.4 HDMI-FAST WITH ETHERNET -,CABLES DIRECT
99HDHS-101,5055781202834,1.12,148,instock,yes,1M V1.4 HDMI-FAST WITH ETHERNET -,CABLES DIRECT
99HDHS-100,5055781202810,0.95,22,instock,yes,0.5M V1.4 HDMI-FAST WITH ETHERNET - ,CABLES DIRECT
99CDL2-105,5055781239533,1.27,9,instock,yes,5MTR USB 2.0 A MALE TO B MALE,CABLES DIRECT
USB-CHRC20W,5055781252464,7.38,28,instock,yes,FAST CHARGER USB-C SOCKET TO UK PLUG,CABLES DIRECT
FB4M-LCLC-020D,,3.19,2,instock,yes,2M LC-LC 50/125 MMDOM4 FIB CAB AQUA,CABLES DIRECT
99HDHS-115,5055781227592,19.56,1,instock,yes,15M V1.4 HDMI M-M FAST WITH ETHERNET,CABLES DIRECT
99CDL2-103,5055781239526,0.78,1,instock,yes,3MTR USB 2.0 A MALE TO B MALE,CABLES DIRECT
99HDHS-110,5055781202933,7.12,43,instock,yes,10M V1.4 HDMI-FAST WITH ETHERNET B/Q,CABLES DIRECT
99CDL2-101,5055781239502,0.53,208,instock,yes,1MTR USB 2.0 A MALE TO B MALE,CABLES DIRECT
88BT-103K,5055781202209,0.53,1,instock,yes,3MTR BLACK RJ11 - RJ11 ADSL MODEM CA,CABLES DIRECT
USB3C-941,5055781233791,1.43,188,instock,yes,1M USB 2.0  TYPE C(M) A(M) CAB 480MB,CABLES DIRECT
USB3C-DUALC,5055781253461,8.27,5,instock,yes,1.8M 1XUSB-C M 2XUSB-C M 140W - BLK,CABLES DIRECT
99CDLHD4-102,5055781202704,2.69,39,instock,yes,2M V1.4 HDMI M-M CAB BL+GOLD CONNS,CABLES DIRECT
99CDLHD4-101,5055781202681,1.98,10,instock,yes,1M V1.4 HDMI M-M CABLE BL+GOLD CONNS,CABLES DIRECT
CDLDV-302,5055781210211,2.61,5,instock,yes,1.8M BLK HDMI M-DVI-D D LINK CBL GD,CABLES DIRECT
CDLDV-301,5055781210198,2.03,4,instock,yes,1M BLK HDMI M-DVI-D DUAL LINK CBL GD,CABLES DIRECT
88BTRJ-003K,5055781227288,0.61,5,instock,yes,3MTR RJ45 - RJ11 BLACK CABLE,CABLES DIRECT
RB-500W,,2.13,13,instock,yes,2MTR US TO C5 POWER CABLE,CABLES DIRECT
HDHDPORT-VGA-1M,5055781225819,8.1,10,instock,yes,1M DISP PORT M-HD15 VGA M BLACK,CABLES DIRECT
FB2S-LCLC-020YD,5055781240454,2.44,7,instock,yes,2MTR LC-LC  9/125 SMD OS2 CAB-YEL,CABLES DIRECT
HDHDPORT-VGA-2M,5055781225505,8.45,5,instock,yes,2M DISPLAY PORT M HD15 VGA BLACK,CABLES DIRECT
MPG-3,5055781215858,0.54,18,instock,yes,GREY MOUSE MAT - B/Q 200            ,CABLES DIRECT
77HDMI-VGCAB011,5055781241086,5.12,64,instock,yes,1MTR HDMI TO VGA CABLE GOLD PLATED,CABLES DIRECT
77HDMI-VGCAB022,5055781241093,5.3,11,instock,yes,1.8MTR HDMI TO VGA CABLE GOLD PLATED,CABLES DIRECT
RB-301,5055781227127,1.67,12,instock,yes,CD  MAINS EXTENSION CABLE 2MTR,CABLES DIRECT
RB-303,5055781217852,3.33,1,instock,yes,POWER CORD(UK)3M 5 AMP (KETTLE),CABLES DIRECT
CDL-160-05M,5055781229220,0.68,14,instock,yes,0.5M USB 2.0 A MICRO B MALE CAB,CABLES DIRECT
99DP-003LOCK,5055781227400,3.43,8,instock,yes,3M D PORT BLACK MM LOCK CON V1.1 B/Q,CABLES DIRECT
77HD419-01,5055781227042,1.14,15,instock,yes,1M HDMI HI SPEED W/ETH FULL CORE,CABLES DIRECT
USB3C-872,,1.94,10,instock,yes,2M USB TYPE C - USB 2.0 B M,CABLES DIRECT
77CDL-102GL,,0.79,63,instock,yes,1.8MTR USB 2.0 AM-BM BLACK/GOLD,CABLES DIRECT
USB3C-871,,1.47,11,instock,yes,1M USB TYPE C - USB 2.0 B M,CABLES DIRECT
FB3M-LCSC-020D,5055781213038,2.64,2,instock,yes,2MTR LC-SC 50/125 MMD OM3 FIBRE AQUA,CABLES DIRECT
ERSLIM-101K,,0.72,121,instock,yes,1M SLIM NET 6 LSOH CAB BLK SNAG,CABLES DIRECT
CDEX-703K,5051868661341,3.21,1,instock,yes,3M SVGA M-M ALL 15 LINES BLK        ,CABLES DIRECT
CDL-023,5055781209536,1.3,3,instock,yes,USB2.0 3.0M AM-AF BOX QUANTITY - 100,CABLES DIRECT
HDMDPM-DPF,,1.47,2,instock,yes,MINI DP MALE TO DP FEMALE,CABLES DIRECT
99DP-001LOCK,5055781227387,2.2,106,instock,yes,1M D PORT BLK LOCK CON V1.2 B/Q 70,CABLES DIRECT
77HD4-002,5055781235160,1.48,9,instock,yes,2MFLATHDMI HI SPEED GLD B/Q 125,CABLES DIRECT
USB3C-941-2M,5055781241048,1.87,30,instock,yes,2MTR USB 2.0 TYPE C M - A M  480MB,CABLES DIRECT
FB4M-LCLC-100D,5055781230059,8.07,6,instock,yes,10M LC-LC OM4 FIBRE CABLE - AQUA,CABLES DIRECT
RB-02M04D,5055781239175,4.85,5,instock,yes,4-WAY MAINS EXTS BLOCK 2M,CABLES DIRECT
FB2S-LCLC-100Y,,2.89,63,instock,yes,10M LC-LC SINGLEMODE 9/125 YELLOW,CABLES DIRECT
USB4-5200E-ACTR,,28.31,5,instock,yes,2M USB4 40GBPS 240W EPR CC CABLE RA,CABLES DIRECT
99HDHS-105WHT,5055781202926,3.72,2,instock,yes,5MTR HDMI M-M COPPER WITH GOLD CONNE,CABLES DIRECT
NLMS-222A,5055781231131,2.2,327,instock,yes,NEWLINK BLK USB OPTICAL MOUSE 800DP,CABLES DIRECT
CDEX-LPLZ-23BL,,3.49,4,instock,yes,3M HD15 VGA/SVGA LOW PROF M-F EX CAB,CABLES DIRECT
NL2HDMI-10,5055781238956,10.89,6,instock,yes,10MTR FAST HDMI W/-FULL SHIELDEDHOOD,CABLES DIRECT
CDLHD8K-02BL,,3.69,5,instock,yes,2M 8K HDMI 28AWG BLUE HOOD BLACK,CABLES DIRECT
RB-250UK-1,,1.84,352,instock,yes,UK MAINS POWER CABLE,CABLES DIRECT
HDHDPORT-005-1M,5055781225802,4.33,5,instock,yes,1M DISP PORT M-HDMI M BLACK,CABLES DIRECT
CDLDP-001LOCK,5055781224966,2.61,37,instock,yes,1MTR BLK PORT M/M GOLD CONNECTORS,CABLES DIRECT
CDLHD8K-02K,,3.69,40,instock,yes,2M 8K HDMI 28AWG BLK HOOD BLACK,CABLES DIRECT
HDHDPORT-005-3M,5055781225369,5.8,10,instock,yes,3MTR DISPLAY M HDMI M BLACK B/Q 50,CABLES DIRECT
HDHSV-HDMI,5055781214608,10.54,13,instock,yes,HDMI TO SVGA ADAPTOR VGA+3.5 SOCKET+,CABLES DIRECT
NLMOB-901BDBK-2,5055781249266,4.98,8,instock,yes,1.8M USB 3.1 TYPEC M-M BLK BRAIDED,CABLES DIRECT
HDHDPORT-005,5051868969324,3.53,14,instock,yes,DSPY PRT M-HDMI F BLK ADP B/Q100,CABLES DIRECT
99HDHS-102WHT,5055781202889,1.79,3,instock,yes,2MTR HDMI M-M COPPER WITH GOLD CONNE,CABLES DIRECT
CDLDP-002LOCK,5055781224942,3.29,76,instock,yes,2MTR BLK D/P M CABGOLD,CABLES DIRECT
CDL-DV005,5055781209994,1.43,1,instock,yes,DVI-D DUAL LINK F-HDMI M ADAPTOR-,CABLES DIRECT
77DVHD-3301,,1.52,9,instock,yes,1M BLACK HDMI M DVI-D CAB GOLD CONN,CABLES DIRECT
USB4-4100,,11.02,128,instock,yes,1M CERTIFIED USB 40GBPS CABLE,CABLES DIRECT
77HDMI-010,,0.8,151,instock,yes,1M HDMI CABLE WITH ETHERNET,CABLES DIRECT
NLUSB2-204C,5055781241598,4.64,10,instock,yes,4 PORT USB 2.0 BUS POWERED HUB CABLE,CABLES DIRECT
77HDMI-000,,0.74,180,instock,yes,0.5M HDMI HIGH SPEED WITH ETHERNET,CABLES DIRECT
NLMOB-921,,1.74,53,instock,yes,1MTR USB 3.0A M C M 5V 3A 5G WHITE,CABLES DIRECT
99HDHS-101H,5055781202841,1.26,110,instock,yes,1.5M V1.4 HDMI-FAST WITH ETHERNET -,CABLES DIRECT
MPY-6,5055781215896,0.54,4,instock,yes,YELLOW MOUSE MAT - B/Q 200          ,CABLES DIRECT
77HDMI-VGCBL033,5055781241109,5.65,1,instock,yes,1M HDMI - VGA  AUDIO CAB GOLD PLATED,CABLES DIRECT
RB-299A-3M,5055781231346,3.47,6,instock,yes,3M EUR PLUG M-IEC13F LEAD-BAGG+HANK,CABLES DIRECT
HDHDPORT-001-1M,5055781225796,4.26,10,instock,yes,1M DISP PORT M-DVI-D SIN LINK M BLK,CABLES DIRECT
77HD4-311H,5055781235108,1.03,12,instock,yes,1.5M V1.4 HDMI WITH ETHERENT,CABLES DIRECT
NLMOB-LT1MBDWT,5055781249396,4.82,5,instock,yes,2M USB 2.0-LIGHTNING-BLK MFI CERT,CABLES DIRECT
NLUSB2-205K,5055781240423,3.02,57,instock,yes,4 PORT USB 2.0 HUB BUS BLACK ROHS,CABLES DIRECT
77HDMI-020,5055781240379,1.05,238,instock,yes,2M HDMI CABLE WITH ETHERNET,CABLES DIRECT
77HDMI-019,,0.91,3,instock,yes,1.8M HI SPEED HDMI SCABLE ETHERNET,CABLES DIRECT
CDL-DV06,5055781210013,2.95,7,instock,yes,DVI-D SNGL LINK M-M 2M 0,CABLES DIRECT
HDHDPORT-001-2M,5055781214509,4.44,30,instock,yes,2MTR DISPLAY PORTDVI-D M BLL CAB,CABLES DIRECT
99TRT-603B,5055781204234,0.73,11,instock,yes,3M NETWORK 5E MOULDED BOOT  BLUE-,CABLES DIRECT
99TRT-603G,5055781204241,0.72,5,instock,yes,3M NETWORK 5E MOULD BOOT  GREEN-BLUE,CABLES DIRECT
99TRT-615,5055781204548,2.3,2,instock,yes,15M NETWORK 5E MOULDED BOOT   GREY,CABLES DIRECT
99TRT-620,5055781204647,3.33,6,instock,yes,20M NETWORK 5E MOULDED BOOT  GREY,CABLES DIRECT
99TRT-603R,5055781204272,0.74,10,instock,yes,3M NETWORK 5E MOULDED BOOT  RED-,CABLES DIRECT
99TRT-602B,5055781204128,0.56,3,instock,yes,2M NETWORK 5E MOULDED BOOT  BLUE,CABLES DIRECT
99TRT-602G,5055781204135,0.56,10,instock,yes,2M NETWORK 5E MOULDED BOOT  GREEN,CABLES DIRECT
99TRT-602K,5055781204142,0.56,2,instock,yes,2M NETWORK 5E MOULDED BOOT   BLACK,CABLES DIRECT
99TRT-602R,5055781204166,0.56,15,instock,yes,2M NETWORK 5E MOULDED BOOT  RED,CABLES DIRECT
99TRT-601B,5055781204012,0.43,35,instock,yes,1M NETWORK 5E  MOULDED BOOTS  BLUE-,CABLES DIRECT
99TRT-605K,5055781204364,1.04,1,instock,yes,5M NETWORK 5E MOULDED BOOT BLK,CABLES DIRECT
99TRT-605R,5055781204388,1.04,1,instock,yes,5M NETWORK 5E MOULDED BOOT  RED-,CABLES DIRECT
99TRT-601R,5055781204050,0.43,2,instock,yes,1M NETWORK 5E  MOULDED BOOT   RED-,CABLES DIRECT
99TRT-600,5055781203664,0.38,144,instock,yes,0.5M NETWORK 5E  MOULDED BOOT   GREY,CABLES DIRECT
99TRT-601Y,5055781204098,0.42,10,instock,yes,1M NETWORK 5E  MOULDED BOOT  YELLOW,CABLES DIRECT
99TRT-600B,5055781203688,0.38,32,instock,yes,0.5M NETWORK 5E  MOULDED BOOT   BLUE,CABLES DIRECT
99TRT-605,5055781204326,1.04,5,instock,yes,5M NETWORK 5E MOULDED BOOT   GREY-,CABLES DIRECT
99TRT-600G,5055781203695,0.38,10,instock,yes,0.5M NETWORK 5E   MOULDED BOOT  GREE,CABLES DIRECT
99TRT-602,5055781204104,0.56,11,instock,yes,2M NETWORK 5E  MOULDED BOOT   GREY,CABLES DIRECT
99TRT-601,5055781203886,0.43,10,instock,yes,1M NETWORK 5E MOULDED BOOTS   GREY-,CABLES DIRECT
99TRT-600K,5055781203817,0.37,20,instock,yes,0.5M NETWORK 5E  MOULDED BOOT  BLACK,CABLES DIRECT
99TRT-603,5055781204210,0.72,12,instock,yes,3M NETWORK 5E MOULDED BOOT  GREY-,CABLES DIRECT
99TRT-600R,5055781203831,0.38,12,instock,yes,0.5M NETWORK 5E  MOULDED BOOT   RED-,CABLES DIRECT
99TRT-605B,5055781204340,1.04,4,instock,yes,5M NETWORK 5E MOULDED BOOT   BLUE-,CABLES DIRECT
99HD4-05BL,5055781227516,4.73,5,instock,yes,5M FAST HDMI W/ETH BLUE GOLD CONNS,CABLES DIRECT
CDLHDUT8K-03,,5.98,1,instock,yes,3M HDMI 2.1  BL CABLE/BL PVC MOULDI,CABLES DIRECT
CDLHDUT8K-02,,4.22,5,instock,yes,2M HDMI 2.1  BL CABLE/BL PVC MOULDI,CABLES DIRECT
CDLHDUT8K-02BK,,5.73,1,instock,yes,2M HDMI 2.1  BL BRAID CABLE / BL AL,CABLES DIRECT
CDLHDUT8K-01BK,,4.93,2,instock,yes,1M HDMI 2.1  BL BRAIDED CABLE/BL AL,CABLES DIRECT
NLUSB3-ETHGHUB,5055781225864,22.95,7,instock,yes,NEWL 3.0 GIGBIT ETH ADP+3 PORTUSBHUB,CABLES DIRECT
ERT-602P,,1.12,15,instock,yes,2M CAT 6 UTP PVC INJ MDD CBL - PINK,CABLES DIRECT
ART-101B,5055781205361,1.08,22,instock,yes,1M CAT6A SSTP-LSOH CABLE  BLUE      ,CABLES DIRECT
ART-100G,5055781205255,0.88,1,instock,yes,0.5M CAT6A SSTP-LSOH CABLE  GREEN   ,CABLES DIRECT
ART-100R,,0.91,11,instock,yes,0.5M CAT6A SSTP-LSOH CABLE  RED,CABLES DIRECT
ART-102B,5055781205422,1.51,39,instock,yes,2M CAT6A SSTP-LSOH CABLE  BLUE      ,CABLES DIRECT
99LHT6-603G,5055781203299,1.04,55,instock,yes,3M CAT6 LSOH MOULDED-GREEN          ,CABLES DIRECT
ERT-603B,5055781211966,1.4,6,instock,yes,3M CAT 6 UTP PVC INJ MDD CBL - BLUE,CABLES DIRECT
ERT-600-HP,,0.45,10,instock,yes,0.25M CAT 6 UTP  MOULDED CABLE PINK,CABLES DIRECT
ERT-602R,5055781211904,1.04,8,instock,yes,2M CAT 6 UTP PVC INJ MDD CBL - RED,CABLES DIRECT
ERT-600-HY,,0.45,6,instock,yes,0.25M CAT 6 UTP MOULDED CAB YELLOW,CABLES DIRECT
99LHT6-602W,5055781203244,0.8,66,instock,yes,2M CAT6 LSOH MOULDED-WHITE          ,CABLES DIRECT
ERT-602V,,1.04,12,instock,yes,2M CAT 6 UTP PVC INJ MDD CBL-VIOLET,CABLES DIRECT
B5ST-303K,5055781206627,1.68,150,instock,yes,3M CAT5 E STP SNGS-BLK-ROHS B/Q 125,CABLES DIRECT
URT-610,5055781222191,2.45,5,instock,yes,10M CAT5E UTP PVC INJ MDD CBL - GRY ,CABLES DIRECT
ART-101.5Y,,1.33,9,instock,yes,1.5M CAT6A SSTP-LSOH CABLE  YELLOW,CABLES DIRECT
B5-102K,5055781205811,0.85,36,instock,yes,2M CAT5 E UTP SNGS-BLK-ROHS B/Q 150 ,CABLES DIRECT
URT-605,5055781221965,1.37,2,instock,yes,5M CAT5E UTP PVC INJ MDD CBL - GRY 0,CABLES DIRECT
URT-601,5055781221538,0.48,58,instock,yes,1M CAT5E UTP PVC INJ MDD CBL - GRY 0,CABLES DIRECT
99LHT6-605R,5055781203435,1.55,31,instock,yes,5M CAT6 LSOH PATCH LEAD-MOULDED-RED ,CABLES DIRECT
URT-602,5055781221705,0.71,26,instock,yes,2M CAT5E UTP PVC INJ MDD CBL - GRY 0,CABLES DIRECT
URT-603,5055781221804,0.91,542,instock,yes,3M CAT5E UTP PVC INJ MDD CBL - GRY 0,CABLES DIRECT
ERT-601P,,0.71,25,instock,yes,1M CAT 6 UTP PVC INJ MDD CBL - PINK,CABLES DIRECT
ERT-600Y,,0.54,16,instock,yes,0.5M CAT 6 UTP PVC INJ MDD CBL-YLW,CABLES DIRECT
ERT-600P,,0.54,17,instock,yes,0.5M CAT 6 UTP PVC INJ MDD CBL-PINK,CABLES DIRECT
ART-102,5055781205415,1.51,26,instock,yes,2M CAT6A SSTP-LSOH CABLE  GREY-     ,CABLES DIRECT
ART-101,5055781205293,1.13,38,instock,yes,1M CAT6A SSTP-LSOH CABLE  GREY      ,CABLES DIRECT
URT-600R,5055781221491,0.38,7,instock,yes,0.5M CAT5E UTP PVC INJ MDD CBL-RED  ,CABLES DIRECT
URT-600-H,5055781221378,0.35,126,instock,yes,0.25M CAT5 UTP PVC INJ MD CBL-GRY,CABLES DIRECT
UT-8990C6,5055781224386,1.09,40,instock,yes,CAT 6 KEYSTONE JACK RJ45 MODULE,CABLES DIRECT
99LHT6-601.5,5055781203053,0.68,113,instock,yes,1.5M CAT6 LSOH MOULDED-GREY,CABLES DIRECT
ERT-600-H,5055781211508,0.45,511,instock,yes,0.25M CAT 6 UTP  MOULDED CABLE GREY,CABLES DIRECT
ERT-600,5055781211461,0.54,6,instock,yes,0.5M CAT 6 UTP PVC INJ MDD CBL-GRY,CABLES DIRECT
ERT-602,5055781211843,1.06,29,instock,yes,2M CAT 6 UTP PVC INJ MDD CBL - GRY,CABLES DIRECT
ERT-603,5055781211942,1.43,11,instock,yes,3M CAT 6 UTP PVC INJ MDD CBL - GRY,CABLES DIRECT
UT-899250CT6,,0.85,9,instock,yes,CAT6 COUPLER F-F,CABLES DIRECT
ERT-605,5055781212055,2.16,30,instock,yes,5M CAT 6 UTP PVC INJ MDD CBL - GRY 5,CABLES DIRECT
ERT-606,,2.57,1,instock,yes,6M CAT 6 UTP PVC INJ MDD CBL - GRY 5,CABLES DIRECT
ERT-608,5055781212178,3.27,6,instock,yes,8M CAT 6 UTP PVC INJ MDD CBL - GRY  ,CABLES DIRECT
ART-101.5,5055781205309,1.33,20,instock,yes,1.5M CAT6A SSTP-LSOH CABLE  GREY    ,CABLES DIRECT
URT-610R,5055781224867,2.45,13,instock,yes,10M CAT5E UTP PVC INJ MDD CBL - RED ,CABLES DIRECT
99LHT6-602B,5055781203183,0.8,24,instock,yes,2M CAT6 LSOH MOULDED-BLUE           ,CABLES DIRECT
ART-103B,5055781205484,2.03,10,instock,yes,3M CAT6A SSTP-LSOH CABLE  BLUE      ,CABLES DIRECT
99LHT6-602G,5055781203190,0.8,4,instock,yes,2M CAT6 LSOH MOULDED-GREEN          ,CABLES DIRECT
ART-103G,5055781205491,2.04,10,instock,yes,3M CAT6A SSTP-LSOH CABLE  GREEN     ,CABLES DIRECT
ART-102K,5055781205446,1.54,33,instock,yes,2M CAT6A SSTP-LSOH CABLE  BLACK     ,CABLES DIRECT
RJ-MOD,,3.96,10,instock,yes,CBL ECON 1XPLUG-2XSSTP CAT5 21CM,CABLES DIRECT
ART-102R,,1.55,5,instock,yes,2M CAT6A SSTP-LSOH CABLE  RED,CABLES DIRECT
ART-103K,5055781205507,2.06,15,instock,yes,3M CAT6A SSTP-LSOH CABLE  BLACK     ,CABLES DIRECT
B5ST-303,5055781206597,1.71,9,instock,yes,3M CAT5 E STP SNGS-GREY-ROHS B/Q 125,CABLES DIRECT
99LHT6-600K,5055781202988,0.48,175,instock,yes,0.5M CAT6 LSOH MOULDED-BLACK,CABLES DIRECT
ART-103Y,,2.07,8,instock,yes,3M CAT6A SSTP-LSOH CABLE  YELLOW,CABLES DIRECT
99LHT6-601,5055781203046,0.59,10,instock,yes,1M CAT6 LSOH MOULDED-GREY,CABLES DIRECT
ERT-610,5055781212185,3.85,11,instock,yes,10M CAT 6 UTP PVC INJ MDD CBL - GRY ,CABLES DIRECT
FB4M-LCLC-030D,5055781230035,3.43,4,instock,yes,3MTR LC-LC 50-125 MMD OM4 FIBRE - AQ,CABLES DIRECT
FB4M-LCLC-010D,5055781230011,2.31,8,instock,yes,1M LCLC 50/125 OM4 FIBRE - AQUA,CABLES DIRECT
RB-257-MF2,5055781225574,2.57,155,instock,yes,1.8M C14-C15 POWER CABLE,CABLES DIRECT
AOCUSB3C-921-10,5055781247354,57.38,3,instock,yes,AOC USB 3.1 TYPEA M TO TYPEC M 10M,CABLES DIRECT
AOCUSB3C-010,5055781247033,60.52,1,instock,yes,10M USB3.1 TYPE C AOC CABLE,CABLES DIRECT
AOCUSB3C-921-05,5055781247347,50.93,1,instock,yes,AOC USB 3.1 TYPEA M TO TYPEC M 5M,CABLES DIRECT
PDU41005,4712856276695,289.7,4,instock,yes,SWITCHED PWR DISTRIBUTION UNIT RACK,CYBERPOWER
PDU11310,4711027798165,15.48,485,instock,yes,CYPWER PDU11310 PDU,CYBERPOWER
BPSE72V40ART2U,4712856273793,476.95,1,instock,yes,BATTERY PACK EXPANSION OLS3000ERT2UA,CYBERPOWER
BR700ELCD-UK,4712856270082,62.0,136,instock,yes,BRICS 700VA LINE INTERACTIVE DISPLAY,CYBERPOWER
SNEV001,4712856274400,98.8,2,instock,yes,ENVIRONMENTAL SENSOR,CYBERPOWER
RBP0026,4712856275896,98.8,2,instock,yes,6V/9AH (4 UNITS) REPLACEMENT BATTERY,CYBERPOWER
UT1050EIG,4712856273557,67.57,225,instock,yes,UT 1050VA LINE INTERACTIVE TOWER,CYBERPOWER
MBP20HVIEC6A,4711027799858,176.02,4,instock,yes,MAINTENANCE BY-PASS IEC OUTLET,CYBERPOWER
4719512161982,4719512161982,43.32,188,instock,yes,MASTERLIQUID CORE NEX 240 WHITE,COOLERMASTER
MLXD24MA25SZL1,4719512159668,86.04,10,instock,yes,ML 240 ATMOS II LCD,COOLERMASTER
MLWD36MA18PARW,4719512154861,50.6,38,instock,yes,MASTERLIQUID 360 CORE II WHITE,COOLERMASTER
4719512164013,4719512164013,56.01,723,instock,yes,ML CORE NEX DIGITAL 360 BLACK ARGB,COOLERMASTER
MLWD24MA18PARW,4719512154847,43.38,6,instock,yes,MASTERLIQUID 240 CORE II WHITE,COOLERMASTER
4719512162002,4719512162002,45.5,1265,instock,yes,MASTERLIQUID CORE NEX 360 ARGB BLACK,COOLERMASTER
MFZM2DW243P2R1,4719512146156,30.48,26,instock,yes,MOBIUS 3PK CASE FAN KIT WT 120MM,COOLERMASTER
4719512161999,4719512161999,53.44,36,instock,yes,MASTERLIQUID CORE NEX 360 WHITE,COOLERMASTER
MLWD36MA18PAR1,4719512154854,50.6,431,instock,yes,MASTERLIQUID 360 CORE II ARGB,COOLERMASTER
MLXD24MA25SZV1,4719512159675,72.3,4,instock,yes,ML 240 ATMOS II VRM FAN,COOLERMASTER
4719512163993,4719512163993,46.96,670,instock,yes,ML CORE NEX DIGITAL 240 BLACK ARGB,COOLERMASTER
RRH41025PKR1,4719512154656,13.73,259,instock,yes,HYPER 411 NANO,COOLERMASTER
MLWD24MA18PAR1,4719512154830,42.41,135,instock,yes,MASTERLIQUID 240 CORE II ARGB,COOLERMASTER
E502-WGNN-S00,4719512158517,41.53,20,instock,yes,ELITE 502 WHITE,COOLERMASTER
4719512160954,4719512160954,94.77,27,instock,yes,MASTERFRAME 500 MESH BLACK ARGB,COOLERMASTER
4719512160879,4719512160879,42.21,64,instock,yes,ELITE 690,COOLERMASTER
MF500MKHNNS01,4719512160909,117.68,28,instock,yes,MASTERFRAME 500 MESH BLACK ARGB,COOLERMASTER
E301WGNNS00,4719512147764,33.02,10,instock,yes,MID TOWER GAMING CASE ELITE 301 WT,COOLERMASTER
MHSK13AA00,4719512147665,216.89,10,instock,yes,MASTER HUB CREATOR KIT,COOLERMASTER
MF360KHNNS02,4719512163436,173.06,2,instock,yes,MASTERFRAME 360 STAGE LCD,COOLERMASTER
E481KHNNS00,4719512160817,44.99,16,instock,yes,ELITE 481 WOOD BLACK,COOLERMASTER
MF360KINNS00,4719512163412,137.76,31,instock,yes,MASTERFRAME 360 PANORAMA,COOLERMASTER
E600KGNNS01,4719512161913,55.37,24,instock,yes,ELITE 600 4 FANS BLACK,COOLERMASTER
MPSB001AZBPBUK,4719512143087,157.92,5,instock,yes,CM 1100W X SILENT EDGE PLAT 230V PSU,COOLERMASTER
4719512157275,4719512157275,40.82,20,instock,yes,MWE GOLD 550 V3 NM FR A,COOLERMASTER
MPEA501AFCA3EUK,4719512150993,101.21,36,instock,yes,MWE GOLD 1050 V2 ATX3.1,COOLERMASTER
4719510000000,4719510000000,47.18,2081,instock,yes,ELITE GOLD 850 FM BULK,COOLERMASTER
MPSK001AFBPNBUK,4719512161043,216.89,122,instock,yes,X MIGHTY PLAT. 2000W 230V,COOLERMASTER
MPX7503AFAG2EB,4719512150665,57.83,45,instock,yes,MWE GOLD 750 V3 ATX3.1,COOLERMASTER
CA-9011237-EU,0840006644484,77.49,10,instock,yes,HS80 RGB WIRED GAMING HEADSET CARBON,CORSAIR
CA-9011238-EU,0840006644521,77.49,4,instock,yes,HS80 RGB USB WHITE HEADSET,CORSAIR
CA-9011377-EU,0840006674573,30.99,18,instock,yes,CORSAIR HS35 V2 WIRED HEADSET,CORSAIR
CA-9011271-EU,0840006643821,61.99,3,instock,yes,HS65 SURROUND WHITE HEADSET,CORSAIR
CA-9011396-WW,0840440416432,77.49,4,instock,yes,CORSAIR VOID WL V2 WHITE PLAYSTION,CORSAIR
CA-9011372-WW,0840440484615,193.74,4,instock,yes,VIRTUOSO MAX WIRELESS CARBON HEADSET,CORSAIR
CA-9011373-WW,0840440484622,193.74,4,instock,yes,VIRTUOSO MAX WIRELESS WHITE HEADSET,CORSAIR
CH-91D441F-UK,0840440484554,123.99,4,instock,yes,K65 PLUS WIRELESS MLX FUSION KEYBOAR,CORSAIR
CH-911911E-UK,0840006678830,69.74,2,instock,yes,CORSAIR K70 CORE TKL RGB KB,CORSAIR
CH-9309411-EU2,0840006657606,54.24,3,instock,yes,M65-ULTRA-BLK-RGB MOUSE,CORSAIR
CH-930C111-EU,0840006626954,27.12,1,instock,yes,KATAR-PRO-XT-BLK MOUSE,CORSAIR
CH-9307011-EU,0843591061933,46.49,5,instock,yes,IRONCLAW RGB GAMING MOUSE 18000 DPI,CORSAIR
CH-930F000-WW,0840440483106,23.24,50,instock,yes,M55 GAMING MOUSE WIRED BK,CORSAIR
CH-9315411-EU,0840006616016,77.49,3,instock,yes,DARK CORE PRO-WL-BLK-RGB MOUSE,CORSAIR
CH-941C0A0-WW,0840440414193,19.37,60,instock,yes,CORSAIR MM PRO M GAMING PAD BLK,CORSAIR
CH-941D065-WW,0840440421337,13.17,40,instock,yes,CORSAIR MM CLOTH MOUSE PAD L GREY,CORSAIR
CH-941C0A1-WW,0840440414209,19.37,40,instock,yes,CORSAIR MM PRO M GAMING PAD GREY,CORSAIR
CH-941D045-WW,0840440421313,15.49,20,instock,yes,CORSAIR MM CLOTH MOUSE PAD XL GREY,CORSAIR
CH-941D070-WW,0840440421344,19.37,10,instock,yes,CORSAIR MM-EXTENDED 2XL BLACK PAD,CORSAIR
CH-941D0C5-WW,0840440421399,38.74,18,instock,yes,CORSAIR MM CLOTH MOUSE PAD 3XL GREY,CORSAIR
CH-941D075-WW,0840440421351,19.37,10,instock,yes,CORSAIR MM-EXTENDED 2XL GREY PAD,CORSAIR
CH-941C060-WW,0840440414179,38.74,30,instock,yes,CORSAIR MM PRO L CONTROL PAD BLK,CORSAIR
CH-941D0A5-WW,0840440421375,9.29,40,instock,yes,CORSAIR MM CLOTH MOUSE PAD M GREY,CORSAIR
CH-941C061-WW,0840440414186,38.74,20,instock,yes,CORSAIR MM PRO L CONTROL PAD GREY,CORSAIR
51MF8400AA000,5390660195143,176.77,2,instock,yes,^SOUNDBLASTER KATANA V2X SOUNDBAR,CREATIVE LABS
51MF8495AA000,5390660196737,75.74,1,instock,yes,^CREATIVE STAGE PRO 2.1 SOUNDBAR,CREATIVE LABS
51EF1100AA000,5390660195969,33.66,12,instock,yes,^ZEN AIR PLUS BT EARBUDS LE TWS CRM,CREATIVE LABS
51EF1230AA000,5390660196522,74.07,19,instock,yes,^AURVANA ACE MIMI EARBUD PERSONALAUD,CREATIVE LABS
51EF1081AA001,5390660195792,53.86,17,instock,yes,^OUTLIER FREEPROPLUS SPORTEARBUD BLK,CREATIVE LABS
51EF1081AA002,5390660195808,53.86,17,instock,yes,^OUTLIER FREEPROPLS SPORT EARBUD ORG,CREATIVE LABS
51EF1120AA000,5390660195860,13.46,7,instock,yes,^ZEN AIR DOT LIGHTWEIGHT EARBUDS BLK,CREATIVE LABS
51EF1150AA000,5390660196027,53.86,19,instock,yes,^AURVANA ACE - XMEMS BT EARBUDS,CREATIVE LABS
51EF1080AA002,5390660195785,40.39,18,instock,yes,^OUTLIER FREEPLUS SPORTS EARBUDS GRN,CREATIVE LABS
51EF1080AA001,5390660195778,40.39,11,instock,yes,^OUTLIER FREEPLUS SPORTS EARBUDS BLK,CREATIVE LABS
51EF1180AA000,5390660196232,47.12,19,instock,yes,^ZEN AIR SXFI - TWS EARBUDS - CRM,CREATIVE LABS
51MF8470AA000,5390660196362,47.34,8,instock,yes,^SOUNDBLASTER GS5 GAMING SOUNDBAR,CREATIVE LABS
70SB173000000,5390660191275,12.61,35,instock,yes,^SOUNDBLASTER PLAY 3 - USB-A DAC,CREATIVE LABS
70SB197000000,5390660196867,36.86,4,instock,yes,^SOUNDBLASTER AUDIGY FXPRO SOUNDCARD,CREATIVE LABS
70SB177000000,5390660192241,87.53,3,instock,yes,^SOUNDBLASTERX G6 - GAMING DAC & AMP,WESTCOAST
51MF8465AA000,5390660196140,31.56,1,instock,yes,^SOUNDBLASTER GS3 GAMING BAR - BLK,CREATIVE LABS
70SB150000004,5390660193972,57.23,1,instock,yes,^SOUNDBLASTR Z SE INTERNAL SOUNDCARD,CREATIVE LABS
51MF8465AA002,5390660196645,31.56,3,instock,yes,^SOUNDBLASTER GS3 GAMING BAR - WHT,CREATIVE LABS
51EF1200AA000,5390660196249,60.6,20,instock,yes,^ZEN HYBRID SXFI - OVER EAR - CRM,CREATIVE LABS
51EF1200AA001,5390660196331,60.6,16,instock,yes,^ZEN HYBRID SXFI - OVER EAR - BLK,CREATIVE LABS
51EF0980AA000,5390660194832,28.41,16,instock,yes,^CHAT USB - ON EAR HEADSET WITH BOOM,CREATIVE LABS
51EF1210AA001,5390660196270,34.71,15,instock,yes,^OUTLIER GO - OPEN EAR HEADPHONES,CREATIVE LABS
51MF1710AA000,5390660195174,37.87,22,instock,yes,^PEBBLE PRO - 2.0 SPEAKERS - BLK,CREATIVE LABS
51MF1695AA000,5390660192937,18.93,6,instock,yes,^PEBBLE V2 - 2.0 SPEAKERS - BLK,CREATIVE LABS
51MF1720AA001,5390660196478,151.5,2,instock,yes,^PEBBLE NOVA PREMIUM SPEAKERS - WHT,CREATIVE LABS
51MF1705AA001,5390660194795,44.34,2,instock,yes,^T60 COMPACT HI-FI 2.0 SPEAKERS,CREATIVE LABS
51MF1700AA000,5390660193965,22.09,6,instock,yes,^PEBBLE V3 - 2.0 SPEAKERS - BLK,CREATIVE LABS
51MF1720AA000,5390660196461,151.5,2,instock,yes,^PEBBLE NOVA PREMIUM SPEAKERS BLK,CREATIVE LABS
51MF0495AA000,5390660196164,82.07,11,instock,yes,^PEBBLE X PLUS - 2.1 USB-C SPEAKERS,CREATIVE LABS
51MF1680AA000,5390660192029,14.51,10,instock,yes,^PEBBLE V1 - 2.0 SPEAKERS - BLK,CREATIVE LABS
51MF1680AA001,5390660192135,14.51,8,instock,yes,^PEBBLE V1 - 2.0 SPEAKERS - WHT,CREATIVE LABS
73VF090000000,5390660195365,26.92,6,instock,yes,^CREATIVE LIVE CAM SYNC V3 2K WEBCAM,CREATIVE LABS
73VF099000000,5390660196706,44.19,18,instock,yes,^CREATIVE LIVE CAM 4K - WEBCAM,CREATIVE LABS
73VF088000000,5390660194696,18.93,13,instock,yes,^LIVE CAM SYNC V2 1080P WEBCAM,CREATIVE LABS
CC-9011267-WW,0840006674986,133.34,40,instock,yes,2500X RGB GAMING CASE MICRO ATX BLAC,CORSAIR
CC-9011301-WW,0840440487760,126.96,5,instock,yes,5000T GAMING CASE E-ATX WHITE,CORSAIR
CC-9011296-WW,0840440487715,70.53,720,instock,yes,FRAME 4000D RS ARGB CASE E-ATX BLACK,CORSAIR
CC-9011347-WW,0840440424918,49.37,48,instock,yes,2800X RS-R ARGB MICRO-ATX CASE BLK,CORSAIR
CC-9011309-WW,0840440491293,105.79,45,instock,yes,CORSAIR FRAME 5000D RS CASE,CORSAIR
CC-9011324-WW,0840440407119,119.91,49,instock,yes,3500X LX-R RGB MIDTOWER PC CASE BK,CORSAIR
CC-9011340-WW,0840440417880,91.7,29,instock,yes,FRAME 4000D RS WOOD MID TOWER BLK,CORSAIR
CC-9011264-WW,0840006671428,86.67,24,instock,yes,2500D AIRFLOW DUAL CHAMBER CASE WHTE,CORSAIR
CC-9011310-WW,0840440491309,105.79,31,instock,yes,CORSAIR FRAME 5000D RS CASE,CORSAIR
CC-9011297-WW,0840440487722,70.53,410,instock,yes,FRAME 4000D RS ARGB CASE E-ATX WHITE,CORSAIR
CC-9011268-WW,0840006674993,133.34,29,instock,yes,2500X RGB GAMING CASE MICRO ATX WHIT,CORSAIR
CC-9011308-WW,0840440491286,88.16,32,instock,yes,CORSAIR FRAME 5000D RS CASE,CORSAIR
CC-9011321-WW,0840440406587,201.02,1,instock,yes,AIR 5400 LX-R RGB MID TOWER WHT CASE,CORSAIR
CC-9011325-WW,0840440407126,119.91,28,instock,yes,3500X LX-R RGB MID TOWER WHITE,CORSAIR
CC-9011346-WW,0840440419686,55.17,20,instock,yes,3200D RS ARGB MID TOWER CASE SMOKE,CORSAIR
CC-9011315-WW,0840440402787,119.91,45,instock,yes,CORSAIR FRAME 4500X RS-R ARGB CASE,CORSAIR
CC-9011319-WW,0840440406563,169.28,1,instock,yes,AIR 5400 RS-R ARGB MID TOWER WHITE,CORSAIR
CC-9011336-WW,0840440414667,48.27,20,instock,yes,3200D RS MID TOWER CASE SMOKE,CORSAIR
CC-9011298-WW,0840440487739,197.5,5,instock,yes,ICUE LINK 5000T LX RGB CASE E-ATX BL,CORSAIR
CC-9011290-WW,0840440485551,56.42,94,instock,yes,FRAME 4000D GAMING CASE E-ATX BLACK,CORSAIR
CC-9011322-WW,0840440407096,84.64,112,instock,yes,3500X-RS-R-ARGB-MID-TOWER-PC-CASE,CORSAIR
CC-9011307-WW,0840440491279,88.16,10,instock,yes,CORSAIR FRAME 5000D RS CASE,CORSAIR
CC-9011326-WW,0840440408024,213.21,40,instock,yes,FRAME 4000D LCD RS ARGB BLACK,CORSAIR
CC-9011213-WW,0840006627531,133.34,37,instock,yes,ICUE 5000X RGB GAMING CASE WHITE,CORSAIR
CC-9011345-WW,0840440419679,55.17,19,instock,yes,3200D RS ARGB MID TOWER CASE WHT,CORSAIR
CC-9011316-WW,0840440402794,151.65,68,instock,yes,CORSAIR FRAME 4500X LX-R LINK CASE,CORSAIR
CC-9011335-WW,0840440414650,48.27,20,instock,yes,3200D RS MID TOWER CASE WHT,CORSAIR
CC-9011312-WW,0840440496571,63.48,326,instock,yes,CORSAIR FRAME 4000D RS CASE,CORSAIR
CC-9011266-WW,0840006674979,86.67,4,instock,yes,2500X DUAL CHAMBER CASE WHITE,CORSAIR
CC-9011291-WW,0840440485568,56.42,84,instock,yes,FRAME 4000D GAMING CASE E-ATX WHITE,CORSAIR
CC-9011323-WW,0840440407102,84.64,75,instock,yes,3500X RS-R ARGB MIDTOWER PC CASE WT,CORSAIR
CC-9011344-WW,0840440419662,55.17,104,instock,yes,3200D RS ARGB MID TOWER CASE BLACK,CORSAIR
CC-9011327-WW,0840440408031,213.21,13,instock,yes,FRAME 4000D LCD RS ARGB WHITE,CORSAIR
CC-9011348-WW,0840440424925,49.37,17,instock,yes,2800X RS-R ARGB MICRO-ATX CASE WHT,CORSAIR
CC-9011341-WW,0840440417897,91.7,30,instock,yes,FRAME 4000D RS WOOD MID TOWER WHT,CORSAIR
CC-9011317-WW,0840440402800,151.65,25,instock,yes,CORSAIR FRAME 4500X LX-R LINK CASE,CORSAIR
CC-9011320-WW,0840440406570,201.02,5,instock,yes,AIR 5400 LX-R RGB MID TOWER BLACK,CORSAIR
CC-9011334-WW,0840440414643,48.27,69,instock,yes,3200D RS MID TOWER CASE BLK,CORSAIR
CC-9011263-WW,0840006671411,86.67,11,instock,yes,2500D AIRFLOW DUAL CHAMBER CASE BLCK,CORSAIR
CW-9061029-WW,0840440499664,37.26,18,instock,yes,CORSAIR NAUTILUS RS LCD MODULE,CORSAIR
CW-9061030-WW,0840440499671,37.26,8,instock,yes,CORSAIR NAUTILUS RS LCD MODULE,CORSAIR
CW-9061032-WW,0840440400349,89.43,18,instock,yes,CORSAIR NAUTILUS 240 RS LCD COOLER,CORSAIR
CW-9061033-WW,0840440400356,74.52,6,instock,yes,CORSAIR NAUTILUS 360 RS LCD COOLER,CORSAIR
CW-9060088-WW,0840006687528,59.62,10,instock,yes,NAUTILUS 240 RS LIQUID COOLER BLACK,CORSAIR
CW-9060089-WW,0840006687535,74.52,21,instock,yes,NAUTILUS 360 RS LIQUID COOLER BLACK,CORSAIR
CW-9061034-WW,0840440400363,104.33,6,instock,yes,CORSAIR NAUTILUS 360 RS LCD COOLER,CORSAIR
CW-9061018-WW,0840006685432,126.69,21,instock,yes,ICUE LINK TITAN 360 RX RGB COOLER BL,CORSAIR
CW-9060092-WW,0840006687566,67.07,8,instock,yes,NAUTILUS 240 RS ARGB LIQUID COOLER B,CORSAIR
CW-9061021-WW,0840006685463,126.69,18,instock,yes,ICUE LINK TITAN 360 RX RGB COOLER WH,CORSAIR
CW-9061022-WW,0840440482949,156.5,6,instock,yes,ICUE LINK TITAN 240 RX LCD COOLER BL,CORSAIR
CW-9060093-WW,0840006687573,81.98,18,instock,yes,NAUTILUS 360 RS ARGB LIQUID COOLER B,CORSAIR
CW-9060094-WW,0840006687580,67.07,35,instock,yes,NAUTILUS 240 RS ARGB LIQUID COOLER W,CORSAIR
CW-9061023-WW,0840440482956,178.86,7,instock,yes,ICUE LINK TITAN 360 RX LCD COOLER BL,CORSAIR
CW-9061025-WW,0840440482970,156.5,6,instock,yes,ICUE LINK TITAN 240 RX LCD COOLER WH,CORSAIR
CW-9061026-WW,0840440482987,178.86,26,instock,yes,ICUE LINK TITAN 360 RX LCD COOLER WH,CORSAIR
CO-9050183-WW,0840006684152,26.07,10,instock,yes,RS140 ARGB PWM 14CM CASE FANS 1700 R,CORSAIR
CO-9051017-WW,0840006680918,18.62,39,instock,yes,ICUE LINK RX120 RGB 12CM FAN BLACK,CORSAIR
CO-9051050-WW,0840006688693,74.52,6,instock,yes,CORSAIR LXR120 RGB ICUE FAN 3 PK,CORSAIR
CO-9050196-WW,0840440494652,29.8,108,instock,yes,CORSAIR RS120-R RGB FANS 3PK,CORSAIR
CO-9050192-WW,0840006684244,7.45,9,instock,yes,RS120 PWM 12CM CASE FAN 2100 RPM WHI,CORSAIR
CO-9051029-WW,0840006682929,22.35,10,instock,yes,CORSAIR LX120MM RGB SERIES ICUE FAN,CORSAIR
CO-9050189-WW,0840006684213,18.62,6,instock,yes,RS120 PWM 12CM CASE FANS 2100 RPM BL,CORSAIR
CO-9051006-WW,0840006697985,96.88,6,instock,yes,LINK QX120 12CM RGB FANS X3 WHITE,CORSAIR
CO-9050184-WW,0840006684169,11.17,40,instock,yes,RS120 ARGB PWM 12CM CASE FAN 2100 RP,CORSAIR
CO-9051001-WW,0840006697930,29.8,10,instock,yes,ICUE LINK QX120 12CM RGB FAN BLACK,CORSAIR
CO-9051049-WW,0840006688686,22.35,10,instock,yes,CORSAIR LXR 120 RGB SERIES ICUE FAN,CORSAIR
CO-9050186-WW,0840006684183,14.89,14,instock,yes,RS140 ARGB PWM 14CM CASE FAN 1700 RP,CORSAIR
CO-9050180-WW,0840006684121,11.17,1,instock,yes,RS120 ARGB PWM 12CM CASE FAN 2100 RP,CORSAIR
CO-9050182-WW,0840006684145,14.89,10,instock,yes,RS140 ARGB PWM 14CM CASE FAN 1700 RP,CORSAIR
CO-9051030-WW,0840006682936,74.52,15,instock,yes,ICUE LINK LX120 12CM RGB FANS 2400 R,CORSAIR
CO-9051053-WW,0840006688723,22.35,10,instock,yes,CORSAIR LXR120 RGB ICUE FAN WHT,CORSAIR
CO-9051018-WW,0840006680925,63.34,55,instock,yes,LINK RX120 RGB 12CM FANS X3 BLACK,CORSAIR
CO-9050197-WW,0840440494676,29.8,16,instock,yes,CORSAIR RS120-R RGB FANS 3PK,CORSAIR
CO-9050188-WW,0840006684206,7.45,22,instock,yes,RS120 PWM 12CM CASE FAN 2100 RPM BLA,CORSAIR
CO-9051020-WW,0840006680949,52.17,28,instock,yes,LINK RX140 RGB 14CM FANS X2 BLACK,CORSAIR
CMK16X4M2E32C16,0840006608530,110.17,26,instock,yes,CORSAIR VENGEANCE LPX 16GB  3200,CORSAIR
CMK32X4M2E32C16,0840006608547,204.26,38,instock,yes,CORSAIR VENGEANCE LPX 32GB  3200,CORSAIR
CMK32GX5M2D6Z38,0840440438649,321.63,50,instock,yes,CORSAIR VENGEANCE 32GB KIT DDR5 6000,CORSAIR
CMH32X5M2B6Z3K,0840006600107,416.56,49,instock,yes,CORSAIR VENGEANCE RGB 32GB  6000,CORSAIR
CMH32GX5M2B6Z38,0840440422181,336.16,48,instock,yes,CORSAIR VEN RGB DDR5 32GB 2X16GB,CORSAIR
CMK64X5M2A48C40,0840006692355,623.99,8,instock,yes,CORSAIR VENGEANCE 64GB KIT DDR5 4800,CORSAIR
CMK64GX5M2D6Z40,0840440417040,636.86,31,instock,yes,CORSAIR VENGEANCE 64GB (2X32GB) DDR5,CORSAIR
CMK32GX5M2B6Z38,0840440422198,328.11,26,instock,yes,CORSAIR VENGEANCE DDR5 32GB 2X16G,CORSAIR
CMK16X5M2B52C40,0840006666745,189.79,34,instock,yes,CORSAIR VENGEANCE 16GB KIT DDR5 5200,CORSAIR
CMH16GX5M2E6Z36,0840440426295,199.42,50,instock,yes,CORSAIR VEN RGB DDR5 16GB 2 X 8GB,CORSAIR
CMK16GX5M2E6Z36,0840440426332,194.62,50,instock,yes,CORSAIR VENGEANCE 16GB 2X8GB DDR5,CORSAIR
CMH32GX5M2D6Z38,0840440438601,329.63,50,instock,yes,CORSAIR VENGEANCE 32GB KIT DDR5 6000,CORSAIR
CMK32X5M2B60Z30,0840006673293,405.28,50,instock,yes,CORSAIR VENGEANCE 32GB KIT DDR5 6000,CORSAIR
CP-9020299-UK,0840440484998,103.23,36,instock,yes,RM850X SHIFT FULLY MODULAR ATX POWER,CORSAIR
CP-9020293-UK,0840006687177,86.46,12,instock,yes,850W RME SERIES RM850E PSU ATX 3.1 W,CORSAIR
CP-9020257-UK,0840006696322,136.41,10,instock,yes,1000W SF1000 SFX PSU,CORSAIR
CP-9020270-UK,0840006667735,103.23,148,instock,yes,850W RMX SERIES RM850X V3 PSU ATX 3.,CORSAIR
CP-9020259-UK,0840006602477,155.82,18,instock,yes,1000W HX1000I V2 PSU,CORSAIR
CP-9020297-UK,0840006691389,108.09,180,instock,yes,1000W RME SERIES RM1000E PSU ATX 3.1,CORSAIR
CP-9020278-UK,0840006670957,40.55,563,instock,yes,650W CX650 PSU,CORSAIR
CP-9020295-UK,0840006691143,79.24,1079,instock,yes,RM750E FULLY MODULAR LOW-NOISE ATX,CORSAIR
CP-9020284-UK,0840006676355,106.93,12,instock,yes,750W SF750 SFX PSU,CORSAIR
CP-9020265-UK,0840006602613,162.16,6,instock,yes,1000W SHIFT PLATINM SERIES HX1000I,CORSAIR
CP-9020267-UK,0840006608929,184.29,6,instock,yes,1200W SHIFT PLATINM SERIES HX1200I,CORSAIR
CP-9020269-UK,0840006667544,206.4,6,instock,yes,HX1500I SHIFT FULLY MODULAR PLATINUM,CORSAIR
CP-9020309-UK,0840440495963,206.4,12,instock,yes,1500W HX1500I V3 PSU ATX 3.1,CORSAIR
CP-9020298-UK,0840440485247,92.17,19,instock,yes,RM750X SHIFT 750W ATX 3.1 PCIE5.1,CORSAIR
CP-9020307-UK,0840440495222,180.6,29,instock,yes,1200W HX1200I V3 PSU ATX 3.1,CORSAIR
CP-9020256-UK,0840006663423,121.67,59,instock,yes,850W SF850 SFX PSU,CORSAIR
CP-9020271-UK,0840006668107,121.67,166,instock,yes,1000W RMX SERIES RM1000X V3 PSU ATX,CORSAIR
CP-9020279-UK,0840006671077,44.24,23,instock,yes,750W CX750 PSU,CORSAIR
CP-9020292-UK,0840006686972,79.24,33,instock,yes,750W RME SERIES RM750E PSU ATX 3.1 W,CORSAIR
CP-9020277-UK,0840006670834,36.86,308,instock,yes,550W CX550 PSU,CORSAIR
CP-9020294-UK,0840006687375,108.09,14,instock,yes,1000W RME SERIES RM1000E PSU ATX 3.1,CORSAIR
CP-9020302-UK,0840440485797,52.78,272,instock,yes,650W RME SERIES RM650E PSU ATX 3.1,CORSAIR
CP-9020300-UK,0840440483021,121.67,19,instock,yes,RM1000X SHIFT FULLY MODULAR ATX POWE,CORSAIR
CP-9020285-UK,0840006676911,92.17,4,instock,yes,750W RMX SERIES RM750X V3 PSU ATX 3.,CORSAIR
EE2005,5057436037686,773.68,8,instock,yes,ZEPHYR 225F 16GB 1TB 5060,CYBERPOWER
EE2008,5057436037716,1642.11,10,instock,yes,PRISM PANO 9800X3D 32GB 1TB 5070TI,CYBERPOWER
EE2009,5057436037723,2084.21,7,instock,yes,AMETHYST CURVE 9800X3D 32GB 2TB 5080,CYBERPOWER
EE2006,5057436037693,863.16,7,instock,yes,SYLPH 7500F 16GB 1TB 5060 BUNDLE,CYBERPOWER
EE2007,5057436037709,1400.0,14,instock,yes,PRISM PANO 9800X3D 32GB 1TB 5070,CYBERPOWER
FR1010,5057436038560,1428.42,2,instock,yes,CP PC U7 265KF 32GB 2TB 5070 W11,CYBERPOWER
EE2011,5057436037747,3532.63,7,instock,yes,MONTECH HS01 9800X3D 32GB 2TB 5090,CYBERPOWER
FR1002,5057436038485,526.32,2,instock,yes,CP PC R5 8500G 16GB 500GB W11 BUNDLE,CYBERPOWER
FR1001,5057436038478,450.53,2,instock,yes,CP PC R5 8500G 16GB 500GB W11,CYBERPOWER
FR1004,5057436038508,623.16,1,instock,yes,CP PC R5 5500 16GB 500GB 3050 BUNDLE,CYBERPOWER
FR1003,5057436038492,548.42,2,instock,yes,CP PC R5 5500 16GB 500GB 3050 W11,CYBERPOWER
FR1009,5057436038553,1013.68,2,instock,yes,CP PC R5 9600X 16GB 1TB 5060 TI W11,CYBERPOWER
FR1006,5057436038522,849.47,2,instock,yes,CP PC R5 7500F 16GB 1TB 5050 BUNDLE,CYBERPOWER
FR1005,5057436038515,773.68,2,instock,yes,CP PC R5 7500F 16GB 1TB 5050 W11,CYBERPOWER
FR1008,5057436038546,864.21,1,instock,yes,CP PC U5 225F 16GB 1TB 5060 BUNDLE,CYBERPOWER
FR1007,5057436038539,773.68,2,instock,yes,CP PC U5 225F 16GB 1TB 5060 W11,CYBERPOWER
DHI-LM24-B201AS,6939554907432,84.31,5,instock,yes,DAHUA 23.8 FHD IPS 1920X1080 100HZ,DAHUA
DHI-LM22-A200D,6939554907425,39.41,120,instock,yes,DAHUA 21.45 1920X1080 100HZ TILT,DAHUA
DHI-LM24-A200Q,6937552420830,45.51,99,instock,yes,DAHUA 23.8 MONITOR DHI-LM24-A200Q,DAHUA
DHI-LM27-A200D,6939554907449,56.05,91,instock,yes,DAHUA 27 FHD IPS 1920X1080 TILT 1MS,DAHUA
DHI-PM16-S201PD,6937552420786,44.96,53,instock,yes,DAHUA 15.6 INCH FHD PORTABLE SCREEN,DAHUA
KB700-GY-R-UK,5397184687758,37.25,55,instock,yes,DELL MULTI-DEVICE WRL KB- KB700 UK,DELL
DELL-CG7325L,5397184877364,18.15,29,instock,yes,DELL ECOLOOP PROTECTIVE CASE L7350,DELL
DELL-5RGKY,5397184822555,26.5,47,instock,yes,DUAL VESA MOUNT W/ADAPTER BRACKET,DELL
DELL-OSS21,5397184357132,26.6,71,instock,yes,^DELL OPTIPLEX SFF AIO STAND OSS21,DELL
DELL-CV4425,,10.8,59,instock,yes,DELL ECOLOOP URBAN SLV 11-14 CV4425,DELL
DELL-OSS25,,82.65,26,instock,yes,DELL PROSLIM-PROMAXSLIMAIOSTANDOSS25,DELL
SP3022-DEMEA,5397184657423,43.5,26,instock,yes,DELL SPEAKERPHONE SP3022,DELL
V82HG,5028252515627,41.25,3,instock,yes,^N17 KEYED DUAL HEAD LAPTOP LOCK,DELL
WL3024-DWW,5397180000000,64.95,31,instock,yes,DELL WIRELESS HEADSET WL3024,DELL
MS700-BK-R-EU,,27.2,31,instock,yes,DELL BT TRAVEL MOUSE -MS700,DELL
DELL-CP3724,5397184821237,10.8,152,instock,yes,DELL ECOLOOP BACKPACK 14-16 CP3724,DELL
DELL-SA124-BK,5397184877128,18.5,17,instock,yes,DELL ADAPTER - USB-C TO HDMI 2.1,DELL
HE524-DWW,,15.25,20,instock,yes,DELL PRO PLUS WIRED/WIRELESS HEADSET,DELL
HC524-DWW,5397184878132,33.0,10,instock,yes,DELL PRO HEADSET CHARGING STAND,DELL
MS526-BLK-EMEA,5397184963029,12.75,23,instock,yes,DELL MS526 MSE,DELL
KM5221WBKB-UK,5397184494714,22.3,934,instock,yes,DELL PRO WIRELESS KB/MSE-KM5221W UK,DELL
KM726-UK-EMEA,5397321024880,54.5,28,instock,yes,DELL KM726 KBD MSE UK,DELL
DELL-CFS25,5397184877845,66.95,24,instock,yes,DELL CMPT FORMFACTOR AIO STND -CFS25,DELL
470-ABBT,5397063566679,15.0,2,instock,yes,DELL ADAPTER - USB 3 TO ETHERNET,DELL
DELL-CFS22,5397184620908,76.5,10,instock,yes,^COMPACT FORM FACTOR AIO STND- CFS22,DELL
HE424-DWW,5397184878101,11.0,104,instock,yes,DELL WRLS HEADSET EAR CUSHION HE424,DELL
580-ADGV,5397063704422,10.15,1326,instock,yes,DELL KB216 KEYBOARD BLACK,DELL
KM900-GR-UK,5397184790953,136.5,104,instock,yes,DELL PREM COLLAB KYBD MSE - KM900 UK,DELL
DA326-BK-EMEA,5397321025177,57.5,2,instock,yes,DELL PRO 7-IN-1 USB-C HUB,DELL
DELL-9JG5W,5397321043126,43.75,81,instock,yes,DELL E5 130W USBC AC ADPT PCUK,DELL
DELL-SB521A,5397184357002,22.65,30,instock,yes,DELL SLIM SOUNDBAR SB521A,DELL
DELL-CP5426G,5397184961384,21.5,50,instock,yes,DELL PRO 13-14 ECOLOOP BKPCK CP5426G,DELL
DELL-TCNP1,5397184877708,98.5,6,instock,yes,^DELL 7.4MM 330W GAN SFFACADP 1M UK,DELL
DELL-SD25,,142.7,118,instock,yes,DELL PRO SMART DOCK - SD25,DELL
AB821357,5397184660164,142.5,1,instock,yes,^DELLM.2PCIENVMEG3X4 402280SEDSSD1TB,DELL
DELL-MDA20,5397184200261,192.25,41,instock,yes,DELL DUAL MONITOR ARM - MDA20,DELL
DELL-CV5626,5397321029779,18.0,5,instock,yes,DELL CV5626 15-16 ECOL SLEEVE,DELL
DBQBJBC054,5397063784479,7.25,73,instock,yes,^DELL ADAPTER  USB-C TO USB-A 3.0,DELL
KM555-BLK-UK,5397184911822,31.25,398,instock,yes,DELL SILENT KBRD MOUSE-KM555 - UK,DELL
DELL-CC5624S,,18.15,25,instock,yes,DELL ECOLOOP PSLIM BRIEFCASE 15,DELL
KM7120W-GY-UK,5397184289372,34.25,287,instock,yes,DELL WLESS KB/MSE-KM7120W UK,DELL
DELL-PN7522W,5397184635414,57.75,17,instock,yes,DELL PREM RECHARGEABLE ACTIVE PEN,DELL
KB813-BK-UK,5397063785186,35.0,340,instock,yes,KB-813 SMARTCARD READER USB KEYBOARD,DELL
KM526-LT-UK,5397321023340,29.0,29,instock,yes,DELL KM526 KBD MSE UK,DELL
DELL-X3DWK,5397184922415,53.75,1,instock,yes,DELL 100W USBC GAN US ADPT PWR -UK,DELL
AB135396,,26.0,18,instock,yes,^128 GB USB A/C COMBO FLASH DRIVE,DELL
DELL-HDA26,5397321029748,205.0,2,instock,yes,DELLPRO HEAVY DUTY SGL MON ARM HDA26,DELL
TVT79,5028252597883,24.5,16,instock,yes,^N17 COMBINATION LOCK,DELL
MS5120W-GY,5397184289174,20.0,62,instock,yes,DELL MOBILEPRO WLESS MSE-MS5120W GRY,DELL
DELL-MFS22,5397184620892,70.25,168,instock,yes,MICRO FORM FACTOR AIO STD- MFS22NO,DELL
KB500-BK-R-UK,5397184723685,17.5,94,instock,yes,DELL WIRELESS KEYBOARD - KB500 UK,DELL
MS5320W-GY,5397184289037,21.0,85,instock,yes,DELL MULTIDEVICE WLESS MSE - MS5320W,DELL
482-BBBR,5397063840205,19.25,38,instock,yes,^DELL OPTIPLEX MICRO VERTICAL STAND,DELL
MS3220-BLK,5397184289105,14.25,7,instock,yes,DELL LASER WIRED MOUSE- MS3220  BLK,DELL
DELL-WD25,,125.0,807,instock,yes,DELL PRO DOCK - WD25,DELL
K67992EU,5028252511834,28.25,58,instock,yes,^CLICKSAFE COMBINATION LOCK,DELL
WL5024-DEMEA,5397184820421,109.75,19,instock,yes,DELL PRO WIRELESS ANC HDSET - WL5024,DELL
DELL-CC5626,5397321024064,24.75,39,instock,yes,DELL PRO 14 16 PLUS ECOLOOP CASE,DELL
DAUBNBC084,5397060000000,10.0,27,instock,yes,^DELL HDMI TO VGA  ADAPTER,DELL
DELL-PT3W4,5397184357255,41.25,15,instock,yes,^DELL 3CELL 42WHR LITHIUM-ION BATTER,DELL
8730873,,7.05,4,instock,yes,DELL WIRED MOUSE MS116 BLACK,DELL
DELL-CC7625,,48.5,4,instock,yes,DELL PRO 14-16 PREM ECOLOOP BRFCSE,DELL
DELL-WD25TB5,5397321029076,256.5,114,instock,yes,DELL PRO THUNDERBOLT 5 DOCK-WD25TB5,DELL
DELL-WD25TB4,5397321029052,186.5,55,instock,yes,DELL PRO THUNDERBOLT 4 DOCK-WD25TB4,DELL
KB900-GR-UK,5397184790595,83.0,47,instock,yes,DELL PREM COLLAB KBD - KB900 - UK,DELL
WH3024-DWW,,44.75,178,instock,yes,DELL WIRED HEADSET WH3024,DELL
KM3322W-R-UK,5397184620991,14.5,1016,instock,yes,DELL WIRELESS KBD + MOUSE-KM3322W-UK,DELL
KM555-BLK-INT,5397184911815,31.25,12,instock,yes,DELL SILENT KBRD MOUSE-KM555 - US,DELL
MS700-BL-R-EU,5397184790014,27.2,36,instock,yes,DELL BT TRAVEL MOUSE -MS700,DELL
KB522-BK-UK,5397060000000,19.75,201,instock,yes,DELL KB522 WRDBUSMULTI USB KB BLACK,DELL
DELL-PN526,5397321041825,35.0,60,instock,yes,DELL PRO ACTIVE PEN - PN526,DELL
DELL-CP5626,5397321024057,26.4,6,instock,yes,DELL PRO 14-16 PLUS ECOLOOP BACKPACK,DELL
DELL-TW1R6,5397184963227,67.5,44,instock,yes,DELL 165WUSBC GAN ACADPT PWR CRD UK,DELL
MS7421W-SLV-EU,5397184357675,30.0,39,instock,yes,DELL RECHARGEABLE WLESS MSE-MS7421W,DELL
DELL-MH3021P,5397184356876,52.15,46,instock,yes,^DELL MOBILE ADAPTER SPEAKERPHONE,DELL
WB3023-DEMEA,5397184775127,34.0,15,instock,yes,DELL WEBCAM - WB3023,DELL
AW725H-W-DEAM,5397184004715,75.05,5,instock,yes,ALIENWARE TRI-MODE WRELSS GHS AW725H,DELL
DELL-CB325D-BK,5397184964064,8.75,13,instock,yes,DELL DISPLAYPORT 1.4 CABLE - CB325D,DELL
KB216-BK-UK,5397063745883,10.15,952,instock,yes,DELL MULTIMEDIA KBOARD-KB216  UK BLK,DELL
VTWVJ,5397184923498,95.0,8,instock,yes,^DELL WIRELESS MOBILE MODEM DW5931E,DELL
HR024-DWW,5397184878149,40.75,22,instock,yes,DELL WIRELESS AUDIO RECEIVER - HR024,DELL
DELL-CP5724S,,14.5,2,instock,yes,DELL ECOLOOP PSLIM BACKPACK 15,DELL
EB525-EMEA,5397184961476,112.0,54,instock,yes,DELL PRO PLUS EARBUDS - EB525,DELL
SP325-EMEA,5397184961544,51.5,19,instock,yes,DELL PRO WIRED SPEAKERPHONE SP325,DELL
DELL-XM6YD,5397184822500,31.75,20,instock,yes,^OPTIPLEX TOWER PLUS CABLE COVER,DELL
DA225-BK-EMEA,5397184993170,24.0,150,instock,yes,DELL PRO4IN1 USB-C TRAVEL HUB-DA225,DELL
KB525C-EN-EMEA,5397184921937,26.25,55,instock,yes,DELL WIRED COLLAB KBRD - KB525C - US,DELL
DELL-580-17667,5397064018894,19.75,14,instock,yes,DELL KB522 WRD BUS MLT USBKBRD BLK,DELL
MS355-BLK-EMEA,5397184822067,17.25,58,instock,yes,DELL SILENT MOUSE - MS355,DELL
KB740-GY-R-UK,5397184718582,23.75,41,instock,yes,DELL COMPACT MD WRL KB - KB740 UK,DELL
SB725-DWW,5397184961445,45.25,31,instock,yes,DELL PRO PREM CONF SOUNDBAR-SB725,DELL
460-BBGP,5397063815197,48.5,16,instock,yes,^TIMBUK2 BREAKOUT CASE -17IN,DELL
DELL-7G13R,5397184822517,15.5,54,instock,yes,^OPTIPLEX SFF CABLE COVER,DELL
HE324-DWW,5397180000000,11.0,121,instock,yes,DELL WIRED HEADSET EAR CUSHIONS,DELL
WB5023-DEMEA,5397184687567,51.75,143,instock,yes,DELL PRO WEBCAM - WB5023,DELL
AB135418,,17.0,16,instock,yes,^DELL 64 GB USB A/C COMBO FLASH DRIV,DELL
KB216-WH-UK,5397063704019,10.15,42,instock,yes,DELL WIRED KEYBOARD - KB216 - UK,DELL
DELL-CV4625,,14.5,63,instock,yes,DELL ECOLOOP URBAN SLV 15-16 CV4625,DELL
460-BBUL,5051794018554,30.25,34,instock,yes,^TARGUS EXECUTIVE 14 TOPLOAD,DELL
DELL-MSA20,5397184200254,86.3,43,instock,yes,DELL SINGLE ARM MONITOR - MSA20,DELL
DELL-CC3624,5397184821244,127.5,20,instock,yes,DELL ECOLOOP BRIEFCASE CC3624 PCK10,DELL
DELL-4VP09,5397184822548,21.0,22,instock,yes,VESA MOUNT W/ADAPTER BRACKET,DELL
WM118-BLK-EMEA,5397321042976,6.75,146,instock,yes,DELL MOUSE - WM118,DELL
DELL-CB325H-BK,5397184964071,7.25,38,instock,yes,DELL HDMI 2.0 CABLE - CB325H,DELL
DELL-WD25Z,5397321029045,116.8,1677,instock,yes,DELL PRO DOCK - WD25Z,DELL
450-18980,5397063813858,79.75,5,instock,yes,^DELL 330-WATT AC ADAPTER WITH 2M UK,DELL
555-BFKO,5397184224502,69.0,165,instock,yes,^INTEL XMM 7360 LTE-ADVANCED (KIT),DELL
784-BBBI,5397060000000,31.75,8,instock,yes,DELL EXT USB DVD+/- RW DRV-DW316,DELL
KM5221W-WH-UK,5397184514429,29.0,278,instock,yes,DELL PRO WIRELESS KB/MSE KM5221W UK,DELL
DELL-CP7625S,5397184922811,27.45,86,instock,yes,^DELL EL PREM SLMBKPK 14-16 (CP7625S,DELL
DELL-SD25TB4,,184.1,109,instock,yes,DELL PRO TBLT 4 SMART DOCK - SD25TB4,DELL
DELL-JD7N1,5397184822524,33.75,20,instock,yes,^OPTIPLEX TOWER CABLE COVER,DELL
DELL-SD25TB5,5397184961827,276.25,81,instock,yes,DELL PRO TB 5 SMART DOCK SD25TB5,DELL
AC429144,5397184820452,36.25,2,instock,yes,^DELL 256GB USB AC COMBO FLASH DRIVE,DELL
AW725H-G-DEAM,5397184004661,75.05,3,instock,yes,ALIENWARE TRI-MODE WRELSS GHS AW725H,DELL
KM526-BLK-UK,5397321023708,29.0,93,instock,yes,DELL PRO 5 KB+MOUSE KM526 UK,DELL
LDD75B-USBC160,5397063961771,22.25,2,instock,yes,^DELL KIT - TYPE C DONGLE 7.4MM,DELL
DELL-DRRV8,5397321021469,15.75,473,instock,yes,DELL 65W USBC AC ADPT PWR CRD-UK,DELL
MS3320W-BLK,5397184289204,15.5,63,instock,yes,DELL MOBILE WIRELESS MSE-MS3320W BLK,DELL
SL525-EMEA,5397184961513,69.0,33,instock,yes,DELL PRO PLUS WRLS SPKPHONE SL525,DELL
MS900-GR-EMEA,5397184790441,54.0,38,instock,yes,DELL PREM RECHARGEABLE MSE - MS900,DELL
DELL-CC5425C,5397184877838,16.75,244,instock,yes,^DELL ECOLOOP PRO BRIEFCASE CC5425C,DELL
DELL-CP7625,5397184922828,43.95,74,instock,yes,^DELL EL PREM BCKPCK 14-16 (CP7625),DELL
HE724-DWW,5397184878125,16.4,20,instock,yes,DELL PREM WRLS HDST EAR CUSH - HE724,DELL
461-10169,,25.2,1,instock,yes,^KENSINGTON CLICKSAFE LOCK,DELL
KB525C-UK-EMEA,5397184921944,26.25,300,instock,yes,DELL WIRED COLLAB KBRD - KB525C - UK,DELL
WH125-DWW,5397184962305,16.5,110,instock,yes,DELL WIRED HEADSET - WH125,DELL
MS726-EMEA,5397321025092,23.25,19,instock,yes,DELL MS726 MSE,DELL
WL7024-DEMEA,5397184877401,141.5,3,instock,yes,DELL PREM WIRELESS ANC HDST - WL7024,DELL
DELL-MDS19,5397184091777,101.5,72,instock,yes,^DELL DUAL MONITOR STAND - MDS19,DELL
PRO-HS-W-DEAM,5397184911662,116.95,10,instock,yes,ALIENWARE PRO WIRELESS GHS,DELL
MS300-BK-R-EU,5397184725290,11.0,129,instock,yes,DELL FULL-SIZE WRL MSE - MS300,DELL
470-ABEO,5397063763757,5.25,7,instock,yes,DELL DSPL PORT TO DVI (SINGLE LINK),DELL
GAME-AW2725Q,,504.5,75,instock,yes,AW 27 4K QD-OLED GAMING MONITOR,DELL
AW520H-W-DEAM,,55.25,5,instock,yes,AW WIRED GAMING HEADSET - AW520H,DELL
PRO-KB-G-WW,,123.5,1,instock,yes,AW PRO WIRELESS GAMING KEYBOARD - US,DELL
GAME-AW3225DM,,167.0,39,instock,yes,^ALIENWARE 32 GAMING MON- AW3225DM,DELL
AW510K-G-WW,,78.0,4,instock,yes,AW 510K LP RGB MECHGAM KYBRD-AW510K,DELL
8PGTM,5397184969663,3217.0,1,instock,yes,^DELL AW U9-275HX 32G/1TB W11 HME,DELL
GAME-AW2725D,5397184962763,374.75,58,instock,yes,^ALIENWARE 27 AW2725D,DELL
GAME-AW2725DF,,454.0,43,instock,yes,AW 27QD-OLEDGAMING MON AW2725DF,DELL
AW920K-G-WW,,92.4,5,instock,yes,AW TRI-MODE WRLS GAMING KBRD-AW920K,DELL
AW720M-W-DEAM,,43.25,7,instock,yes,AW TRI-MODE WIRELESS GAMING MSE AW72,DELL
AW720M-G-DEAM,,43.25,22,instock,yes,AW TRI-MODE WIRELESS GAMING MSE AW72,DELL
36YYW,5397184970683,3045.0,3,instock,yes,^DELL AW ACT1250 U9285K 32G/2TB W11H,DELL
GAME-AW3425DW,5397184962756,450.55,11,instock,yes,^AW 34 240HZ QD-OLED AW3425DW,DELL
PRO-MS-G-DEAM,,71.5,7,instock,yes,AW PRO WIRELESS GAMING MOUSE,DELL
AW920K-W-WW,,92.4,3,instock,yes,AW TRI-MODE WRLS GAMING KYBD-AW920K,DELL
PRO-MS-W-DEAM,,71.5,8,instock,yes,AW PRO WIRELESS GAMING MOUSE,DELL
GAME-AW2724HF,,165.15,2,instock,yes,^ALIENWARE 27 GAMING MON- AW2724HF,DELL
AW420K-W-WW,,62.1,7,instock,yes,^AW TENKEYLESS GAMING KEYBD - AW420K,DELL
AW320M-DEAM,,21.95,1,instock,yes,^ALIENWARE WIRED GAMING MOUSE AW320M,DELL
GAME-AW2725QF,,281.55,54,instock,yes,AW 27 4K DUAL-RESGAMING MON AW2725QF,DELL
GAME-AW2724DM,,195.75,5,instock,yes,^ALIENWARE 27 GAMING MON- AW2724DM,DELL
AW520H-G-DEAM,,55.25,3,instock,yes,AW WIRED GAMING HEADSET -AW520H,DELL
AW420K-B-WW,,50.95,4,instock,yes,AW TENKEYLESS GAMING KYBRD - AW420K,DELL
AW620M-W-DEAM,,52.0,7,instock,yes,AW WIRELESS GAMING MOUSE - AW620M,DELL
GAME-AW3225QF,,677.75,141,instock,yes,^AW 32 4K QDOLED GAMING MON AW3225QF,DELL
GAME-AW2525HM,5397184962770,126.45,35,instock,yes,ALIENWARE 25 AW2525HM,DELL
GAME-AW2524HF,,345.75,29,instock,yes,ALIENWARE 500HZ GAMING MON- AW2524HF,DELL
2WPF7,5397184981726,999.0,44,instock,yes,DELL L5455 XPLUS8C 16GB/512GB W11P,DELL
7964814,,1138.41,1,instock,yes,DELL LAT 7350 U5125U 16G/256G W11P,DELL
FNVDM,5397184981733,1000.0,40,instock,yes,DELL L5455 X1P 16G/512G W11P NPC,DELL
3000148594-LN14,,429.65,1,instock,yes,*Non Cancellable/Non Returnable (NCNR)* ^DELL LAT 3140 N2008/128G W11P ISR,DELL
DELL-P2726HWO,5397321029502,117.5,51,instock,yes,DELL P2726H MON,DELL
DELL-P3425WE,5397184962510,325.75,21,instock,yes,DELL PRO 34 PLUS USB-C HUB-P3425WE,DELL
DELL-U4323QE,5397184656976,656.5,4,instock,yes,DELL ULTRASHARP 43 4K USB-C HUB,DELL
DELL-P2426HE,5397321029441,163.5,441,instock,yes,DELL P2426HE USBC MON,DELL
DELL-P2226H,5397321029380,90.25,177,instock,yes,DELL P2226H MON,DELL
DELL-U2424H,5397184821381,157.5,10,instock,yes,DELL ULTRASHARP 24 U2424H,DELL
DELL-U4924DW,5397184657133,894.0,21,instock,yes,DELL ULTRASHARP 49 CURVED - U4924DW,DELL
DELL-P2426HEB,5397184962916,210.25,202,instock,yes,DELL PRO P24 USBC CONF P2426HEB,DELL
DELL-U5226KW,5397321025153,1874.5,3,instock,yes,DELL ULTRASHARP 52 TB -U5226KW,DELL
DELL-E2726DS,5397321028833,115.75,207,instock,yes,DELL PRO 27 QHD MONITOR - E2726DS,DELL
DELL-P2426,5397321029526,123.75,93,instock,yes,DELL P2426 16:10 MON,DELL
DELL-U2724D,5397184821442,250.0,60,instock,yes,DELL ULTRASHARP 27  U2724D,DELL
DELL-U3225QE,5397184923399,629.25,33,instock,yes,DELL ULTRASHARP 32 4K TB HUB MON,DELL
DELL-P1917SE,,139.5,74,instock,yes,DELL 19 MONITOR - P1917S,DELL
DELL-P2426HEV,5397321028994,197.0,325,instock,yes,DELL PRO P 24 USBC WEBCAM P2426HEV,DELL
DELL-U3226Q,5397321025146,1775.75,11,instock,yes,DELL ULTRASHARP 32 4K QD-OLED U3226Q,DELL
DELL-P2726DEV,5397321029007,250.75,69,instock,yes,DELL PRO P 27 USBC WEBCAM P2726DEV,DELL
DELL-P2425DE,5397184962466,186.5,76,instock,yes,DELL PRO 24 PLUS QHDUSBC HUB - P2425,DELL
DELL-U3425WE,5397184821503,567.25,43,instock,yes,DELL ULTRASHARP 34 CURVED TB DISPLAY,DELL
DELL-S2725DC,5397184963005,176.25,28,instock,yes,^DELL 27 PLUS QHD USB-C MONITOR S27,DELL
DELL-P2725HWO,5397184821756,115.0,75,instock,yes,^DELL 27 MONITOR - P2725H WOS,DELL
DELL-S3225QC,5397184962381,403.6,46,instock,yes,DELL 32 PLUS 4K QD-OLED- S3225QC,DELL
DELL-P3225DE,5397184962503,247.3,25,instock,yes,DELL PRO 32 PLUS QHDUSBC HUB-P3225D,DELL
DELL-E2425HSM,,70.85,267,instock,yes,DELLPRO24 ADJUST STAND MON- E2425HSM,DELL
DELL-P1425,5397184962565,168.75,72,instock,yes,DELL PRO 14PLUS PORTABLE MON - P1425,DELL
DELL-S3225QS,5397184962374,244.75,53,instock,yes,DELL 32 PLUS 4K MONITOR - S3225QS,DELL
DELL-E2726HS,5397321028826,92.0,106,instock,yes,DELL PRO 27 ADJUST STAND -E2726HS,DELL
DELL-P2426HEWO,5397321029465,152.75,86,instock,yes,DELL P2426HE USBC MON,DELL
DELL-U2725QE,5397184923405,418.5,103,instock,yes,DELL ULTRASHARP 27 4K TB HUB MON,DELL
DELL-P2425D,5397184962459,133.8,97,instock,yes,DELL PRO 24 PLUS MONITOR-P2425D,DELL
DELL-P2424HT,5397184821367,247.25,10,instock,yes,DELL 24 TOUCH USBCMON P2424HT 60.5CM,DELL
DELL-P5525QC,5397184821770,733.75,10,instock,yes,DELL 55 4K CONF MON-P5525QC,DELL
DELL-P2425H,5397184821701,93.1,2,instock,yes,^DELL 24 MONITOR - P2425H,DELL
DELL-E2425HM,,60.55,267,instock,yes,DELL PRO 24 MON E2425HM,DELL
DELL-P2726HE,5397321029519,173.25,76,instock,yes,DELL P2726HE USBC MON,DELL
DELL-P2426E,5397321029533,170.5,33,instock,yes,DELL P2426E 16:10 USBC MON,DELL
DELL-P2725D,5397184962473,172.25,299,instock,yes,DELL PRO 27 PLUS MONITOR-P2725D,DELL
DELL-P2426H,5397321029403,112.25,770,instock,yes,DELL P2426H MON,DELL
DELL-U2424HE,5397184821428,188.0,38,instock,yes,DELL ULTRASHARP 24 USB-C HUB U2424HE,DELL
DELL-P2725H,5397184821749,111.7,2,instock,yes,^DELL 27 MONITOR - P2725H,DELL
DELL-E2725HM,,78.75,292,instock,yes,DELL PRO 27 MON - E2725HM,DELL
DELL-P2426HWO,5397321029434,101.75,171,instock,yes,DELL P2426H MON,DELL
DELL-P3426WEV,5397321029014,414.25,151,instock,yes,DELL PRO P 34 USBC WEBCAM P3426WEV,DELL
DELL-P6524QT,5397184821541,1893.25,5,instock,yes,DELL65 4KINTERTOUCHMONP6524QT163.9CM,DELL
DELL-P2726H,5397321029489,128.0,230,instock,yes,DELL P2726H MON,DELL
DELL-E2225HSM,,62.75,23,instock,yes,DELLPRO22 ADJUSTSTND MON E2225HSM,DELL
DELL-U4025QW,5397184821510,1148.5,1,instock,yes,DELL ULTRASHARP 40 CURVED TB DISPLAY,DELL
DELL-P3225QE,5397184962527,387.75,11,instock,yes,DELL PRO 32 PLUS 4K USB-C HUB-P3225,DELL
DELL-P2725DE,5397184962480,221.75,139,instock,yes,DELL PRO 27 PLUS QHDUSB-C HUB-P2725,DELL
DELL-S2725QS,5397184962350,208.75,18,instock,yes,^DELL 27 PLUS 4K MONITOR - S2725QS,DELL
DELL-U3824DW,5397184657126,721.1,36,instock,yes,DELL USHARP 38 CURVED USB-C U3824DW,DELL
DELL-U2724DE,5397184821480,295.05,155,instock,yes,DELL ULTRASHARP 27 TB HUB U2724DE,DELL
DELL-E2225HM,,51.7,297,instock,yes,DELL PRO 22 MONITOR - E2225HM,DELL
JC9V0,5397184979174,355.0,23,instock,yes,^DELL O3000 N5105 8/64G 65W THINOS,DELL
YMMWJ,5397184999035,1175.0,20,instock,yes,DELLPB13250 U5236V 16G/512GB W11PNPC,DELL
VR6JV,5397184986264,1342.0,30,instock,yes,DELL PB13250 U5236V 16/512G W11P,DELL
X337X,5397184981221,1333.0,90,instock,yes,DELLPB14250 U7266V 16G/512GB W11PNPC,DELL
DWK2D,5397184939185,1258.0,1,instock,yes,^DELL PB13250 U7-265U 32G/512G W11P,DELL
1RG8H,5397184986271,1515.0,30,instock,yes,DELL PB13250 U7266V 16/512G W11P,DELL
TX50W,5397184985489,1569.0,222,instock,yes,DELL PB16250 U7268V 32/512G W11P,DELL
635XC,5397184981207,1091.0,328,instock,yes,DELL PB14250 U5-236V 16G/512GB W11P,DELL
6DH6J,5397184985434,1104.0,183,instock,yes,DELL PB16250 U5236V 16/512G W11P,DELL
52WV1,5397184998625,1430.0,43,instock,yes,DELL PB16250 U7-266V 16G/512GB W11P,DELL
9FC1P,5397321001041,1051.0,93,instock,yes,DELLPC14250 U7255U 16G/512G W11P NPC,DELL
PGR3D,5397184980231,725.0,468,instock,yes,DELL PC16250 U5225U 8G/512G W11P NPC,DELL
FVGRR,5397184986844,855.0,220,instock,yes,DELL PC16255 R5P230 16G/512G W11PNPC,DELL
T1HG7,5397184980125,880.0,303,instock,yes,DELL PC14250 U5225U 16G/512G W11PNPC,DELL
GDDHG,5397321001058,1058.0,81,instock,yes,DELL PC16250 U7255U 16G/512G W11PNPC,DELL
TNJK5,5397184980088,739.0,165,instock,yes,DELL PC14250 U5225U 8G/512GB W11PNPC,DELL
WMJPV,5397184936450,950.0,71,instock,yes,DELL QBS1250 U7-265 16G/512GB W11P,DELL
X17YV,5397184936467,1000.0,53,instock,yes,DELL QBS1250 U7-265 32G/512GB W11P,DELL
DFVJP,5397184936399,880.0,101,instock,yes,DELL QBM1250 U7-265 16G/512G W11P,DELL
JYH2R,5397184936443,940.0,93,instock,yes,DELL QBS1250 U5-235 16G/512GB W11P,DELL
XJP3R,5397184935736,1041.0,20,instock,yes,DELL QB24250 U5-245 16G/512GB W11P,DELL
D6GXR,5397184936375,827.0,46,instock,yes,DELL QBM1250 U5-235 16G/512GB W11P,DELL
DYDJ8,5397184935750,1070.0,56,instock,yes,DELL QB24250 U7-265 16GB/512G W11P,DELL
RY02T,5397184936610,750.0,174,instock,yes,DELL QC24251 U5-235T 16G/512GB W11P,DELL
RCDRH,5397184936160,440.0,125,instock,yes,DELL QCM1250 I3-14100T 8G/512GB W11P,DELL
WT78X,5397184935873,779.0,76,instock,yes,DELL QCT1250 U5-235 16G/512GB W11P,DELL
F0CM3,5397184936078,580.0,883,instock,yes,DELL QCM1250 U5-235T 8GB/512GB W11P,DELL
PJK4H,5397184935408,1104.0,15,instock,yes,DELL QC24250 U7-265 16G/512GB W11P,DELL
TKX9D,5397184935439,582.0,50,instock,yes,DELL QCS1250 U5235 8G/512GB W11P,DELL
M2HYW,5397184935378,1000.0,119,instock,yes,DELL QC24250 U7-265 16G/512GB W11P,DELL
DJTPY,5397184935538,820.0,37,instock,yes,DELL QCS1250 U7265 16G/512GB W11P,DELL
90DKK,5397184935460,727.0,1680,instock,yes,DELL QCS1250 U5-235 16G/512GB W11P,DELL
RV6CG,5397184936139,775.0,83,instock,yes,DELL QCM1250 U7-265T 16G/512GB W11P,DELL
7YMHK,5397184936108,589.0,267,instock,yes,DELL QCM1250 U5-235T 16G/512GB W11P,DELL
01CH1,5397184986141,705.0,416,instock,yes,DELL  QVS1260 I7-14700 16GB/512G W11,DELL
VTW6W,5397184978856,390.0,372,instock,yes,DELL QVS1260 I3-14100 8G/512GB W11P,DELL
68F0D,5397184978832,562.0,120,instock,yes,DELL QVS1260 U5-225 8G/512GB W11PRO,DELL
XF4HF,5397184978887,457.0,139,instock,yes,^DELL QVS1260 I5-14400 8G/512GB W11P,DELL
8897,7322460088972,178.22,20,instock,yes,DORO AURORA A20 GRAPHITE. NO CRADLE,DORO
8740,7322460087401,57.02,6,instock,yes,DORO LEVA 10 GRAPHITE,DORO
DORO-8991,7322460089917,57.03,20,instock,yes,DORO LEVA E22 BLACK/ WHITE,DORO
8992,7322460089924,57.03,6,instock,yes,DORO LEVA E22 RED/ WHITE,DORO
8993,7322460000000,64.16,70,instock,yes,DORO LEVA E30 BLACK / WHITE,DORO
8532-1,7322460085322,14.92,2,instock,yes,DORO HEMMA CHIME,DORO
8747,7322460087470,78.41,1,instock,yes,DORO LEVA 30 GREY WHITE,DORO
8988,7322460089887,46.34,59,instock,yes,DORO LEVA E10 BLACK,DORO
8761,7322460087616,78.41,3,instock,yes,DORO LEVA L30 RED / WHITE,DORO
8881,7322460088811,156.84,3,instock,yes,DORO AURORA A10 BONE. NO CRADLE,DORO
8531-1,7322460085315,117.98,5,instock,yes,DORO HEMMA DOORBELL,DORO
DSO-S11FOLIOKB,,36.36,92,instock,yes,OWN BRAND S11 FOLIO KEYBOARD CASE,DATA SELECT
DSOIPH16PLUSP,,2.57,50,instock,yes,OWN BRAND IPHONE 16 PLUS SP,DATA SELECT
DSO-1P0SPRX7,,1.98,665,instock,yes,OWN BRAND SAMSUNG XCOVER 7 SP,DATA SELECT
DSO-GPIX10TPUB,,1.95,52,instock,yes,OWN BRAND PIXEL 10/10PRO BLACK CASE,DATA SELECT
DSO-A36TPUBLK,,1.98,561,instock,yes,OWN BRAND SAMSUNG A36 TPU BLK,DATA SELECT
DSO-A56TPUBLK,,1.98,1,instock,yes,OWN BRAND SAM A56 TPU BLK,DATA SELECT
DSO-1P0MILX7PRO,,4.1,47,instock,yes,OWN BRAND SAMSUNG MIL XCOVER 7 PRO,DATA SELECT
DSOG75KSCASE,,4.28,281,instock,yes,MOTO G75 KICKSTAND CASE BLACK,DATA SELECT
DSOIPH16ESPR,,2.57,412,instock,yes,OWN BRAND 16E/14/13/13P/17E SP,DATA SELECT
DSO-1P0RUGX7,,4.1,169,instock,yes,OWN BRAND SAMSUNG XCOVER 7 MILT CASE,DATA SELECT
DSO-IPH17PMCLR,,1.95,39,instock,yes,OWN BRAND IPHONE 17 PRO MAX CLR CASE,DATA SELECT
DSOIPH16PMSP,,2.57,2,instock,yes,OWN BRAND IPHONE 16 PRO MAX SP,DATA SELECT
DSOIPH16SP,,2.57,109,instock,yes,OWN BRAND IPHONE 15/16 CLEAR SP,DATA SELECT
DSO-IPH17PROMSP,,2.57,66,instock,yes,OWN BRAND IPHONE 17 PRO MAX SP,DATA SELECT
DSO-IPH17PPRIV,,3.33,51,instock,yes,OWN BRAND IPHONE17 PRO PRIVACY SP,DATA SELECT
DSOG75RUGC,,4.1,24,instock,yes,OWN BRAND MOTO G75 CB HARD CASE,DATA SELECT
DSO1P9AMIL100,,4.1,60,instock,yes,OWN BRAND GOOGLE PIXEL 9A MIL CASE,DATA SELECT
DSOIPH16ETPU,,1.95,267,instock,yes,OWN BRAND IPHONE 16E/17E BLK CASE,DATA SELECT
DSO-IPH17PMBLK,,1.95,36,instock,yes,OWN BRAND IPHONE17 PRO MAX BLK CASE,DATA SELECT
DSO-IPH17PRIV,,3.33,49,instock,yes,OWN BRAND IPHONE 17 STNDRD PRIVSP,DATA SELECT
DSOSAMA16SP,,1.98,1734,instock,yes,OWN BRAND SAMSUNG A16/A17/A26 SP,DATA SELECT
DSO-IPH17PROBLK,,1.95,46,instock,yes,OWN BRAND IPHONE 17 PRO BLK CASE,DATA SELECT
DSO-1P0TPU100,,1.95,915,instock,yes,OWN BRAND SAMSUNG XCOVER 7 CASE,DATA SELECT
DSO-A16NCGTPU,,4.57,104,instock,yes,A16 TPU NCG LOGO BLACK,DATA SELECT
IPH12SP,,1.98,32,instock,yes,OWN BRAND IPHONE 12 PRO SP,DATA SELECT
DSO-IPH17PMMS,,4.48,31,instock,yes,OWN BRAND IPHONE 17 PRO MAX MAGSAFE,DATA SELECT
DSO-A36MILCASE,,4.1,836,instock,yes,OWN BRAND SAM A36/A56/A37 MILT CASE,DATA SELECT
DSO-IPH17PMPRIV,,3.33,43,instock,yes,OWN BRAND IPHONE 17 PRO MAX PRIV SP,DATA SELECT
DSOSAMA17FOL,,6.18,9,instock,yes,OWN BRAND A17 FOLIO BLK CASE,DATA SELECT
DSO-IPH17PROCLR,,1.95,36,instock,yes,OWN BRAND IPHONE 17 PRO CLR CASE,DATA SELECT
DSO-IPH17MIL,,4.1,45,instock,yes,OWN BRAND IPHONE 17 MIL CASE,DATA SELECT
DSO-IPH17TPUCLR,,1.95,67,instock,yes,OWN BRAND IPHONE 17 CLEAR CASE,DATA SELECT
DSOIPH16PTPUB,,1.95,53,instock,yes,OWN BRAND 15/16 PLUS BLACK TPU,DATA SELECT
DSO-IPH17MAGS,,4.48,18,instock,yes,OWN BRAND IPHONE 17 BLK MAGSAF,DATA SELECT
DSO-IPHONE16BLK,,1.95,44,instock,yes,OWN BRAND IPHONE 16 BLK TPU CASE,DATA SELECT
DSOMOTG75SP,,1.98,56,instock,yes,OWN BRAND MOTO G75 SP,DATA SELECT
DSO-1P0SPRX7PRO,,2.57,505,instock,yes,OWN BRAND SAMSUNG 7PRO X SP,DATA SELECT
DSO-GPIX10CB,,2.18,99,instock,yes,OWN BRAND PIXEL 10/10 PRO CLEAR BUMP,DATA SELECT
DSO-GPIX10SP,,2.57,101,instock,yes,OWN BRAND PIXEL 10/10 PRO SP,DATA SELECT
DSO1P9ASP100,,1.98,23,instock,yes,OWN BRAND GOOGLE PIXEL 9A SP,DATA SELECT
DSOSAMA17TPU,,1.95,1796,instock,yes,OWN BRAND A17 TPU CASE BLACK,DATA SELECT
IPH12TPU61,,1.95,12,instock,yes,APPLE IPHONE 12/12 PRO TPU CASE,DSLOWN
DSO-A36SP,,2.54,2070,instock,yes,OWN BRAND SAMSUNG A36/A56/A37 SP,DATA SELECT
DSOSAMA17MILT,,4.1,1205,instock,yes,OWN BRAND SAM A16/A17/A26 MIL CASE,DATA SELECT
DSO-IPHNE16EMS,,4.48,43,instock,yes,OWN BRAND IPHONE 16E/17E MAGSAFE,DATA SELECT
SAMA16INGLE,,5.23,3,instock,yes,A16 INGLE LOGO CASE,DATA SELECT
DSO-IPH17PROSP,,2.57,14,instock,yes,OWN BRAND IPHONE 17 PRO SP,DATA SELECT
DSO-2TA4PRUG100,,29.05,18,instock,yes,OWN BRAND TAB ACTIVE 4 PRO MILT CASE,DATA SELECT
DSO-A57TPUBLK,,1.95,651,instock,yes,OWN BRAND A57 BLACK TPU,DATA SELECT
DSO-A11T10SP,,6.67,61,instock,yes,OWN BRAND TAB A11 SCREEN PROTECTOR,DATA SELECT
DSO-A11SELOGO,,41.27,43,instock,yes,SAM TAB A11 MILT CASE LOGO,DATA SELECT
DSO-1TI1GRUG100,,32.5,61,instock,yes,OWN BRAND IPAD 10TH GEN MILT CASE,DATA SELECT
DSO-UNIKEY911,,31.43,43,instock,yes,UNI KEYBOARD CASE 9-11 INCH,DATA SELECT
DSO-A11PSELOGO,,28.57,21,instock,yes,OWN BRAND A11+ MILT CASE SE LOGO,DATA SELECT
DSO-A11TABCLR,,5.23,52,instock,yes,OWN BRAND A11 TAB CLEAR CASE,DATA SELECT
DSO-S26SP,,2.57,21,instock,yes,OWN BRAND S26 SCREEN PROTECTOR,DATA SELECT
SAMA9PLUSINGLE,,13.33,4,instock,yes,A9+ INGLE LOGO CASE,DATA SELECT
DSO-S11UMILTSP,,37.15,89,instock,yes,OWN BRAND S11ULTRA MILT CASE AND SP,DATA SELECT
DSO1TS10FERUG,,27.62,11,instock,yes,SAM S10 FE MIL CASE,DATA SELECT
DSO-1TI1GSPR100,,10.07,48,instock,yes,OWN BRAND IPAD 10.9 SP,DATA SELECT
DSO-S26TPU,,1.95,30,instock,yes,OWN BRAND S26 BLACK TPU,DATA SELECT
DSOSAMA11PKBC,,31.82,1,instock,yes,OWN BRAND A11+ KEYBOARD CASE,DATA SELECT
DSOGALS11MC,,27.62,45,instock,yes,OWN BRAND S11 MILT CASE,DATA SELECT
DSO-A11PFOLIO,,14.28,15,instock,yes,OWN BRAND A11+ FOLIO CASE,DATA SELECT
DSO-S26PSP,,2.57,140,instock,yes,OWN BRAND S26+ SCREEN PROTECTOR,DATA SELECT
DSO-A11PMILSP,,27.62,169,instock,yes,OWN BRAND A11+ TAB MIL CASE+SP,DATA SELECT
DSO-A57SP,,1.98,662,instock,yes,OWN BRAND A57 SCREEN PROTECTOR,DATA SELECT
DSO-1T0SPR100,,9.52,84,instock,yes,OWN BRAND SAMSUNG TAB ACT 5 SP,DATA SELECT
DSO-A11PSP,,8.57,33,instock,yes,OWN BRAND A11+ SCREEN PROTECTOR,DATA SELECT
DSO-1T0RUG100,,23.82,68,instock,yes,OWN BRAND SAMSUNG TAB ACT  5 MILT C,DATA SELECT
DSO-S26PTPU,,1.95,92,instock,yes,OWN BRAND S26+ BLACK TPU,DATA SELECT
DSO-S11UCBFC,,21.9,49,instock,yes,OWN BRAND S11 ULTRA CLR/BLK FOLIO,DATA SELECT
DSO-A37TPUBLK,,1.95,2059,instock,yes,OWN BRAND A37 BLACK TPU,DATA SELECT
DSO-A57MILTC,,4.1,706,instock,yes,OWN BRAND A57 MILITARY CASE,DATA SELECT
80-107-200,,20.94,13,instock,yes,THIN CLIENT MOUNT.,ERGOTRON
31-018-182,,74.2,22,instock,yes,34 WALL TRACK,ERGOTRON
98-135-216,,63.24,4,instock,yes,BASKET 17X13X6 PATIENT TABLE BWT,ERGOTRON
98-647-251,,66.76,3,instock,yes,PRINTER BRACKET FOR WALL TRACK,ERGOTRON
50-193-200,,33.73,8,instock,yes,ERGOTRON LX NOTEBOOK TRAY,ERGO
97-091,,25.36,23,instock,yes,TRACK MNT BRACKET KIT ARMS PIVOTS,ERGOTRON
05-084,,583.01,1,instock,yes,FRU SM8839 230V LIFE PWR MOD SVE KIT,ERGOTRON
98-009-216,,220.95,16,instock,yes,HX TRIPLE MONITOR BOW KIT,ERGOTRON
98-139,,162.02,4,instock,yes,STYLEVIEW PRINTER SHELF,ERGOTRON
60-589-060,,13.54,8,instock,yes,QUICK RELEASE LCD BRACKET,ERGOTRON
98-246,,811.8,1,instock,yes,LIFEKINNEX BATTERY LIFE 245WH 12.8V,ERGOTRON
98-582-3,,94.47,1,instock,yes,PWR CORD AND HOOK SV4X LIFE CART UK,ERGOTRON
C50-1100-0,,616.3,9,instock,yes,CAREFIT SLIM LAPTOP CART,ERGOTRON
SV10-1100-0,0766212224763,413.5,4,instock,yes,STYLEVIEW LAPTOP CART - SV10,ERGOTRON
SV10-1300-0,,740.27,4,instock,yes,STYLEVIEW LEAN WOW CART SV10,ERGOTRON
24-220-055,,377.05,1,instock,yes,TEACHWELL MOBILE DIGITAL WORKSPACE,ERGOTRON
97-921,0698833049954,46.18,5,instock,yes,COILED EXTENSION CORD ACCESSORY KIT,ERGOTRON
SV41-6300-0,0698833022599,1141.49,2,instock,yes,STYLEVIEW CART WITH LCD PIVOT,ERGOTRON
24-205-214,,551.41,3,instock,yes,NEO-FLEX LAPTOP CART,ERGOTRON
97-918,,59.8,21,instock,yes,ERGOTRON KIT SV4X LIFE COILED CORD,ERGOTRON
97-780-194,0698833039535,32.48,1001,instock,yes,SV SCANNER SHELF,ERGOTRON
97-740,,106.91,6,instock,yes,STYLEVIEW STORAGE BIN,ERGOTRON
97-989,,192.86,2,instock,yes,PRIMARY TALL SINGLE STORAGE DRAWER,ERGOTRON
98-030,,136.26,4,instock,yes,STYLEVIEW DUAL MONITOR KIT,ERGOTRON
97-618,,1244.84,1,instock,yes,SV LIFE REPLACEMENT BATTERY,ERGOTRON
05-057,0698833057829,192.5,3,instock,yes,FRU SV4X HEAVY LIFT ENGINE,ERGOTRON
DM12-1006-3,,529.48,1,instock,yes,ZIP12 CHARGING WALL CABINET UK,ERGOTRON
YES35-TAB-3,,956.8,1,instock,yes,YES35 CHARGING CART UK,ERGOTRON
DM40-2008-3,,1230.96,5,instock,yes,ZIP40 CHARGING MANAGEMENT CART UK,ERGOTRON
45-486-224,,100.58,75,instock,yes,MXV DESK MONITOR ARM MATTE BLACK,ERGOTRON
45-460-026,,57.53,2,instock,yes,LOCKABLE TABLET MOUNT POLISHED,ERGOTRON
45-647-224,,200.86,3,instock,yes,HX DESK MONITOR ARM W/HD PIVOT BLK,ERGOTRON
45-503-216,,118.36,1,instock,yes,LX SINGLE ARM MOUNT C-CLAMP BWT,ERGOTRON
45-248-026,,193.47,8,instock,yes,ERGOTRON LX SERIES DIAL STACKING ARM,ERGOTRON
45-475-216,,163.99,18,instock,yes,HX DESK MONITOR ARM WHITE.,ERGOTRON
45-708-290,,118.36,25,instock,yes,LX PRO ARM SIN DESK GROMMET MNT ESW,ERGOTRON
45-549-026,,250.67,1,instock,yes,LX DUAL STACKING ARM TALL POLE BLK,ERGOTRON
45-610-224,,242.23,1,instock,yes,LX DESK DUAL STACK ARM LOW MBK,ERGOTRON
45-509-224,,250.67,7,instock,yes,LX DUAL STACKING ARM TALL POLE BLK,ERGOTRON
45-476-224,,275.3,3,instock,yes,HX DESK DUAL MONITOR ARM MBK,ERGOTRON
45-686-292,,192.69,21,instock,yes,LX PRO ARM DUAL SIDE-BY-SIDE WCB,ERGOTRON
45-682-290,,90.99,7,instock,yes,LX PRO ARM SGLE DISPLAY DESK MNT ESW,ERGOTRON
45-682-292,,90.99,27,instock,yes,LX PRO ARM SGLE DISPLAY DESK MNT WCB,ERGOTRON
45-684-292,,132.82,1,instock,yes,LX PRO ARM DUAL DIRECT DESK MNT WCB,ERGOTRON
45-712-290,0698833096798,118.36,54,instock,yes,LX PRO DESK MONITOR ARM C-CLAMP - W,ERGOTRON
45-647-216,,200.86,3,instock,yes,HX DESK MONITOR ARM W/HD PIVOT WHT,ERGOTRON
45-360-026,,206.38,10,instock,yes,LX SIT STAND DESK MNT LCD ARM,ERGOTRON
45-491-216,0698833058406,190.32,35,instock,yes,LX DUAL SIDE-BY-SIDE ARM - WHITE,ERGOTRON
33-334-085,,47.34,38,instock,yes,NEO-FLEX NOTEBOOK LIFT STAND,ERGOTRON
33-396-085,0698833043440,132.43,1,instock,yes,NEO-FLEX DUAL LCD MONITOR LIFT STAND,ERGOTRON
24-215-085,,569.68,5,instock,yes,WORKFIT-C SINGLE LD SIT-STAND WSTN,ERGOTRON
33-458-917,,176.89,8,instock,yes,WORKFIT-Z MINI SIT-STAND DESKTOP,ERGOTRON
33-397-085,,276.42,9,instock,yes,STAND TABLE TOP WORKFIT-T BLK,ERGOTRON
24-198-055,0698833010893,743.63,2,instock,yes,WORKFIT C-MOD LCD LD,SPECIALS
33-406-085,,294.22,28,instock,yes,ERGOTRON WORKFIT-TL.,ERGOTRON
45-269-009,0698833018028,55.03,5,instock,yes,LX HD WALL MOUNT PIVOT,ERGOTRON
61-143-003,,87.52,8,instock,yes,TILTING WALLMNTMEDIUM DISPLAYTMCLEAR,ERGOTRON
97-783,,66.31,1,instock,yes,DUAL MONITOR & HANDLE KIT,ERGOTRON
61-367-030,,751.71,5,instock,yes,24-INCH SIT-STAND ENCLOSURE WHT,ERGOTRON
45-230-216,,379.45,3,instock,yes,200 SERIES COMBO ARM,ERGOTRON
45-353-026,0069883302849,166.21,3,instock,yes,LX SIT-STAND WALL ARM,ERGOTRON
45-383-026,,228.21,45,instock,yes,LX HD SIT-STAND WALL ARM,ERGOTRON
45-268-026,,70.44,3,instock,yes,LX HD WALL MOUNT SWING ARM,ERGOTRON
45-683-292,,118.36,3,instock,yes,LX PRO ARM SGLE DISPLAY WALL MNT WCB,ERGOTRON
45-246-026,,207.08,3,instock,yes,LX WALL MOUNT KEYBOARD ARM.,ERGOTRON
47-093-800,0705089697904,55.73,18,instock,yes,ERGOTRON MOUNTING,ERGOTRON
61-061-085,0698833035131,254.84,2,instock,yes,GLIDE WALL MOUNT HD,ERGOTRON
24-547-003,,306.52,4,instock,yes,LEARNFIT SIT-STAND DESK,ERGOTRON
61-080-062,,661.84,6,instock,yes,PATIENT ROOM VL18 STS WM BRIGHT WHT,ERGOTRON
45-266-026,0698833016369,475.41,4,instock,yes,ERGOTRON STYLEVIEW SIT STAND COMBO,ERGOTRON
45-266-216,,475.41,2,instock,yes,SIT-STAND COMBO ARM WHT TEXTURE,ERGOTRON
B11B263401BY,8715946510590,267.43,1,instock,yes,WORKFORCE ES-500W II,EPSON
B11B288401BY,,281.88,10,instock,yes,WORKFORCE ES-590W,EPSON
B11B249401BY,,216.83,7,instock,yes,WORKFORCE DS-410,EPSON
B11B273401BY,,202.38,7,instock,yes,WORKFORCE DS-1730,EPSON
B11B259401BY,,274.65,3,instock,yes,WORKFORCE DS-730N,EPSON
B11B252402,,93.96,1,instock,yes,WORKFORCE DS-70,EPSON
B11B252401,,86.72,1,instock,yes,WORKFORCE ES-50,EPSON
B11B253402BY,,130.09,4,instock,yes,WORKFORCE DS-80W,EPSON
C11CJ05403CA,,202.03,17,instock,yes,WORKFORCE PRO WF-C4810DTWF,EPSON
C11CK23401BY,,509.68,11,instock,yes,WORKFORCE PRO WF-C5890DWF,EPSON
C12C938281,,13.0,6,instock,yes,PAPER FEED ROLLER FOR CASSETTE B (58,EPSON
C11CL35401BY,,785.2,6,instock,yes,WORKFORCE EM-C7100DWF,EPSON
C11CL37401BY,,528.06,4,instock,yes,WORKFORCE EP-C7000DW,EPSON
C11CK25401BY,,391.21,6,instock,yes,WORKFORCE PRO WF-C5390DW,EPSON
C11CH70401,,151.78,59,instock,yes,WORKFORCE WF-7310,EPSON
C11CJ06401,8715946679723,130.09,50,instock,yes,WORKFORCE WF-4820,EPSON
C11CK63401,8715946701967,65.04,34,instock,yes,WORKFORCE WF-2930,EPSON
C11CG97401,8715946653648,115.64,13,instock,yes,EXPRESSION PREMIUM XP-6100,EPSON
C11CG43401,,238.51,12,instock,yes,EXPRESSION PHOTO XP-15000,EPSON
C11CH25401DA,,166.23,38,instock,yes,WORKFORCE WF-110W,EPSON
C11CK89401,,115.64,6,instock,yes,EXPRESSION PHOTO XP-65,EPSON
C11CK92401,,57.82,19,instock,yes,WORKFORCE WF-2110W,EPSON
C11CJ07401,8715946679761,115.64,26,instock,yes,WORKFORCE WF-3820,EPSON
C11CK64401,,61.43,119,instock,yes,WORKFORCE WF-2910DWF,EPSON
C11CH68401,,198.77,129,instock,yes,WORKFORCE WF-7830DTWF,EPSON
C11CJ05401,,144.55,32,instock,yes,WORKFORCE PRO WF-4830DTWF,EPSON
C11CK62401,,72.28,61,instock,yes,WORKFORCE WF-2950,EPSON
B11B268401,,86.72,6,instock,yes,PERFECTION V39II,EPSON
B11B237401BY,,397.53,4,instock,yes,FASTFOTO FF-680W,EPSON
C11CJ88407BA,,459.17,10,instock,yes,ECOTANK ET-5185,EPSON
C11CJ88401,,344.38,4,instock,yes,ECOTANK ET-5170,EPSON
C12C937771,,9.95,3,instock,yes,PICKUP ROLLER,EPSON
C11CL41403,,244.89,52,instock,yes,ECOTANK ET-2951,EPSON
C11CL59401,8715946741321,244.89,5,instock,yes,ET-4900,EPSON
C11CJ89401,,344.38,12,instock,yes,ECOTANK ET-5150,EPSON
C11CK39401BY,8715946703022,459.17,45,instock,yes,ECOTANK ET-14100,EPSON
C11CH72405BA,,841.83,3,instock,yes,ECOTANK ET-16605,EPSON
C11CL40403CA,,352.04,17,instock,yes,ECOTANK ET-4956,EPSON
C11CL40401,8715946732527,352.04,31,instock,yes,ECOTANK ET-4950,EPSON
C11CJ41401CA,,665.81,3,instock,yes,ECOTANK ET-M16600,EPSON
C11CK38401BY,,535.71,47,instock,yes,ECOTANK ET-18100,EPSON
C11CL43401,8715946732541,336.72,34,instock,yes,ECOTANK ET-3950,EPSON
C11CG93402BY,,394.9,8,instock,yes,ECOTANK ET-M3180,EPSON
C11CH96401CA,,558.67,7,instock,yes,ECOTANK ET-15000,EPSON
C11CJ28405BA,,956.62,3,instock,yes,ECOTANK ET-5885,EPSON
C11CJ04401CA,,711.72,4,instock,yes,ECOTANK ET-16150,EPSON
C11CJ20401CE,,497.44,20,instock,yes,ECOTANK ET-8500,EPSON
C11CH71412BA,,1147.95,5,instock,yes,ECOTANK PRO ET-16685,EPSON
FD-A-APH1-001,7340172709084,20.83,19,instock,yes,FRACTAL ADJUST PRO HUB,FRACTAL DESIGN
FD-A-USBC-001,7340172703723,5.61,63,instock,yes,USB-C 10GBPS MODEL D CABLE,FRACTAL DESIGN
FD-C-POR1X-01,7340172703181,71.24,25,instock,yes,POP XL AIR RGB WHITE TG CASE,FRACTAL DESIGN
FD-C-NOR1X-01,7340172706533,102.99,158,instock,yes,NORTH XL CHARCOAL BLACK SOLID,FRACTAL DESIGN
FD-C-POA1A-02,7340172703082,48.11,121,instock,yes,POP AIR BLACK TG CASE ATX,FRACTAL DESIGN
FD-C-NOR1X-07,7340172711186,128.3,7,instock,yes,NORTH XL MOMENTUM EDITION CASE,FRACTAL DESIGN
FD-C-POS1X-01,7340172703143,63.88,38,instock,yes,POP XL SILENT BLACK SOLID CASE,FRACTAL DESIGN
FD-C-NOR1X-06,7340172709473,100.47,23,instock,yes,FRACTAL NOR XL RC CHALK WHITE CASE,FRACTAL DESIGN
FD-C-NOR1X-05,7340172709466,114.82,4,instock,yes,FRACTAL NOR XL RC CHARCOAL CASE,FRACTAL DESIGN
FD-C-NOR1X-04,7340172706564,102.99,103,instock,yes,NORTH XL CHALK WHITE TG CLEAR,FRACTAL DESIGN
FD-C-NOR1X-03,7340172706557,102.99,30,instock,yes,NORTH XL CHALK WHITE SOLID,FRACTAL DESIGN
FD-C-NOR1X-02,7340172706540,102.99,258,instock,yes,NORTH XL CHARCOAL BLACK TG DARK,FRACTAL DESIGN
FD-C-POR1X-06,7340172703631,63.31,89,instock,yes,POP XL AIR RGB BLACK TG CASE,FRACTAL DESIGN
FD-C-MES2C-01,7340172702320,65.02,30,instock,yes,MESHIFY 2 COMPACT BLACK SOLID,FRACTAL DESIGN
FD-C-MES2C-02,7340172702337,80.3,6,instock,yes,MESHIFY 2 COMPACT BLACK TG DARK,FRACTAL DESIGN
FD-C-MES2C-05,7340172702368,80.3,9,instock,yes,MESHIFY 2 COMPACT WHITE TG,FRACTAL DESIGN
FD-C-POR1M-06,7340172703600,62.61,64,instock,yes,POP MINI AIR RGB BLACK TG CASE,FRACTAL DESIGN
FD-C-POR1M-01,7340172703228,62.61,28,instock,yes,POP MINI AIR RGB WHITE TG CASE,FRACTAL DESIGN
OEMCACORE1100BL,7340172710301,17.11,1487,instock,yes,FRACTAL CORE 1100 CASE,FRACTAL DESIGN
FD-C-EPO1X-05,7340172710417,75.08,30,instock,yes,FRACTAL EPOCH XL WHITE RGB,FRACTAL DESIGN
FD-C-EPO1A-04,7340172709664,67.21,416,instock,yes,FRACTAL EPOCH  RGB TG LIGHT CASE,FRACTAL DESIGN
FD-C-EPO1A-05,7340172709688,72.27,47,instock,yes,FRACTAL EPOCH  RGB TG CLEAR CASE,FRACTAL DESIGN
FD-C-EPO1A-02,7340172709640,53.21,37,instock,yes,FRACTAL EPOCH  TG LIGHT CASE,FRACTAL DESIGN
FD-C-EPO1A-03,7340172709657,56.58,48,instock,yes,FRACTAL EPOCH  TG CLEAR CASE,FRACTAL DESIGN
FD-C-MES3A-01,7340172707165,90.06,32,instock,yes,FRACTAL MESHIFY 3 BLACK SOLID CASE,FRACTAL DESIGN
FD-C-MES3A-02,7340172707172,90.06,15,instock,yes,FRACTAL MESHIFY 3  TG LIGHT CASE,FRACTAL DESIGN
FD-C-DEF7A-01,7340172702191,100.89,164,instock,yes,DEFINE 7 BLACK SOLID CASE E-ATX,FRACTAL DESIGN
FD-C-DEF7A-03,7340172702214,115.93,14,instock,yes,DEFINE 7 DARK TG CASE E-ATX,FRACTAL DESIGN
FD-C-MES3A-07,7340172709510,92.9,59,instock,yes,FRACTAL MESHIFY 3 WHITE RGB CASE,FRACTAL DESIGN
FD-C-MES3A-05,7340172707202,131.19,59,instock,yes,FRACTAL MESHIFY 3 AMBIENCE PRO CASE,FRACTAL DESIGN
FD-C-MES3A-06,7340172709503,104.8,51,instock,yes,FRACTAL MESHIFY 3 BLACK RGB CASE,FRACTAL DESIGN
FD-C-MES3A-03,7340172707189,131.19,45,instock,yes,FRACTAL MESHIFY 3 AMBIENCE PRO CASE,FRACTAL DESIGN
FD-C-POS1M-01,7340172703259,51.42,76,instock,yes,POP MINI SILENT BLACK SOLID CASE,FRACTAL DESIGN
FD-C-MES3A-04,7340172707196,82.26,49,instock,yes,FRACTAL MESHIFY 3  TG CLEAR CASE,FRACTAL DESIGN
FD-C-TOR1C-02,7340172702900,97.89,18,instock,yes,TORRENT COMPACT LIGHT TG RGB,FRACTAL DESIGN
FD-C-TOR1A-05,7340172702603,110.72,38,instock,yes,TORRENT BLACK SOLID CASE,FRACTAL DESIGN
FD-C-TOR1A-07,7340172705239,143.63,37,instock,yes,TORRENT WHITE RGB TG CASE,FRACTAL DESIGN
FD-C-TOR1A-01,7340172702283,113.94,20,instock,yes,TORRENT LIGHT TG CASE,FRACTAL DESIGN
FD-C-TOR1A-03,7340172702306,113.94,35,instock,yes,TORRENT WHITE CLEAR TG CASE,FRACTAL DESIGN
FD-C-TOR1A-04,7340172702313,143.63,32,instock,yes,TORRENT RGB LIGHT TG CASE,FRACTAL DESIGN
FD-C-POS1A-02,7340172703044,54.48,49,instock,yes,POP SILENT BLACK TG CASE,FRACTAL DESIGN
FDCACORE1USB3BL,7350041081098,26.9,91,instock,yes,FRACTAL CORE 1000 CASE,FRACTAL DESIGN
FD-C-POS1A-01,7340172703037,54.48,140,instock,yes,POP SILENT BLACK SOLID CASE,FRACTAL DESIGN
FD-C-DEF7C-01,7340172702160,73.11,19,instock,yes,DEFINE 7 COMPACT BLACK SOLID CASE,FRACTAL DESIGN
FD-C-POA2A-04,7340172710462,56.48,35,instock,yes,POP 2 AIR WHITE TG RGB CASE,FRACTAL DESIGN
FD-C-POR1A-06,7340172703570,61.84,38,instock,yes,POP AIR RGB BLACK TG CASE,FRACTAL DESIGN
FD-C-POR1A-05,7340172703020,53.84,41,instock,yes,POP AIR RGB ORANGE CORE TG CASE,FRACTAL DESIGN
FD-C-EPO1X-01,7340172710370,52.71,39,instock,yes,FRACTAL EPOCH XL BLACK SOLID,FRACTAL DESIGN
FD-C-EPO1X-02,7340172710387,54.39,75,instock,yes,FRACTAL EPOCH XL BLACK,FRACTAL DESIGN
FD-C-POR1A-03,7340172703006,53.84,22,instock,yes,POP AIR RGB MAGENTA CORE TG CASE,FRACTAL DESIGN
FD-C-EPO1X-03,7340172710394,59.44,50,instock,yes,FRACTAL EPOCH XL WHITE,FRACTAL DESIGN
FD-C-DEF7X-03,7340172702061,146.48,21,instock,yes,FRACTAL DEFINE 7 XL BLACK DTG,FRACTAL DESIGN
FD-C-EPO1X-04,7340172710400,69.19,76,instock,yes,FRACTAL EPOCH XL BLACK RGB,FRACTAL DESIGN
FD-C-POR1A-01,7340172702986,61.84,30,instock,yes,POP AIR RGB WHITE TG CASE,FRACTAL DESIGN
FD-C-POA2A-02,7340172710448,55.43,20,instock,yes,POP 2 AIR BLACK TG CASE,FRACTAL DESIGN
FD-C-POA2A-01,7340172710431,55.43,32,instock,yes,POP 2 AIR BLACK SOLID CASE,FRACTAL DESIGN
FD-C-TER1N-03,7340172704003,127.73,29,instock,yes,TERRA JADE SFF PC CASE,FRACTAL DESIGN
FD-C-TER1N-02,7340172703990,127.73,27,instock,yes,TERRA SILVER SFF PC CASE,FRACTAL DESIGN
FD-C-FOC2A-01,7340172703457,39.5,31,instock,yes,FOCUS 2 BLACK TG CASE ATX,FRACTAL DESIGN
CORE1000USB3BL,7350041081098,24.41,6,instock,yes,FRACTAL CORE 1000 BLACK SOLID,FRACTAL DESIGN
FD-C-MES2A-08,7340172703686,116.04,6,instock,yes,MESHIFY 2 RGB WHITE TG CASE,FRACTAL DESIGN
FD-C-FOC2A-04,7340172703488,50.79,26,instock,yes,FOCUS 2 RGB WHITE TG CASE,FRACTAL DESIGN
FD-C-FOC2A-03,7340172703471,50.79,151,instock,yes,FOCUS 2 RGB BLACK TG CASE,FRACTAL DESIGN
FD-C-FOC2A-07,7340172703914,43.41,48,instock,yes,FOCUS 2 BLACK SOLID CASE ATX,FRACTAL DESIGN
FD-C-MES3X-03,7340172707233,153.77,26,instock,yes,FRACTAL MESHIFY 3 XL AMBIENCE PRO,FRACTAL DESIGN
FD-C-MES3X-02,7340172707226,109.98,3,instock,yes,FRACTAL MESHIFY 3 XL BLACK TG CASE,FRACTAL DESIGN
FD-C-MES3X-05,7340172707240,153.77,52,instock,yes,FRACTAL MESHIFY 3 XL AMBIENCE PRO,FRACTAL DESIGN
FD-C-MES3X-04,7340172709527,121.03,2,instock,yes,FRACTAL MESHIFY 3 XL BLACK RGB,FRACTAL DESIGN
FD-C-MES3X-06,7340172709534,109.23,56,instock,yes,FRACTAL MESHIFY 3 XL WHITE CASE,FRACTAL DESIGN
FD-C-NOR1C-05,7340172711179,95.56,68,instock,yes,NORTH MOMENTUM EDITION CASE,FRACTAL DESIGN
FD-C-NOR1C-03,7340172704720,86.77,84,instock,yes,NORTH CHALK WHITE SOLID CASE,FRACTAL DESIGN
FD-C-NOR1C-04,7340172704737,85.09,112,instock,yes,NORTH CHALK WHITE TG CLEAR,FRACTAL DESIGN
FD-C-NOR1C-01,7340172704706,85.09,258,instock,yes,NORTH CHARCOAL BLACK SOLID,FRACTAL DESIGN
FD-C-NOR1C-02,7340172704713,85.09,376,instock,yes,NORTH CHARCOAL BLACK TG DARK,FRACTAL DESIGN
FD-C-MES3X-01,7340172707219,109.98,15,instock,yes,FRACTAL MESHIFY 3 XL BLACK SOLID,FRACTAL DESIGN
FD-CH-RE1A-02,7340172706779,507.03,87,instock,yes,REFINE ALCANTARA DARK GAMING CHAIR,FRACTAL DESIGN
FD-CH-RE1F-04,7340172706755,304.43,45,instock,yes,REFINE FABRIC LIGHT GAMING CHAIR,FRACTAL DESIGN
FD-CH-RE1F-03,7340172706748,304.43,34,instock,yes,REFINE FABRIC DARK GAMING CHAIR,FRACTAL DESIGN
FD-CH-RE1M-04,7340172706717,304.43,94,instock,yes,REFINE MESH LIGHT GAMING CHAIR,FRACTAL DESIGN
FD-CH-RE1M-03,7340172706700,304.43,21,instock,yes,REFINE MESH DARK GAMING CHAIR,FRACTAL DESIGN
FD-F-MR1-1203,7340172708926,39.88,47,instock,yes,FRACTAL MOMENTUM 12 ARGB FANS 3PK,FRACTAL DESIGN
FD-F-MR1-1401,7340172708902,17.02,39,instock,yes,FRACTAL MOMENTUM 14 ARGB FAN,FRACTAL DESIGN
FD-F-MR1-1202,7340172708896,15.26,42,instock,yes,FRACTAL MOMENTUM 12 ARGB FAN,FRACTAL DESIGN
FD-F-MR1-1201,7340172708889,15.26,40,instock,yes,FRACTAL MOMENTUM 12 ARGB FAN,FRACTAL DESIGN
FD-F-MR1-1403,7340172708933,45.19,36,instock,yes,FRACTAL MOMENTUM 14 ARGB FANS 3PK.,FRACTAL DESIGN
FD-F-MR1-1402,7340172708919,17.02,13,instock,yes,FRACTAL MOMENTUM 14 ARGB FAN,FRACTAL DESIGN
FD-F-DR3-1203,7340172711810,21.64,8,instock,yes,DYNAMIC 3 120MM RGB BLACK FAN 3PK,FRACTAL DESIGN
FD-F-DR3-1204,7340172711827,8.04,36,instock,yes,DYNAMIC 3 120MM REVERSE BLACK FAN,FRACTAL DESIGN
FD-F-DR3-1402,7340172711858,9.28,39,instock,yes,DYNAMIC 3 140MM RGB WHITE FAN,FRACTAL DESIGN
FD-F-DR3-1201,7340172711797,8.04,36,instock,yes,DYNAMIC 3 120MM RGB BLACK FAN,FRACTAL DESIGN
FD-F-DR3-1202,7340172711803,8.04,39,instock,yes,DYNAMIC 3 120MM RGB WHITE FAN,FRACTAL DESIGN
FD-F-AS1-1407,7340172703549,22.73,19,instock,yes,ASPECT 14 14CM RGB PWM FANS 3 PACK,FRACTAL DESIGN
FD-F-DR3-1205,7340172711834,8.04,39,instock,yes,DYNAMIC 3 120MM REVERSE WHITE FAN,FRACTAL DESIGN
FD-F-DR3-1403,7340172711865,24.71,8,instock,yes,DYNAMIC 3 140MM RGB BLK FAN 3PK,FRACTAL DESIGN
FD-F-DY3-1201,7340172711872,6.49,38,instock,yes,DYNAMIC 3 120MM BLACK FAN,FRACTAL DESIGN
FD-F-DY3-1202,7340172711889,6.49,33,instock,yes,DYNAMIC 3 120MM REVERSE BLACK FAN,FRACTAL DESIGN
FD-F-DY3-1203,7340172711896,6.49,39,instock,yes,DYNAMIC 3 120MM REVERSE WHITE FAN,FRACTAL DESIGN
FD-F-DY3-1401,7340172711902,7.72,37,instock,yes,DYNAMIC 3 140MM BLACK FAN,FRACTAL DESIGN
FD-F-MO1-1402,7340172708872,14.07,55,instock,yes,FRACTAL MOMENTUM 14 FAN,FRACTAL DESIGN
FD-F-MO1-1401,7340172708865,14.07,37,instock,yes,FRACTAL MOMENTUM 14 FAN,FRACTAL DESIGN
FD-F-MO1-1201,7340172708841,12.32,53,instock,yes,FRACTAL MOMENTUM 12 FAN,FRACTAL DESIGN
FD-F-MO1-1202,7340172708858,12.32,51,instock,yes,FRACTAL MOMENTUM 12 FAN,FRACTAL DESIGN
FD-HS-SCA1-01,7340172707950,108.8,137,instock,yes,FRACTAL SCAPE DARK GAMING HEADSET,FRACTAL DESIGN
FD-HS-SCA1-02,7340172707967,108.8,140,instock,yes,FRACTAL SCAPE LIGHT GAMING HEADSET,FRACTAL DESIGN
FD-C-MES2M-02,7340172702658,74.54,9,instock,yes,MESHIFY 2 MINI WHITE TG CASE,FRACTAL DESIGN
FD-C-MES2C-03,7340172702344,80.3,1,instock,yes,MESHIFY 2 COMPACT BLACK TG LIGHT,FRACTAL DESIGN
100016999,0438598000000,62.79,2,instock,yes,HANA LT FOOT REST - WHITE,FELLOWES
100137181,,64.26,1,instock,yes,POWER DESK 2 TYPE G - WHITE,FELLOWES
100137171,,48.2,4,instock,yes,POWER DESK TYPE G - WHITE,FELLOWES
100136980,,48.2,9,instock,yes,POWER DESK TYPE G - BLACK,FELLOWES
100137166,0043859806652,14.1,4,instock,yes,POWER CUBE TYPE G - WHITE,FELLOWES
100136987,,64.26,50,instock,yes,POWER DESK 2 TYPE G - BLACK,FELLOWES
100136979,0043859806348,14.1,10,instock,yes,POWER CUBE TYPE G - BLACK,FELLOWES
8044001,0043859728060,26.32,2,instock,yes,DUAL VERT FREE STANDING MONITOR ARM,FELLOWES
8502601,,29.31,27,instock,yes,REFLEX DUAL MONITOR ARM,FELLOWES
8043701,0043859728008,26.32,2,instock,yes,HORIZONTAL FREE STANDING MON ARM,FELLOWES
8502501,,20.29,22,instock,yes,REFLEX SINGLE MONITOR ARM,FELLOWES
8049601,,16.22,5,instock,yes,FREESTANDING SINGLE MONITOR ARM,FELLOWES
8056501,0043859764228,72.91,7,instock,yes,PLATINUM SERIES DUAL MONITOR ARM SIL,FELLOWES
8042601,0043859716975,99.01,4,instock,yes,PLATINUM SERIES TRIPLE MONITOR ARM,FELLOWES
8042501,0043859716968,72.91,51,instock,yes,PLATINUM SERIES DUAL MONITOR ARM,FELLOWES
8067001,0043859625086,22.32,6,instock,yes,ULTIMATE FOOT SUPPORT,FELLOWES
9175801,0043859497805,6.03,5,instock,yes,MOUSE WRIST SUPPORT SILVER STREAK,FELLOWES
29702,0077511297021,0.89,70,instock,yes,ECONOMY MOUSE PAD /GREY,FELLOWES
29700,0077511297007,0.89,38,instock,yes,ECONOMY MOUSE PAD /BLUE,FELLOWES
9169401,0043859529742,22.22,37,instock,yes,PREMIUM MONITOR RISER GRAPHITE,FELLOWES
100139317,,3.29,8,instock,yes,BREYTA XL MOUSEPAD MARINE,FELLOWES
8036701,0043859504602,22.73,7,instock,yes,OFFICE SUITES LAPTOP RISER PLUS,FELLOWES
100139316,,3.29,12,instock,yes,BREYTA XL MOUSEPAD GREY,FELLOWES
100142569,0043859812301,3.26,2,instock,yes,BREYTA PALM WRIST REST - SAND,FELLOWES
48121-70,0077511481215,13.84,58,instock,yes,STANDARD FOOT REST,FELLOWES
100138868,,12.12,16,instock,yes,ALUMIA PORTABLE LAPTOP STAND BLACK,FELLOWES
100139319,,3.29,10,instock,yes,BREYTA XL MOUSEPAD SAND,FELLOWES
100142567,0043859812288,3.26,4,instock,yes,BREYTA PALM WRIST REST -MARINE,FELLOWES
8038401,0043859528066,15.75,90,instock,yes,DESIGNER SUITES LAPTOP RISER,FELLOWES
100138867,,12.12,7,instock,yes,ALUMIA PORTABLE LAPTOP STAND SILVER,FELLOWES
100139318,,3.29,12,instock,yes,BREYTA XL MOUSEPAD SAGE,FELLOWES
100142568,0043859812295,3.26,4,instock,yes,BREYTA PALM WRIST REST - SAGE,FELLOWES
100142565,0043859812264,3.26,3,instock,yes,BREYTA PALM WRIST REST - BLACK,FELLOWES
100142566,0043859812271,3.26,3,instock,yes,BREYTA PALM WRIST REST - GREY,FELLOWES
100142563,0043859812257,8.15,3,instock,yes,BREYTA XL MOUSEPAD WRIST REST - SAND,FELLOWES
100142564,0043859812240,8.15,3,instock,yes,BREYTA XL MOUSEPAD WRIST REST - SAGE,FELLOWES
100142561,0043859812226,8.15,2,instock,yes,BREYTA XL MOUSEPAD WRIST REST - GREY,FELLOWES
100142562,0043859812233,8.15,4,instock,yes,BREYTA XL MOUSEPAD WRIST REST MARINE,FELLOWES
8041801,0043859685714,29.99,28,instock,yes,ULTIMATE BACK SUPPORT,FELLOWES
9178401,0043859503391,6.03,5,instock,yes,FOAM KEYBOARD WRIST SUPPORT SAPPHIRE,FELLOWES
100142560,0043859812202,8.15,2,instock,yes,BREYTA XL MOUSEPAD WRIST REST BLACK,FELLOWES
100139320,,6.79,6,instock,yes,BREYTA DESK MAT BLACK,FELLOWES
100119853,,15.2,5,instock,yes,BREYTA LUMBAR CUSHION,FELLOWES
5933907,0043859544028,2.87,50,instock,yes,MOUSE PAD WITH MICROBAN - BLACK,FELLOWES
9252103,0043859718924,10.13,25,instock,yes,KEYBOARD WRIST SUPPORT BLACK,FELLOWES
100119852,,25.32,8,instock,yes,BREYTA COMFORT BACK CUSHION,FELLOWES
100119851,,25.32,4,instock,yes,BREYTA FOOT REST CUSHION,FELLOWES
100119850,,25.32,5,instock,yes,BREYTA COMFORT SEAT CUSHION,FELLOWES
100139324,,6.79,2,instock,yes,BREYTA DESK MAT SAND,FELLOWES
100139323,,6.79,5,instock,yes,BREYTA DESK MAT SAGE,FELLOWES
100139322,,6.79,4,instock,yes,BREYTA DESK MAT MARINE,FELLOWES
8066001,0043859675494,12.23,32,instock,yes,REFRESH FOOT SUPPORT,FELLOWES
100139321,,6.79,7,instock,yes,BREYTA DESK MAT GREY,FELLOWES
100138995,,3.29,10,instock,yes,BREYTA XL MOUSEPAD BLACK,FELLOWES
9374001,0043859589104,12.17,17,instock,yes,GEL MOUSEPAD WRIST SUPPORT,FELLOWES
9374201,0043859589326,12.17,77,instock,yes,GEL KEYBOARD WRIST SUPPORT,FELLOWES
100142578,0043859812363,7.33,4,instock,yes,BREYTA KEYBOARD WRIST REST - SAGE,FELLOWES
100142579,0043859812370,7.33,4,instock,yes,BREYTA KEYBOARD WRIST REST - SAND,FELLOWES
100142576,0043859812349,7.33,2,instock,yes,BREYTA KEYBOARD WRIST REST - GREY,FELLOWES
100142577,0043859812356,7.33,4,instock,yes,BREYTA KEYBOARD WRIST REST - MARINE,FELLOWES
100142574,0043859812387,5.7,1,instock,yes,BREYTA COMPACT KEYBOARD WRISTREST SD,FELLOWES
8035001,0043859487219,28.82,4,instock,yes,MICROBAN ADJUSTABLE FOOT SUPPORT,FELLOWES
91712,0077511917127,12.23,10,instock,yes,STANDARD MONITOR RISER PLATINUM,FELLOWES
100142575,0043859812332,7.33,3,instock,yes,BREYTA KEYBOARD WRIST REST - BLACK,FELLOWES
91713,0077511917134,33.33,2,instock,yes,PREMIUM MONITOR RISER PLUS PLATINUM,FELLOWES
100142572,0043859812394,5.7,3,instock,yes,BREYTA COMPACT KEYBOARD WRISTREST MA,FELLOWES
100142573,0043859812400,5.7,3,instock,yes,BREYTA COMPACT KEYBOARD WRISTREST SA,FELLOWES
100142570,0043859812318,5.7,4,instock,yes,BREYTA COMPACT KEYBOARD WRISTREST BL,FELLOWES
100142571,0043859812325,5.7,2,instock,yes,BREYTA COMPACT KEYBOARD WRISTREST GR,FELLOWES
91717,0077511917172,22.22,1,instock,yes,PREMIUM MONITOR RISER PLATINUM,FELLOWES
8210101,0043859706402,9.92,12,instock,yes,I-SPIRE LAPTOP QUICKLIFT WH,FELLOWES
8042201,0043859685752,13.33,2,instock,yes,I-SPIRE SERIES LUMBAR CUSHION - GREY,FELLOWES
5934005,0043859544035,2.87,18,instock,yes,MOUSE PAD WITH MICROBAN - SILVER,FELLOWES
9169301,0043859529735,12.23,134,instock,yes,STANDARD MONITOR RISER - GRAPHITE,FELLOWES
8212001,0043859706792,9.92,192,instock,yes,LAPTOP QUICK LIFT - BLACK,FELLOWES
9169501,0043859529759,33.33,2,instock,yes,MONITOR RISER PLUS - GRAPHITE,FELLOWES
8032001,0043859470952,22.5,19,instock,yes,OFFICE SUITES LAPTOP RISER,FELLOWES
100119849,,25.32,7,instock,yes,BREYTA WEDGE SEAT CUSHION,FELLOWES
9287302,0043859718931,10.13,3,instock,yes,MOUSEPAD WRIST SUPPORT BLUE,FELLOWES
100016560,4385979491100,14.38,21,instock,yes,BREYTA MONITOR STAND - BLACK,FELLOWES
100016562,4385979489800,18.49,11,instock,yes,BREYTA FOOT REST - BLACK,FELLOWES
100016564,4385979486700,28.75,2,instock,yes,BREYTA LAPTOP STAND CARRY CASE BLACK,FELLOWES
8020101,0043859541386,17.77,2,instock,yes,SMART SUITES MONITOR RISER,FELLOWES
100016994,0438598000000,40.89,4,instock,yes,HANA LT LAPTOP STAND - BLACK,FELLOWES
100016558,4385979484300,8.22,75,instock,yes,BREYTA LAPTOP STAND - BLACK,FELLOWES
100016998,0438598000000,62.79,4,instock,yes,HANA LT FOOT REST - BLACK,FELLOWES
9252003,0043859718917,10.13,4,instock,yes,MOUSEPAD WRIST SUPPORT BLACK,FELLOWES
5933805,0043859544011,2.87,6,instock,yes,MOUSEPAD WITH MICROBAN - BLUE,FELLOWES
100136875,,19.74,4,instock,yes,DESK THIN CLIENT HOLDER,FELLOWES
100142558,0043859812196,7.33,3,instock,yes,BREYTA MOUSEPAD WRIST REST - SAGE,FELLOWES
100142559,0043859812219,7.33,4,instock,yes,BREYTA MOUSEPAD WRIST REST - SAND,FELLOWES
100136876,,19.74,9,instock,yes,DESK THIN CLIENT HOLDER WHITE,FELLOWES
100142556,0043859812172,7.33,6,instock,yes,BREYTA MOUSEPAD WRIST REST - GREY,FELLOWES
100136877,,126.29,2,instock,yes,MOBILE TV STAND,FELLOWES
100142557,0043859812189,7.33,2,instock,yes,BREYTA MOUSEPAD WRIST REST - MARINE,FELLOWES
8031101,0043859470976,30.54,2,instock,yes,OFFICE SUITES MONITOR RISER,FELLOWES
100142555,0043859812165,7.33,5,instock,yes,BREYTA MOUSEPAD WRIST REST - BLACK,FELLOWES
8029901,0043859600960,29.45,2,instock,yes,MESH BACK SUPPORT,FELLOWES
100143580,0043859814114,45.28,2,instock,yes,BREYTA + ERG VERTICAL MOUSE SM RIGHT,FELLOWES
100143581,0043859814121,45.28,9,instock,yes,BREYTA + ERG VERTICALMOUSE MED RIGHT,FELLOWES
100143579,0043859814107,28.09,5,instock,yes,BREYTA ERGO VERTICAL MOUSE RIGHTHAND,FELLOWES
100143584,0043859814152,45.28,4,instock,yes,BREYTA + ERG VERTICAL MOUSE LAR LEFT,FELLOWES
100143582,0043859814138,45.28,6,instock,yes,BREYTA + ERG VERTICALMOUSE LAR RIGHT,FELLOWES
100143583,0043859814145,45.28,5,instock,yes,BREYTA + ERG VERTICAL MOUSE MED LEFT,FELLOWES
4802001,0043859638864,15.16,45,instock,yes,PRIVACY SCREEN 15.6 IN WIDE 16:9,FELLOWES
4811801,0043859688272,27.37,3,instock,yes,PRIVACY FILTER - 24.0 IN WIDE 16:9,FELLOWES
4816901,0043859710843,30.87,1,instock,yes,23.8IN BLACKOUT PRSCR FILT 16:9 LCD,FELLOWES
100142716,,14.38,8,instock,yes,PRIVACY FILTER - 16.0 IN WIDE 16:10,FELLOWES
100142717,,11.3,1,instock,yes,PRIVACY FILTER - 14.0 IN WIDE 16:10,FELLOWES
4812001,0043859688289,10.86,8,instock,yes,PRIVACY FILTER - 14.0 IN WIDE 16:9,FELLOWES
4807101,0043859660186,25.16,4,instock,yes,PRIVACY SCREEN 23.0 IN WIDE 16:9,FELLOWES
4807001,0043859660179,21.96,3,instock,yes,21.5IN W BLACKOUT PRIVACY FILTER - L,FELLOWES
4806801,0043859660155,9.82,18,instock,yes,PRIVACY SCREEN 13.3 IN WIDE 16:9,FELLOWES
4801501,0043859560578,24.46,6,instock,yes,PRIVACY SCREEN 22.0 IN WIDE 16:10,FELLOWES
26-7198,,4.27,1000,instock,yes,^2M MINI DP TO HDMI M TO M GLD,GROUPGEAR
31-0015Y,,0.76,1,instock,yes,^1.5M CAT6 UTP NETWORK 24AWG YELLOW,GROUPGEAR
221769,4047443537836,9.93,30,instock,yes,HAMA FREEDOM LIT III HEADSET GREEN,HAMA
221762,4047443537188,9.04,16,instock,yes,FREEDOM BUDDY II BTOOTH BUDS GREEN,HAMA
200149,4047443548320,36.16,20,instock,yes,CONNECT2OFFICE WORK 12 PORT USB DOCK,HAMA
221763,4047443537195,9.04,22,instock,yes,FREEDOM BUDDY II BTOOTH BUDS ORANGE,HAMA
221760,4047443537089,9.04,21,instock,yes,FREEDOM BUDDY II BTOOTH BUDS BLUE,HAMA
221761,4047443537171,9.04,17,instock,yes,FREEDOM BUDDY II BTOOTH BUDS PINK,HAMA
221765,4047443537799,9.93,26,instock,yes,HAMA FREEDOM LIT III HEADSET BLACK,HAMA
205243,4047443439116,6.55,7,instock,yes,HDMI CABLE CERT PLUG-PLUG 3M 8K BLK,HAMA
221770,4047443537881,9.93,19,instock,yes,HAMA FREEDOM LIT III HEADSET ORANGE,HAMA
227056,4047443530899,13.97,6,instock,yes,EXTREME PROTECT LAPTOP SLEEVE BLK,HAMA
227052,4047443527158,24.5,7,instock,yes,EXTREME PROTECT BACKPACK D30 BLK,HAMA
221757,4047443532374,7.55,14,instock,yes,FREEDOM LIGHT II BTOOTH BUDS ORANGE,HAMA
221758,4047443536938,9.04,25,instock,yes,FREEDOM BUDDY II BTOOTH BUDS BLACK,HAMA
201947,4047443554833,6.31,12,instock,yes,UK FAST CHARGER USBC GAN MINI 30W WH,HAMA
201949,4047443553881,18.97,12,instock,yes,UK FAST CHARG 2XUSBC 1XUSBA GAN 100W,HAMA
201948,4047443554482,10.23,26,instock,yes,UK FAST CHARGER USBC GAN MINI 45W WH,HAMA
299092,4047443240293,8.99,1,instock,yes,HAMA FOC A4 CATALOGUE MAY TO JULY,HAMA
221057,4047443532275,12.61,15,instock,yes,HAMA UNIVERSAL IR REMOTE SOLAR,HAMA
221752,4047443532244,8.11,20,instock,yes,FREEDOM LIGHT II BTOOTH BUDS BLACK,HAMA
221755,4047443532350,8.11,13,instock,yes,FREEDOM LIGHT II BTOOTH BUDS PINK,HAMA
221753,4047443532336,8.11,13,instock,yes,FREEDOM LIGHT II BTOOTH BUDS WHITE,HAMA
221754,4047443532343,8.11,18,instock,yes,FREEDOM LIGHT II BTOOTH BUDS BLUE,HAMA
95681,4007249956811,2.8,4,instock,yes,UP TO FASHION CD/DVD BAG 24 BLUE,HAMA
178159,4047443549303,11.36,8,instock,yes,ESCOOTER LOCK 2 KEYS 120CM,HAMA
201719,4047443514813,16.74,57,instock,yes,PD 20 POWER PACK 20000 MAH FAST,HAMA
4175,4007249041753,11.05,4,instock,yes,STAR 75 TRIPOD 3D TILT QUICK RELEASE,HAMA
200623,4047443442765,9.05,35,instock,yes,USB2.0 CABLE LIGHTNING 1.5M WHITE,HAMA
184176,4047443511249,16.75,50,instock,yes,B'TOOTH HEADPHONES OVER-EAR BASS,HAMA
95453,4007249954534,4.26,6,instock,yes,SMART-SNAP LENS CAP 52MM BLACK,HAMA
91092,4007249910929,4.51,27,instock,yes,8IN1 USB2.0 CARD READER SD/MICROSD,HAMA
202006,4047443545923,3.46,30,instock,yes,USB CABLE A PLUG C PLUG GEN 3.2 1.5M,HAMA
4290,4007249042903,29.54,17,instock,yes,TRAVELLER 117 BALL TRIPOD BALL HEAD,HAMA
4291,4007249042910,49.58,35,instock,yes,TRAVELLER 163 BALL TRIPOD BALL HEAD,HAMA
108062,4047443166616,7.11,197,instock,yes,FANCY USB2.0 FLASH DRIVE 64GB 15MBS,HAMA
202005,4047443545916,2.98,4,instock,yes,USB CABLE USBA USBC PLUG 3.2 0.75M,HAMA
73200023,4047443542618,18.68,123,instock,yes,UNIVERSAL USB-C NOTEBOOK POWER UNIT,HAMA
4609,4007249046093,7.18,4,instock,yes,FLEX MINI TRIPOD 14CM BLACK 2IN1,HAMA
173038,4047443537331,5.88,10,instock,yes,WM-400 WIRELESS MOUSE ERGO GREEN,HAMA
178603,4047443455666,26.14,26,instock,yes,FIT TRACK 3910 FITNESS TRACKER,HAMA
173037,4047443537300,5.88,9,instock,yes,WM-400 WIRELESS MOUSE ERGO BLUE,HAMA
3755,4007249037558,9.22,28,instock,yes,CINEKETT S 8 SPLICING TAPE 100PCS,HAMA
217858,4047443502179,18.14,67,instock,yes,URAGE SOUNDZ 200 V2 GAMING HEADSET,HAMA
4605,4007249046055,11.45,8,instock,yes,FLEXPRO TRIPOD 27CM BLACK 3IN1,HAMA
108074,4047443196163,9.69,49,instock,yes,FANCY USB2.0 FLASH DRIVE 128GB 15MBS,HAMA
184186,4047443527189,11.38,9,instock,yes,MYVOICE STATION BTOOTH HSET BLACK,HAMA
186365,4047443416681,5.15,10,instock,yes,TH-140 THERM/HYGROMETER WEATHER BLK,HAMA
184184,4047443526274,7.82,1,instock,yes,MYVOICE ESSENTIAL MONO BTOOTH HSET,HAMA
108071,4047443196149,7.85,58,instock,yes,ROTATE USB2.0 FLASH DRIVE 128GB 15MB,HAMA
186367,4047443419934,4.54,18,instock,yes,T-350 LCD THERMOMETER BLACK,HAMA
196602,4047443455185,10.03,13,instock,yes,TERRA LAPTOP SLEEVE 13.3 INCH GREY,HAMA
4619,4007249046192,12.8,9,instock,yes,TRIPOD FOR SMARTPHONE/TABLET 106 3D,HAMA
53950,4007249539502,14.89,3,instock,yes,SPY PROTECT HD WEBCAM HD BLACK,HAMA
173026,4047443479754,6.71,44,instock,yes,MW-400 V2 WIRELESS MOUSE USB BLACK,HAMA
181445,4047443374837,9.02,9,instock,yes,LP COVER FRAME ALUMINIUM 31.5CM BLK,HAMA
7103,4007249071033,2.77,52,instock,yes,PHOTO TAPE DISPENSER 2X 500 TAPES,HAMA
201739,4047443536372,6.83,20,instock,yes,TRAVEL POWER PACK 10000 MAH GREY,HAMA
200645,4047443442772,9.55,18,instock,yes,USBC2.0 CABLE LIGHTINING 1.5M WHITE,HAMA
200762,4047443456281,7.31,12,instock,yes,MINI SCREWDRIVER SET 24 PIECE IN 1,HAMA
55348,4007249553485,7.11,109,instock,yes,35IN1 USB2.0 MULTI CARD READER BLUE,HAMA
184161,4047443499714,12.28,30,instock,yes,FREEDOM BUDDY IN-EAR BUDS BLK,HAMA
23142,4007249231420,5.49,9,instock,yes,HARDCASE CARBON STYLE CAMERA BAG 60L,HAMA
231022,4047443545459,7.85,10,instock,yes,GENUA LAPTOP BACKPACK 44CM BLACK,HAMA
5956,4007249059567,5.02,12,instock,yes,OPTICAL LENS CLEAN PAPER 5X 30 PAGES,HAMA
44752,4007249447524,2.45,18,instock,yes,CD DOUBLE JEWEL CASE PACK OF 5,HAMA
139835,4047443317131,6.57,16,instock,yes,HARDCASE ZIP CAMERA BAG 80M BLK/BLU,HAMA
220807,4047443509321,10.23,1,instock,yes,TV WALL BRACKET RIGID 191CM TO 40KG,HAMA
200656,4047443444011,6.57,21,instock,yes,USB-C TO USB-C 10GBPS CABLE 1M,HAMA
231020,4047443545435,7.65,13,instock,yes,GENUA LAPTOP BAG UP TO 44CM BLACK,HAMA
184162,4047443499721,12.28,39,instock,yes,FREEDOM BUDDY IN-EAR BUDS WHT,HAMA
200652,4047443443977,3.46,5,instock,yes,USBC3.2 CABLE USBA PLUG GEN1 1.5M,HAMA
201741,4047443536525,34.4,14,instock,yes,HIGH POWER PACK 20000 MAH FAST,HAMA
184166,4047443499769,12.28,20,instock,yes,FREEDOM BUDDY IN-EAR BUDS GRN,HAMA
201743,4047443536549,44.28,3,instock,yes,HIGH POWER PACK 24000 MAH QUICK 200W,HAMA
201742,4047443536532,44.28,5,instock,yes,HIGH POWER PACK 24000 MAH QUICK 150W,HAMA
126815,4047443515834,19.03,28,instock,yes,ALU LAPTOP STAND TILTING 40CM SILVER,HAMA
11616,4007249116161,4.74,79,instock,yes,CD/DVD/BLU-RAY WALLET 64 BLACK,HAMA
86516,4007249865168,5.97,8,instock,yes,LIGHT NOTEBOOK LOCK WITH KEYS,HAMA
184172,4047443533487,14.49,9,instock,yes,SPIRIT CHOP II BTOOTH HPHONES BLK,HAMA
107638,4047443507648,55.05,3,instock,yes,AVINTIY HDMI CABLE CERT 8K 15M BLACK,HAMA
1927,4007249019271,10.49,9,instock,yes,NEW YORK CITY PHOTO ALBUM 400 PHOTOS,HAMA
7108,4007249071088,3.46,3,instock,yes,PHOTO CORNER DISPENSER 2X 500 TAPES,HAMA
178610,4047443489012,59.05,3,instock,yes,FIT WATCH 6910 WATERPROOF GPS BLACK,HAMA
5604,4007249056047,5.82,54,instock,yes,LENS PEN CLEANING BRUSH BLACK,HAMA
181420,4047443375537,3.86,10,instock,yes,CLEANING BRUSH FOR LP STYLI,HAMA
220836,4047443509505,39.14,11,instock,yes,TV WALL BRACKET TILT PULL 191CM 45KG,HAMA
44744,4007249447449,2.03,14,instock,yes,STANDARD CD JEWEL CASE 5 PACK BLACK,HAMA
201756,4047443553089,19.57,7,instock,yes,WIRELESS QI2 25W COOLING CHARGER BLK,HAMA
200669,4047443444196,2.45,8,instock,yes,CAT5E F/UTP CABLE 3M SHIELD 1GBPS,HAMA
200668,4047443444172,2.03,37,instock,yes,CAT5E F/UTP CABLE 1.5M SHIELD 1GBPS,HAMA
201510,4047443488459,9.62,4,instock,yes,EASY SNAP CAR PHONE HOLDER SUCTION,HAMA
201752,4047443547057,18.97,31,instock,yes,QI2 WIRELESS POWER PACK 10000 MAH,HAMA
222216,4047443526793,26.95,5,instock,yes,SYLT WEATHER STATION ALARM BLACK,HAMA
200670,4047443444202,3.05,7,instock,yes,CAT5E F/UTP CABLE 5M SHIELD 1GBPS,HAMA
205323,4047443533388,4.48,9,instock,yes,HDMI 4K 2X1 TOGGLE SWITCH PLUG BLACK,HAMA
200671,4047443444219,5.02,5,instock,yes,CAT5E F/UTP CABLE 10M SHIELD 1GBPS,HAMA
182643,4047443494115,8.54,6,instock,yes,CANOSA V2 BTOOTH MOUSE BLACK,HAMA
74204,4007249742049,2.85,12,instock,yes,USB2.0 CABLE A-PLUG MINI B PLUG 1.8M,HAMA
200799,4047443536389,11.11,24,instock,yes,USBC CABLE GEN4 240W 1M BLACK,HAMA
231041,4047443555496,4.6,20,instock,yes,GENUA LAPTOP SLEEVE 44CM BLACK,HAMA
201521,4047443488299,7.92,3,instock,yes,MULTI 2IN1 PHONE HOLDER KIT WINDSCRN,HAMA
200673,4047443444257,8.0,7,instock,yes,CAT5E F/UTP CABLE 20M SHIELD 1GBPS,HAMA
201523,4047443486509,9.62,17,instock,yes,LIGHTNING TO 3.5MM JACK ADPT WHITE,HAMA
139905,4047443404978,6.83,28,instock,yes,MIC-P35 ALLROUND 3.5MM JACK PLUG,HAMA
73014150,4047443301109,7.18,63,instock,yes,DUAL CHARGER 2X USB 2.4A UK PLUG BLK,HAMA
222235,4047443526243,2.77,2,instock,yes,CHIOS THERM/HYGROMETER SIL/WHT,HAMA
44728,4007249447289,5.22,33,instock,yes,VHS/S TO VHS VIDEO CLEANING TAPE,HAMA
222236,4047443526250,3.31,15,instock,yes,SAIPAN THERMOMETER HYGROMETER SIL,HAMA
2252,4007249022523,5.49,5,instock,yes,NEGATIVE SLEEVES 10 STRIPS 25PCS,HAMA
220851,4047443509932,59.12,2,instock,yes,FULLMOTION SLIM TV WALL BRACK 229CM,HAMA
221820,4047443552020,16.11,14,instock,yes,SPIRIT TOUCH BTOOTH BUDS DISP BLACK,HAMA
33832,4007249338327,6.71,22,instock,yes,CD/DVD/BLU-RAY WALLET 80 BLACK,HAMA
205340,4047443450340,4.2,5,instock,yes,ANTENNA KIT 5M CABLE 2 COAX ADAPT,HAMA
173133,4047443324993,8.38,3,instock,yes,SONIC LS-206 PC SPEAKER BLACK/SIL,HAMA
4666,4007249046666,2.17,7,instock,yes,FANCY 2IN1 MINI TRIPOD 16CM SILVER,HAMA
33835,4019976338358,12.66,3,instock,yes,CD/DVD/BLU-RAY WALLET 208 BLACK,HAMA
173131,4047443304247,5.69,48,instock,yes,SONIC MOBIL 183 SPEAKER BLACK/RED,HAMA
173132,4047443304827,6.51,30,instock,yes,SONIC MOBIL 185 SPEAKER BLACK/SIL,HAMA
112459,4047443360922,2.09,20,instock,yes,XAVAX HALOGEN BULB WARM 20W WHT 2PCK,HAMA
4680,4007249046802,9.14,14,instock,yes,SMART WIRELESS LAVALIER MIC WLESS,HAMA
4560,4007249045607,10.71,19,instock,yes,SUCTION CUP CAMERA CAR TRIPOD BLACK,HAMA
220848,4047443509871,46.32,4,instock,yes,TV WALL BRACKET SWIVEL 122CM 25KG,HAMA
222222,4047443523631,4.12,8,instock,yes,EBRO THERM/HYGROMETER DIGITAL WHITE,HAMA
220841,4047443509741,54.86,18,instock,yes,TV WALL BRACKET SWIVEL 165CM 25KG,HAMA
221017,4047443529855,7.25,16,instock,yes,CABLE DUCT KIT 4 PCS SELF ADHES 1M,HAMA
27836,4007249278364,3.05,10,instock,yes,HANDLE LOOP TEXTILE 22CM BLACK,HAMA
200698,4047443444707,9.14,9,instock,yes,DISPLAY PORT CABLE DP 1.2 4K 5M,HAMA
186421,4047443495334,21.26,2,instock,yes,FULL TOUCH WEATHER STATION BLACK,HAMA
126858,4047443516602,1.91,26,instock,yes,EASY MOUSE PAD BLACK NON-SLIP,HAMA
205115,4047443438768,2.03,11,instock,yes,AUDIO CABLE 3.5MM JACK TO JACK 3M,HAMA
222232,4047443526205,12.74,17,instock,yes,LOMBOK THERMO HYGROM DIGITAL BLACK,HAMA
205110,4047443440020,1.91,4,instock,yes,AUDIO CABLE 3.5MM JACK TO 2 RCA 1.5M,HAMA
112460,4047443360939,2.09,20,instock,yes,XAVAX HALOGEN BULB WARM 30W WHT 2PCK,HAMA
221847,4047443534958,36.23,9,instock,yes,TV HEADSET OVEREAR BTOOTH HEADSET,HAMA
103691,4047443043467,5.49,11,instock,yes,HARDCASE CAMERA BAG 7X4X11 BLACK,HAMA
33809,4007249338099,3.38,12,instock,yes,CD/DVD PROTECTIVE SLEEVES 50PCS,HAMA
125121,4047443499592,17.88,12,instock,yes,TABLET WALL HOLDER 7-11 INCH,HAMA
2032,4007249020321,7.78,48,instock,yes,NEGATIVE SLEEVE 40 INDIV 25PCS,HAMA
113818,4047443407634,1.97,13,instock,yes,PROTECTIVE DUST COVER KEYBOARD,HAMA
200107,4047443436795,12.74,10,instock,yes,USBC HUB MULTIPORT 4 PORTS,HAMA
44704,4007249447043,15.98,21,instock,yes,VHS-C/VHS AUTO CASSETTE ADAPTER,HAMA
186082,4047443547446,11.65,33,instock,yes,URAGE SPINE CABLE GUIDE 130CM BLACK,HAMA
205006,4047443439352,4.06,5,instock,yes,HIGH SPEED HDMI CBL ETHERNET 4K 3M,HAMA
205005,4047443439253,2.45,57,instock,yes,HIGH SPEED HDMI CBL ETHERNET 4K 1.5M,HAMA
201684,4047443488411,11.91,29,instock,yes,QI-FC10S WIRELESS CHARGER PHONE PAD,HAMA
223475,4047443491435,13.22,5,instock,yes,WORLD TRAVEL ADAPT 2 AND 3-PIN 1USB,HAMA
205120,4047443439864,2.09,39,instock,yes,AUDIO CABLE 3.5MM JACK TO SOCKET 3M,HAMA
4565,4007249045652,3.86,10,instock,yes,TRIPOD ADAPTER ACTION CAM 1/4 INCH,HAMA
4567,4007249045676,13.14,19,instock,yes,CHEST STRAP ACTION CAM ULTRA LIGHT,HAMA
123979,4047443246837,16.18,134,instock,yes,MICROSDXC 64GB UHS 100MB/S ADAPTER,HAMA
182600,4047443370457,2.51,49,instock,yes,MC-100 CABLE MOUSE 3 BUTTON BLACK,HAMA
182603,4047443371430,2.98,41,instock,yes,MC-200 CABLE MOUSE 3 BUTTON WHITE,HAMA
182602,4047443371218,2.98,98,instock,yes,MC-200 CABLE MOUSE 3 BUTTON BLACK,HAMA
200116,4047443436887,6.98,3,instock,yes,USB HUB 4 PORTS USB 3.2 GEN 1,HAMA
200119,4047443436900,4.06,11,instock,yes,USB HUB 4 PORT USB 2.0 480MBIT/S BLK,HAMA
124022,4047443303202,7.6,191,instock,yes,USB 3.0 CARD READER SD/MICROSD/CF,HAMA
124140,4047443300430,11.72,265,instock,yes,MICROSDXC 64GB 10UHS-I 100MBS ADAPT,HAMA
186402,4047443421692,1.35,16,instock,yes,INDOOR/OUTDOOR THERM 18CM ANALOGUE,HAMA
186401,4047443420855,1.91,3,instock,yes,THERMOMETER INTERIOR WOOD 20CM,HAMA
205009,4047443441768,15.57,6,instock,yes,HIGH SPEED HDMI ETHERNET 4K GOLD 10M,HAMA
200357,4047443523587,2.51,47,instock,yes,USB3.2 ADPT USBA PLUG-USBC SOCKET,HAMA
121302,4047443455123,6.17,16,instock,yes,TERRA CAMERA BAG 90M GREY,HAMA
121304,4047443455208,12.52,17,instock,yes,TERRA CAMERA BAG 110 COLT GREY,HAMA
124139,4047443300423,9.54,302,instock,yes,MICROSDHC 32GB CLASS10 100MB/S ADAPT,HAMA
121303,4047443455178,11.91,6,instock,yes,TERRA CAMERA BAG 100 COLT GREY,HAMA
124138,4047443300409,6.58,288,instock,yes,MICROSDHC 16GB CLASS 10 80MB/S ADAPT,HAMA
125106,4047443503497,1.75,8,instock,yes,EASY PEN TABLET STYLUS BLACK,HAMA
124135,4047443300331,11.82,42,instock,yes,SDHC 32GB C10 UHS-I 80MBS,HAMA
124136,4047443300348,18.25,143,instock,yes,SDHC 64GB C10 UHS-I 90MBS,HAMA
205130,4047443438539,4.42,4,instock,yes,AUDIO CABLE 3.5MM JACK METAL 1.5M,HAMA
121309,4047443455482,29.66,2,instock,yes,TERRA CAMERA BACKPACK 140 GREY,HAMA
104302,4047443164087,6.46,15,instock,yes,ROTATE USB2.0 FLASH DRIVE 64GB 15MBS,HAMA
121308,4047443455451,14.35,9,instock,yes,TERRA CAMERA BAG 135 GREY,HAMA
121307,4047443455444,14.35,6,instock,yes,TERRA CAMERA BAG 130 GREY,HAMA
73173050,4047443528964,6.57,8,instock,yes,CK-100 USB KEYBOARD CABLE BLACK,HAMA
73173051,4047443528995,9.34,155,instock,yes,WKM-100 WIRELESS KEYBOARD AND MOUSE,HAMA
124134,4047443300324,8.14,135,instock,yes,SDHC 16GB CLASS 10 UHS-I 80MBS,HAMA
217241,4047443500977,6.71,51,instock,yes,FOLD KINDLE 5 CASE 11TH GEN BLACK,HAMA
124131,4047443342959,4.54,96,instock,yes,USB 2.0 CARD READER SD/MICROSD/CF,HAMA
185087,4047443433855,10.63,23,instock,yes,SAMARA CAMERA BAG 140 BLACK,HAMA
200003,4047443426598,24.31,45,instock,yes,UNIVERSAL NOTEBOOK POWER SUPPLY 90W,HAMA
201578,4047443486202,8.38,25,instock,yes,USBA TO LIGHTNING CHARGE CABL 0.2M,HAMA
188235,4047443523341,12.66,13,instock,yes,BUDDY 3.0 BTOOTH SPEAKER 6W BLACK,HAMA
200131,4047443437921,5.88,82,instock,yes,USB CARD READER USBC USB 3.0 SILVER,HAMA
200132,4057766271935,76.38,3,instock,yes,USB CARD READER USB 2.0 24PC DISP,HAMA
176967,4047443403025,7.31,25,instock,yes,TH-10 THERM/HYGROMETER MOULD ALARM,HAMA
205262,4047443438744,1.69,43,instock,yes,AUDIO CABLE 3.5MM JACK TO JACK 1.5M,HAMA
205140,4047443438508,8.38,11,instock,yes,AUDIO OPTICAL CABL ODT PLUG METAL 3M,HAMA
205260,4047443440129,3.11,25,instock,yes,AUDIO CABLE 3.5MM JACK-2RCA GLD 1.5M,HAMA
14165,4007249141651,12.94,8,instock,yes,FM TRANSMIT WITH BTOOTH HANDS FREE,HAMA
124001,4047443280923,19.58,24,instock,yes,LAETA TWIN USB DRIVE 128GB BLACK,HAMA
185892,4047443518330,8.12,7,instock,yes,PAROS THERM/HYGROMETER DIGI WHITE,HAMA
200139,4047443488565,98.34,12,instock,yes,USBC DOCK STATION AND STAND 12 PORT,HAMA
221056,4047443532282,5.55,6,instock,yes,UNIV TV REMOTE 2 DEVICE TEACHABLE,HAMA
95980,4007249959805,5.69,13,instock,yes,MEMORY CARD CASE LEATHER BLACK,HAMA
181051,4047443401410,4.28,11,instock,yes,CLASSIC USB STICK USB 3.0 16GB SIL,HAMA
51270,4007249512703,23.03,5,instock,yes,SLIM CD JEWEL CASE 100 PACK BLACK,HAMA
74260,4007249742605,2.92,1,instock,yes,MINI-USB CABLE MINI-B5 CONNECT 1.5M,HAMA
51276,4007249512765,7.69,39,instock,yes,STANDARD DVD JEWEL CASE 10 PACK BLK,HAMA
126656,4047443255006,6.57,9,instock,yes,HARDCASE CAMERA BAG 7.5X4.5X12.5 BLK,HAMA
221063,4047443506665,6.35,11,instock,yes,UNIVERSAL TV REMOTE PHILIPS,HAMA
221066,4047443525871,6.35,7,instock,yes,UNIVERSAL TV REMOTE SONY 4 APP,HAMA
205150,4047443434616,3.18,5,instock,yes,AUDIO/VIDEO CABLE 3RCA TO 3RCA 1.5M,HAMA
19858,4007249198587,8.54,12,instock,yes,WATERPROOF MOBILE PHONE CASE 6.7INCH,HAMA
200707,4047443444721,4.54,9,instock,yes,VGA CABLE FULL HD 1080P 1.5M,HAMA
108029,4047443161215,6.2,158,instock,yes,ROTATE USB2.0 FLASH DRIVE 32GB 10MBS,HAMA
200703,4047443440945,4.06,5,instock,yes,HDMI CABL ULTRA-HD 4K ETHERNET 3M,HAMA
200705,4047443441805,8.0,14,instock,yes,HIGH SPEED HDMI CABL 4K 1.5M 2XADAPT,HAMA
200701,4047443440921,2.23,2,instock,yes,HDMI CABL ULTRA-HD 4K ETHERNET 0.75M,HAMA
221766,4047443537812,11.31,18,instock,yes,HAMA FREEDOM LIT III HEADSET WHITE,HAMA
200148,4047443551917,6.83,16,instock,yes,USB CARD READER USBA USBC 3.2 GEN1,HAMA
124194,4047443439314,4.37,78,instock,yes,USB3.0 CARD READER SD/MICRO SD,HAMA
185068,4047443427823,3.86,10,instock,yes,VALLETTA CAMERA BAG 60G BLACK,HAMA
185070,4047443428004,5.75,5,instock,yes,VALLETTA CAMERA BAG 90P BLACK,HAMA
1655,4007249016553,11.31,18,instock,yes,LED SLIDE VIEWER 3X MAGNIFICATION,HAMA
228601,4047443535672,4.95,9,instock,yes,LED FLASHLIGHT FL120 3 MODE 120LM,HAMA
51164,4007249511645,2.57,20,instock,yes,SLIM CD JEWEL CASE 10 PACK CLEAR,HAMA
51165,4007249511652,7.25,7,instock,yes,SLIM CD JEWEL CASE 25 PACK CLEAR,HAMA
185071,4047443428028,6.57,10,instock,yes,VALLETTA CAMERA BAG 90 BLACK,HAMA
200150,4047443547033,24.92,21,instock,yes,CONNECT2OFFICE 9 PORT USBC HUB BLACK,HAMA
205164,4047443431509,2.29,24,instock,yes,HIGH SPEED HDMI ANGLE ADAPT 90DEGREE,HAMA
173078,4047443537294,5.88,12,instock,yes,WM-400 WIRELESS MOUSE ERGO WHITE,HAMA
173079,4047443537355,7.85,20,instock,yes,WM-450 WIRELESS MOUSE 7 BUTTON BLK,HAMA
205283,4047443438263,2.98,9,instock,yes,DAB+/FM DIPOLE ANTENNA 1.75M,HAMA
205160,4047443445315,6.23,23,instock,yes,VIDEO ADAPTER USBC TO HDMI 4K,HAMA
173074,4047443537256,2.77,52,instock,yes,CM-200 USB MOUSE 4 BUTTON CABLE BLK,HAMA
173075,4047443537263,3.94,30,instock,yes,WM-200 WIRELESS MOUSE 4 BUTTON BLACK,HAMA
126806,4047443514882,14.23,15,instock,yes,BLACK METAL LAPTOP COOLER 2 FAN 40CM,HAMA
173077,4047443537287,5.88,7,instock,yes,WM-400 WIRELESS MOUSE ERGO BLACK,HAMA
221759,4047443536952,10.29,6,instock,yes,FREEDOM BUDDY II BTOOTH EARBUDS WHI,HAMA
173073,4047443537249,3.05,244,instock,yes,WM-100 WIRELESS MOUSE 3 BUTTON BLACK,HAMA
134960,4047443447111,3.05,99,instock,yes,AMW-200 OPCTICAL WIRELESS MOUSE BLK,HAMA
185078,4047443428233,10.15,25,instock,yes,VALLETTA CAMERA BAG 130 COLT BLACK,HAMA
188225,4047443498069,16.4,5,instock,yes,POCKET 3.0 BTOOTH SPEAKER 3.5W WHITE,HAMA
121351,4047443509055,32.23,7,instock,yes,PHOENIX CAMERA BAG 170 BLACK,HAMA
185076,4047443428165,7.72,24,instock,yes,VALLETTA CAMERA BAG 90 COLT BLACK,HAMA
121350,4047443509048,24.11,7,instock,yes,PHOENIX CAMERA BAG 26X16.5X21 BLACK,HAMA
185075,4047443428141,13.34,7,instock,yes,VALLETTA CAMERA BAG 140 BLACK,HAMA
221756,4047443532367,9.23,22,instock,yes,FREEDOM LIGHT II BTOOTH HPHONES GRN,HAMA
121346,4047443506320,38.66,6,instock,yes,OHIO CAMERA BACKPACK 190 BLACK/RED,HAMA
121345,4047443506313,26.75,7,instock,yes,OHIO CAMERA BACKPACK 150 BLACK/RED,HAMA
221081,4047443508829,6.35,1,instock,yes,BASIC INDOOR AERIAL DAB+ DAB DVB-T2,HAMA
121348,4047443508904,22.68,11,instock,yes,PHOENIX CAMERA BAG 130 BLACK,HAMA
121347,4047443503480,54.86,2,instock,yes,OHIO CAMERA TROLLEY 200 BLACK RED,HAMA
201133,4047443470324,2.03,12,instock,yes,MODULAR CABLE 6P4C PLUG 3M WHITE,HAMA
205058,4047443440389,4.68,4,instock,yes,ANTENNA CABLE COAX 90DEG 5M 90DB WH,HAMA
185083,4047443433657,7.31,36,instock,yes,SAMARA CAMERA BAG 100 BLACK,HAMA
48496,4007249484963,5.97,16,instock,yes,DVD LASER CLEANING DISC,HAMA
182698,4047443370372,9.28,18,instock,yes,EMC-500 ERGO VERTICAL WIRED MOUSE,HAMA
200609,4047443443724,3.11,2,instock,yes,MICRO-USB2.0 CABLE 480 MBIT/S 3M,HAMA
5120,4007249051202,3.78,11,instock,yes,ADAPTERMOUNT 1/4 INCH GS5000 SILVER,HAMA
216510,4047443463418,5.82,12,instock,yes,NEOPRENE LAPTOP SLEEVE 40CM GREY,HAMA
200605,4047443443687,1.91,20,instock,yes,MINI-USB2.0 CABLE 480 MBIT/S 0.75M,HAMA
63166,4007249631664,1.69,9,instock,yes,PORTRAIT FRAME ACRYLIC 13X18CM,HAMA
217168,4047443482181,6.71,142,instock,yes,FOLD CASE FOR KINDLE PAPERWHT 5,HAMA
200606,4047443443694,2.09,17,instock,yes,MINI-USB2.0 CABLE 480 MBIT/S 1.50M,HAMA
184076,4047443458964,11.98,19,instock,yes,FREEDOM LIGHT BLUETOOTH EARBUDS PNK,HAMA
221782,4047443538529,8.94,61,instock,yes,SHELL TV II HEADSET OVEREAR BLACK 6M,HAMA
186379,4047443416674,6.35,1,instock,yes,TH-200 LCD THERM/HYGROMETER SILV,HAMA
124171,4047443334657,51.63,34,instock,yes,MICROSDXC 256GB CLASS 10 100MBS,HAMA
181000,4047443345905,29.63,69,instock,yes,MICROSDXC 128GB UHS CLASS 3 ADAPTER,HAMA
51186,4007249511867,3.25,3,instock,yes,QUAD BOX DVD JEWEL CASE 5 PACK BLACK,HAMA
78302,4007249783028,3.46,1,instock,yes,SCREEN CLEANING GEL AND CLOTH 200ML,HAMA
227094,4047443538550,9.95,18,instock,yes,FOLD CLEAR TABLET CASE IPAD 11 BLACK,HAMA
205063,4047443434104,2.03,10,instock,yes,SAT CONNECT CABL FPLUG TO FPLUG 1.5M,HAMA
227095,4047443538567,9.95,44,instock,yes,FOLD CLEAR TABLET CASE IPAD 11 BLUE,HAMA
139991,4047443452092,20.72,13,instock,yes,C-400 PC WEBCAM 1080P USB 2.0 MIC,HAMA
216504,4047443463326,5.55,10,instock,yes,NEOPRENE LAPTOP SLEEVE 36CM BLACK,HAMA
139992,4047443447197,29.72,4,instock,yes,C-600 PRO PC WEBCAM 1080P USB 2.0,HAMA
217836,4047443501479,12.12,10,instock,yes,URAGE REAPER 250 GAMING MOUSE BLACK,HAMA
4161,4007249041616,15.85,37,instock,yes,STAR 61 TRIPOD 3D TILT QUICK RELEASE,HAMA
90891,4007249908919,3.28,770,instock,yes,ROTATE USB FLASH DRIVE USB2.0 8GB,HAMA
182465,4047443435903,19.42,69,instock,yes,ROTATE USB STICK USB 3.0 128GB BLUE,HAMA
221779,4047443538048,16.52,13,instock,yes,SPIRIT CALYPSO III BTOOTH HEADSET BL,HAMA
182466,4047443435927,30.22,6,instock,yes,ROTATE USB STICK USB 3.0 256GB BLUE,HAMA
63176,4007249631763,1.69,13,instock,yes,LANDSCAPE FRAME ACRYLIC 13X18CM,HAMA
181018,4047443361684,8.08,58,instock,yes,USB 3.0 MULTI CARD READER WHITE,HAMA
181017,4047443361677,7.75,16,instock,yes,USB 3.0 MULTI CARD READER WHITE,HAMA
72567,4007249725677,30.2,10,instock,yes,POLARIZING FILTER AR COATED 67MM,HAMA
90894,4007249908940,3.95,203,instock,yes,FANCY USB FLASH DRIVE USB2.0 16GB,HAMA
5014,4007249050144,13.75,33,instock,yes,TRIPOD BALL HEAD 50MM,HAMA
124162,4047443310576,8.26,65,instock,yes,C-LAETA USB3.1 TYPE-C PEN 32GB 40MBS,HAMA
182463,4047443435835,6.14,67,instock,yes,ROTATE USB STICK USB 3.0 32GB BLUE,HAMA
124163,4047443310606,9.77,91,instock,yes,C-LAETA USB3.1 TYPE-C PEN 64GB 40MBS,HAMA
84417,4007249844170,3.46,125,instock,yes,COMPRESSED GAS CLEANER 400ML,HAMA
221780,4047443538055,16.52,26,instock,yes,SPIRIT CALYPSO III BTOOTH HEADSET WH,HAMA
7546,4007249075468,9.14,20,instock,yes,4-D RING FOLDER 70MM SPINE BLK/GRY,HAMA
7548,4007249075482,4.26,36,instock,yes,NEGATIVES FOLDER 4 RING 39MM BLACK,HAMA
173086,4047443537454,7.85,17,instock,yes,ECM-500R ERGO MOUSE WITH CABLE BLK,HAMA
173088,4047443537478,10.03,59,instock,yes,EMW-500R ERGO MOUSE VERTICAL BLK,HAMA
173081,4047443537409,11.85,9,instock,yes,WM-500 WIRELESS MOUSE EGO 6 BUTT BLK,HAMA
220834,4047443509406,36.89,20,instock,yes,TV WALL BRACKET TILT PULL 165CM 35KG,HAMA
221768,4047443537843,13.36,23,instock,yes,HAMA FREEDOM LIT III HEADSET PINK,HAMA
200907,4047443442413,2.33,11,instock,yes,USB-C TO USB-A USB 2.0 0.9M BLACK,HAMA
200307,4047443437082,2.25,6,instock,yes,USB OTG ADAPTER MICRO-USB TO USB 2.0,HAMA
201558,4047443486851,5.53,40,instock,yes,REFLECTIVE CABLE USBA  USBC 1.5M BLU,HAMA
201712,4047443514745,9.84,31,instock,yes,COLOUR 10 POWER PACK 10000MAH PLUM,HAMA
200787,4047443511447,13.29,7,instock,yes,USB-C CABLE 3.2 GEN2 100W 2M BLACK,HAMA
201711,4047443514738,16.4,18,instock,yes,PERFORMANCE 24 POWER PACK 24000MAH,HAMA
200702,4047443440938,2.89,39,instock,yes,HIGH SPEED HDMI CABLE 4K 1.5M BLACK,HAMA
201714,4047443514769,9.84,49,instock,yes,COLOUR 10 POWER PACK 10000MAH RED,HAMA
201713,4047443514752,9.84,41,instock,yes,COLOUR 10 POWER PACK 10000MAH GREEN,HAMA
201554,4047443486257,10.09,8,instock,yes,REFLECTIVE CABLE USBA LTNG 1.5M RED,HAMA
201598,4047443486066,8.96,21,instock,yes,CHARGING CABLE USBC LIGHTNG 1M WHT,HAMA
201597,4047443486745,6.0,19,instock,yes,CHARGING CABLE USBC - USBA 3M BLK,HAMA
221767,4047443537836,13.36,8,instock,yes,HAMA FREEDOM LIT III HEADSET BLUE,HAMA
201710,4047443514721,13.6,6,instock,yes,PERFORMANCE 20 POWER PACK 20000MAH,HAMA
200620,4047443443762,3.27,11,instock,yes,USB EXTEN CABLE USB 2.0 3M BLACK,HAMA
221055,4047443532268,6.42,23,instock,yes,UNIVERSAL TV REMOTE 8 DEVICES APPS,HAMA
205241,4047443438973,6.0,30,instock,yes,HDMI CABLE CERT PLUG-PLUG 1M 8K BLK,HAMA
173032,4047443500793,11.45,18,instock,yes,MW-500 WIRELESS MOUSE EGONOMIC BLACK,HAMA
200718,4047443444820,11.45,26,instock,yes,USB-C TP HDMI ULTRA-HD 4K 1.5M BLACK,HAMA
200916,4047443442505,1.8,27,instock,yes,NETWORK CABLE CAT5E SHIELDED 3M WHT,HAMA
220904,4047443551979,23.93,4,instock,yes,MONITOR MOUNT HEIGHT ADJ 13-35 WHT,HAMA
220903,4047443551955,23.93,1,instock,yes,MONITOR MOUNT HEIGHT ADJ 13-35 BLK,HAMA
200117,4047443458070,12.8,25,instock,yes,USB-C HUB 5 PORTS 3X USB-A USB-C LAN,HAMA
201604,4047443486899,4.8,28,instock,yes,CHARGING CABLE USBC - USBC 0.2M BLK,HAMA
200712,4047443444769,8.33,16,instock,yes,DISPLAYPORT TO HDMI PLUG 4K 1.5M BLK,HAMA
113806,4047443385543,2.33,14,instock,yes,SCREEN CLEANING CLOTHS 100PCS TUB,HAMA
201600,4047443486905,4.24,26,instock,yes,CHARGING CABLE USBA - USBC 0.2M BLK,HAMA
200796,4047443533890,21.76,9,instock,yes,USB-C THUNDERBOLD 5 CABLE 8K 1M BLK,HAMA
205007,4047443439390,7.13,15,instock,yes,HDMI CABLE 4K PLUG - PLUG 5M BLACK,HAMA
200681,4047443444394,4.0,27,instock,yes,NETWORK CABLE CAT6A 10GBIT 3M BLK,HAMA
121301,4047443455055,6.42,12,instock,yes,TERRA CAMERA BAG 60 H GREY,HAMA
200680,4047443444363,3.04,18,instock,yes,NETWORK CABLE CAT6A 10GBIT 1.5M BLK,HAMA
200683,4047443444417,7.84,16,instock,yes,NETWORK CABLE CAT6A 10GBIT 10M BLK,HAMA
200682,4047443444400,4.56,32,instock,yes,NETWORK CABLE CAT6A 10GBIT 5M BLK,HAMA
300092,4047443477477,8.82,6,instock,yes,VIDEO ADAPTER DISPLAYPORT - HDMI 4K,HAMA
121306,4047443455413,15.62,1,instock,yes,TERRA CAMERA BAG 110 GREY,HAMA
200604,4047443443670,4.24,16,instock,yes,USB CABLE USB 2.0 5M BLACK,HAMA
201535,4047443486516,10.02,34,instock,yes,3IN1 MULTICHARGING CABLE 1M WHITE,HAMA
221067,4047443538734,7.51,11,instock,yes,UNIVERSAL TV REMOTE HISENSE IR 4 APP,HAMA
200603,4047443443663,3.27,9,instock,yes,USB CABLE USB 2.0 3M BLACK,HAMA
2251,4007249022516,18.02,23,instock,yes,NEGATIVE SLEEVE GLASSINE 24X36 100PC,HAMA
2250,4007249022509,5.93,26,instock,yes,NEGATIVE SLEEVE GLASSINE 24X36 25PCS,HAMA
202029,4047443546197,8.82,26,instock,yes,ULTRA HIGH SPEED HDMI CERT 8K 3M,HAMA
205139,4047443438492,7.51,9,instock,yes,AUDIO FIBRE CABLE ODT PLUG 1.5M METL,HAMA
121775,4047443434562,14.89,10,instock,yes,AV CONVERTER SCART TO HDMI,HAMA
205028,4047443432421,1.13,29,instock,yes,ANTENNA CABLE COAX 1.5M 75DB WHT,HAMA
200130,4047443437938,3.53,28,instock,yes,USB CARD READER OTG USB 2.0 BLACK,HAMA
201582,4047443486219,11.93,10,instock,yes,CHARGING CABLE USBA - LTNG 3M BLK,HAMA
200650,4047443443953,3.36,19,instock,yes,USB-C TO USB-A CABLE 3.2 GEN 1 0.25M,HAMA
201584,4047443486974,2.33,20,instock,yes,CHARGING CABL USBA - MICROUSB 1M BLK,HAMA
2004,4007249020048,9.2,20,instock,yes,SLIDE SLEEVES 20 FRAMES 5X5 25PCS,HAMA
201581,4047443486073,9.36,74,instock,yes,CHARGING CABLE USBA - LTNG 1.5 WHT,HAMA
201707,4047443514691,6.8,2,instock,yes,POCKET 5 POWER PACK 5000MAH 2X USBA,HAMA
200696,4047443444684,4.4,12,instock,yes,DISPLAYPORT CABLE DP 1.2 4K 1.5M BLK,HAMA
228603,4047443535764,13.44,13,instock,yes,LED FLASHLIGHT FL350C 4 MODE 350LM,HAMA
200332,4047443437341,7.36,2,instock,yes,VIDEO ADAPT MINI DISPLAY TO HDMI 4K,HAMA
181056,4047443405531,2.91,5,instock,yes,BASIC USB 2.0 OTG CARD READER BLACK,HAMA
201589,4047443486813,4.16,6,instock,yes,CHARGE CABLE USBA - MICROUSB 3M BLK,HAMA
124161,4047443310552,6.05,25,instock,yes,C-LAETA USB FLASH DRIVE 16GB SILVER,HAMA
200653,4047443443984,6.8,15,instock,yes,USB-C TO USB-A CABLE 3.2 GEN 1 3M,HAMA
200697,4047443444691,6.56,6,instock,yes,DISPLAYPORT CABLE DP 1.2 4K 3M BLK,HAMA
74261,4007249742612,3.45,12,instock,yes,MINI-USB CABLE MINI B-8 CONNECT 1.5M,HAMA
201594,4047443486943,3.13,19,instock,yes,CHARGE CABLE USBA - USBC 1M BLK,HAMA
200141,4047443497666,8.96,14,instock,yes,USB HUB 4 PORT 3.2 GEN SLIM SILVER,HAMA
201593,4047443486783,7.62,7,instock,yes,CHARGE CABLE USBC - USBC 3M BLK,HAMA
201596,4047443486929,3.76,15,instock,yes,CHARGE CABLE USBA - USBC 1.5M WHT,HAMA
205037,4047443432469,1.2,14,instock,yes,SAT CABLE F-PLUG 1.5M 75DB WHITE,HAMA
221061,4047443506641,7.51,20,instock,yes,UNIVERSAL TV REMOTE LG IR TEACH,HAMA
221781,4047443538505,7.76,87,instock,yes,SHELL II HEADPHONE OVER EAR 2M BLACK,HAMA
201592,4047443486776,4.73,7,instock,yes,CHARGE CABLE USBC - USBC 1.5M WHT,HAMA
201591,4047443486790,4.65,20,instock,yes,CHARGE CABLE USBC - USBC 1.5M BLK,HAMA
205194,4047443431646,1.53,27,instock,yes,AUDIO ADAPTER 3.5MM - 6.3MM JACK,HAMA
4154,4007249041548,4.66,29,instock,yes,QUICK RELEASE PLATE CAMERA 6.6X5.1CM,HAMA
192603,6940056192745,10.68,29,instock,yes,RAPOO V500PRO GAMING BLACKLIT KB MEC,HAMA
80-04000004G000,,15.63,36,instock,yes,HEIGHT ADJ STAND 19-24IN VESA,HANNSPREE
HP271CJB,4711404024955,106.25,19,instock,yes,27IN 16:9 LED BACKLIT MONITOR,HANSPREE
HT240CUA,4711404024719,192.71,23,instock,yes,24 TOUCH OPTICAL USB HUB MPP2 SUP,HANSPREE
HP241PJB,4711404024979,77.08,7,instock,yes,23.8IN 16:9 LED BACKLIT MONITOR,HANSPREE
HT161HNB,,130.21,25,instock,yes,15.6 10 POINT TOUCH HDMI HARDGLASS,HANNSPREE
HT165HPB,4711404025013,243.75,10,instock,yes,15.6IN TOUCH MONITOR LED BACKLIGHT,HANSPREE
EB241CJB,4711404025020,337.5,10,instock,yes,23.8 FULL HD HYBRI ECOVISION MONITOR,HANSPREE
HO245PTB,4711404023378,229.17,1,instock,yes,23.8 OPEN FRAME 10 POINT CAP TOUCH,HANSPREE
80-04000014G000,4711404023552,20.31,17,instock,yes,HEIGHT ADJUSTABLE STAND 23.6-28 VESA,HANSPREE
HT249PPB,4711404024900,171.88,17,instock,yes,23.8IN TOUCH MONITOR LED BACKLIGHT,HANSPREE
80-PF000002G00K,4711404023927,22.92,2,instock,yes,13.3 RUGGED PROTECTION CASE ZEUS 3,HANSPREE
80-RA000001G001,4711404024764,26.04,3,instock,yes,HANNSPREE ACTIVE STYLUS PEN USI 2.0,HANSPREE
HT220CUA,4711404024702,156.25,10,instock,yes,22 TOUCH OPTICAL USB HUB MPP2 SUP,HANSPREE
HC241PFB,4711404024962,58.33,57,instock,yes,23.8 LCD IPS HDMI DP VGA VESA AUD,HANSPREE
HS322UPB,4711404023187,108.33,9,instock,yes,32 WQHD RESOLUTION PIP USB 3.0 HUB,HANSPREE
HC271CFB,4711404024948,98.96,20,instock,yes,27IN 16:9 LED BACKLIT MONITOR,HANSPREE
SN14TP7B,4711404025044,186.46,5,instock,yes,MERCURY 14.1 ANDROID 15 TABLET PC,HANSPREE
HT279PPB,4711404024917,197.92,12,instock,yes,27IN TOUCH MONITOR LED BACKLIGHT,HANSPREE
80-04000003G002,,19.27,37,instock,yes,HEIGHT ADJUST STAND 24-27IN VESA,HANSPREE
80-PF000001G00K,4711404023859,19.79,5,instock,yes,10.1 RUGGED PROTECTION CASE APOLLO,HANSPREE
HP271PJB,4711404024993,93.75,20,instock,yes,27IN 16:9 LED BACKLIT MONITOR,HANSPREE
HC241CFB,4711404024924,75.0,50,instock,yes,23.8IN 16:9 LED BACKLIT MONITOR,HANSPREE
HP241CJB,4711404024931,85.42,19,instock,yes,23.8IN 16:9 LED BACKLIT MONITOR,HANSPREE
HC271PFB,4711404024986,75.0,25,instock,yes,27IN 16:9 LED BACKLIT MONITOR,HANSPREE
HT225HPB,,151.04,48,instock,yes,21.5 10PTTOUCH FHD IPS HDMI DP,HANNSPREE
SN10HR1B,4711404020193,95.83,5,instock,yes,10IN HANNSNOTE 2 PAPER DISP EREADER,HANSPREE
5504AGTN,,28.24,99,instock,yes,HONOR CHOICE MOUSEBUDS PRO GREY,HONOR
5109CMDP,6942785104617,180.28,9,instock,yes,HONOR 600 SMART 5G 128GB BLACK,HONOR
5109CMDQ,6942785104624,180.28,35,instock,yes,HONOR 600 SMART 5G 128GB SILVER,HONOR
5109CEUA,6936520897582,1442.21,30,instock,yes,HONOR MAGIC V6 512GB RED,HONOR
5109CAFM,6936520884315,360.55,22,instock,yes,MAGIC8 LITE 8GB+512GB REDDISH BROWN,HONOR
5109CETX,6936520897568,1442.21,30,instock,yes,HONOR MAGIC V6 512GB BLACK,HONOR
5109CHFF,6936520895113,649.0,99,instock,yes,HONOR 600 PRO 12+512G BLACK,HONOR
5109CEHC,6936520891986,266.8,19,instock,yes,HONOR 600 LITE 8GB 256GB GREEN,HONOR
5109CCPK,6936520882878,793.21,10,instock,yes,MAGIC8 PRO 12GB+512GB BLACK,HONOR
5109CEHA,6936520891962,266.8,40,instock,yes,HONOR 600 LITE 8GB 256GB BLACK,HONOR
5109CCPL,6936520882885,793.21,16,instock,yes,MAGIC8 PRO 12GB+512GB SUNRISE GOLD,HONOR
5109CEHB,6936520891979,266.8,20,instock,yes,HONOR 600 LITE 8GB 256GB GREY,HONOR
5109CHCQ,6936520895168,396.61,8,instock,yes,HONOR 600 8+256G BLACK,HONOR
5160ACFA,6936520897902,0.01,450,instock,yes,HONOR 600 SMART 5G BLACK DUMMY,HONOR
5160ACAR,6936520890200,0.01,246,instock,yes,HONOR 600 PRO BLACK DUMMY,HONOR
5109BYRB,6936520884285,360.55,11,instock,yes,MAGIC8 LITE 8GB+512GB MIDNIGHT BLACK,HONOR
5109BYRC,6936520884292,360.55,7,instock,yes,MAGIC8 LITE 8GB+512GB FOREST GREEN,HONOR
5160ABXD,,0.01,43,instock,yes,HONOR 600 LITE BLACK DUMMY,HONOR
5301ARMU,6936520897179,138.41,10,instock,yes,HONOR PAD X8B 4GB+128GB SPACE GREY,HONOR
5504ADQF,6971759902652,72.86,52,instock,yes,HONOR PAD X7 8.7 4GB+64GB GREY,HONOR
5301APMJ,6936520871964,145.78,95,instock,yes,HONOR PAD X9A 11.5 INCH 128GB WI-FI-,HONOR
AV4H6AA#ABU,,194.52,3,instock,yes,OMEN 27Q G2 QHD 180HZGAMINGMNTR,HEWLETT PACKARD INCORPORATED
99Z68AA#ABU,0197961164268,468.31,1,instock,yes,OMEN 32XUHD144HZSMARTGAMING,HEWLETT PACKARD INCORPORATED
9R181AA#ABU,,936.63,1,instock,yes,OMEN TRANSCEND32UHD240HZOLEDGAM UK,HEWLETT PACKARD INCORPORATED
99HASS002-RET,,100.0,850,instock,yes,VIVE TRACKER 3.0,HTC
99HATV002-RET,4718487721665,160.87,47,instock,yes,STEAM VR BASESTATION 2.0,HTC
99HATT004-RET,4718487722174,150.0,8,instock,yes,VIVE ULTIMATE TRACKER,HTC
99HAUB001-RET,4718487722396,439.13,8,instock,yes,ULTIMATE TRACKER 3+1,HTC
99H12348-RET,4718487723133,116.3,21,instock,yes,VIVE WIRED STREAMING KIT,HTC
99H12238-RET,4718487719495,78.26,5,instock,yes,FOCUS 3 BATTERY,HTC
99HAUM028-RET,4718487723607,732.99,14,instock,yes,VIVE FOCUS VISION,HTC
99HASW003-RET,4718487719150,481.44,11,instock,yes,VIVE PRO 2 HEADSET,HTC
99DC0X,5032037284745,157.14,10,instock,yes,BXD CORE ULTRA5 CPU 250KF + FCLGA18W,INTEL
99CFFC,1234570000000,384.08,19,instock,yes,CORE I9 CPU 14900K FC-LGA16A TRAY,INTEL
99CFFD,1234570000000,363.13,61,instock,yes,CORE I9 CPU 14900KF FC-LGA16A TRAY,INTEL
99DAGT,1234567891013,148.57,50,instock,yes,CORE ULTRA5 CPU250KF + FCLGA18W TRAY,INTEL
99CFDW,1234570000000,272.34,23,instock,yes,CORE I7 CPU 14700K FC-LGA16A TRAY,INTEL
99CFF5,1234570000000,158.29,26,instock,yes,CORE I5 CPU 14600KF FC-LGA16A TRAY,INTEL
JCBTPE10,5070002474661,224.69,17,instock,yes,JCB TOUGHPHONE E10,JCB
JCBTP1242,5070002474654,70.73,26,instock,yes,JCB TRADESMAN 4,JCB
JCBTP1241,5070002474647,70.73,3,instock,yes,JCB TRADESMAN 3,JCB
JCBTPT1,5070004014131,299.6,10,instock,yes,JCB TOUGHPHONE MAX T1 RUGGED TABLET,JCB
JCBTPP20,5070002474609,524.31,4,instock,yes,JCB TOUGHPHONE MAX PRO P20,JCB
JCBTPM20,5070002474623,299.6,6,instock,yes,JCB TOUGHPHONE MAX M20,JCB
HBJLUXANCRWHT62,0810119071248,56.14,485,instock,yes,JBUDS LUX ANC CLOUD WT,JLAB
UEBJBPODSRBK124,0810119073068,42.09,28,instock,yes,JBUDS PODS ANC TWS EARBUDS BLK,JLAB
BGAIRSPRTRBK124,0812887017404,21.04,5995,instock,yes,GO AIR SPORT TWS HEADPHONES BLK,JLAB
IEUEPRORBLK123,0878376002696,7.01,463,instock,yes,JBUDS PRO WIRED EARBUDS BLK,JLAB
UHBKJPOPRTEL122,0810119072641,17.54,992,instock,yes,JBUDDIES POP WIRELESS HEADPHONES BL,JLAB
BGAIRSPRTRTL124,0812887019705,21.04,898,instock,yes,GO AIR SPORT TWS HEADPHONES TEAL,JLAB
HBJLUXANCRSGE62,0810119071262,56.14,1315,instock,yes,JBUDS LUX ANC SAGE,JLAB
BEPICSPT3RBLK82,0810119072382,70.17,244,instock,yes,EPIC SPORT ANC 3 TWS EARBUDS BLK,JLAB
UEBGOANCRWHT124,0810119075154,21.04,502,instock,yes,GO POP ANC TRUE WIRELESS EARBUDS WT,JLAB
UEBGOANCRBLK124,0810119072368,21.04,3589,instock,yes,GO POP ANC TRUE WIRELESS EARBUDS BLK,JLAB
UHWSTUD2RBLK93,0810119073099,14.03,2,instock,yes,STUDIO 2 WIRED HEADPHONES BLACK,JLAB
UEBGOPODSRWT124,0810119075161,21.04,229,instock,yes,GO PODS ANC TRUE WIRELESS EARBUDS WT,JLAB
GHBNHTFALLRBLK4,0810119072061,42.09,17,instock,yes,NIGHTFALL WIRELESS GAMING HEADSET BK,JLAB
BJBMINIRAQUA124,0810119070869,28.06,609,instock,yes,JLAB JBUDS MINI TRUE WIRELESS AQUA,JLAB
UEBGOPODSRLC124,0810119073020,21.04,1900,instock,yes,GO PODS ANC TWS EARBUDS LILAC,JLAB
BGAIRPOPRWHT124,0810119072412,17.54,2090,instock,yes,GO AIR POP TWS EARBUDS CLOUD WT,JLAB
BJBMINIRPNK124,0810119070852,28.06,115,instock,yes,JLAB JBUDS MINI TRUE WIRELESS PINK,JLAB
BEPOPSPRTRBLK82,0810119073006,56.14,1314,instock,yes,JLAB EPIC OPEN SPORT EARBUDS BLK,JLAB
UEBFLEXRBLK124,0810119071835,35.08,30,instock,yes,JLAB FLEX TRUE WIRELESS EARBUDS BLK,JLAB
UEPRORWHTGRY123,0812887016735,7.01,4,instock,yes,JBUDS PRO WIRED EARBUDS WT GY,JLAB
BGAIRPOPRBLK124,0812887017183,17.54,15492,instock,yes,GO AIR POP TWS HEADPHONES BK,JLAB
BKSTU2RGRYBL122,0810119071217,21.04,13,instock,yes,JBUDDIES STUDIO2 WLESS HEDPHNE BL GY,JLAB
BGOLUXANCRGPH93,0810119072986,28.06,1284,instock,yes,GO LUX ANC WLESS HEADPHONES GRAPHITE,JLAB
EBWORKBUDSRBK82,0812887017541,56.14,33,instock,yes,JBUDS WORK BUDS BLK,JLAB
BGAIRSPRTRYL124,0812887019736,21.04,283,instock,yes,GO AIR SPORT TWS HEADPHONES NEON YLW,JLAB
BGOANCRTRAGN124,0810119072955,21.04,1,instock,yes,GO POP ANC TRUE WL EARBUDS NEON GN,JLAB
BGOLUXANCRSGE93,0810119073655,28.06,103,instock,yes,GO LUX ANC WIRELESS HEADPHONES SAGE,JLAB
HBJLUXANCRGPH62,0810119071255,56.14,495,instock,yes,JBUDS LUX ANC GRAPHITE,JLAB
UEBJBANCRBLK82,0810119071132,42.09,142,instock,yes,JBUDS ANC TRUE WIRELESS,JLAB
BGAIRPOPRSLT124,0812887017213,17.54,4998,instock,yes,GO AIR POP TWS HEADPHONES SLATE,JLAB
BJBMINIRMNT124,0810119070883,28.06,362,instock,yes,JBUDS MINI TRUE WIRELES EARBUDS MINT,JLAB
UEBGOPODSRBK124,0810119073013,21.04,4000,instock,yes,GO PODS ANC TRUE WIRELESS EARBUDS BK,JLAB
UEBGOPODSRSG124,0810119073044,21.04,46,instock,yes,GO PODS ANC TWS EARBUDS SAGE,JLAB
BGOANCRTRATL124,0810119072948,21.04,1,instock,yes,GO POP ANC TRUE WIRELES EARBUDS TEAL,JLAB
BGOANCRTRAPR124,0810119072962,21.04,2,instock,yes,GO POP ANC TWS EARBUDS PURPLE,JLAB
BJBMINIRBLK124,0810119070524,28.06,1498,instock,yes,JLAB JBUDS MINI TRUE WIRELESS BLK,JLAB
BGAIRPOPRTEL124,0812887017190,17.54,4992,instock,yes,GO AIR POP TWS HEADPHONES TEAL,JLAB
BGOLUXANCRMVE93,0810119073662,28.06,186,instock,yes,GO LUX ANC WIRELESS HEADPHONES MAUVE,JLAB
BGAIRPOPRPNK124,0810119070203,17.54,999,instock,yes,GO AIR POP TWS HEADPHONES PINK,JLAB
UHBGOWORKRBK4,0812887019569,35.08,353,instock,yes,GO WORK WIRELESS HEADPHONES BLK,JLAB
UHKJPOPRBLU122,0810119071354,9.12,338,instock,yes,JBUDDIES POP WIRED HEADPHONES BLUE,JLAB
UHKJPOPRPNK122,0810119071361,9.12,140,instock,yes,JBUDDIES POP WIRED HEADPHONES PINK,JLAB
BJBSPTANCRGPH84,0810119072184,49.12,397,instock,yes,JLAB JBUDS SPORT ANC 4  GRAPHITE,JLAB
UHBSTUD2RMNT93,0810119073976,17.54,213,instock,yes,STUDIO 2 WIRELESS HEADPHONES MINT,JLAB
BGAIRPOPRLLC124,0812887017206,17.54,3739,instock,yes,GO AIR POP TWS HEADPHONES LILAC,JLAB
UHBKJPOPRPNK122,0810119072658,17.54,92,instock,yes,JBUDDIES POP WIRELESS HEADPHONES PK,JLAB
UEBGOANCRFUC124,0810119072436,21.04,626,instock,yes,GO POP ANC TWS EARBUDS FUCHSIA,JLAB
UEBGOANCRTEL124,0810119072375,21.04,226,instock,yes,GO POP ANC TRUE WIRELES EARBUDS TEAL,JLAB
UGBKMGOBUNDLE4,0810119070012,21.04,119,instock,yes,JALB GO MOUSE & KEYOBOARD BUNDLE UK,JLAB
UKMFLOWBUNDLE4,0810119072870,42.09,17,instock,yes,JLAB FLOW BUNDLE UK,JLAB
UGBKEPICKEYRBK4,0812887019965,49.12,186,instock,yes,JLAB EPIC KEYBOARD UK BLK,JLAB
UGBKGOKEYBRBK4,0812887019996,14.03,537,instock,yes,JLAB GO KEYBOARD UK BLK,JLAB
MGOMOUSERBLK124,0812887017497,12.62,382,instock,yes,GO MOUSE,JLAB
EPICMOUSERBK124,0812887017510,42.09,112,instock,yes,JLAB EPIC MOUSE BLK,JLAB
IEUMJBERGORBK82,0810119070845,28.06,13,instock,yes,JBUDS ERGO MOUSE,JLAB
MGOCHRGMSRBK124,0812887017589,14.03,300,instock,yes,JLAB GO CHARGE MOUSE BLK,JLAB
MJBMOUSERBLK124,0812887017503,21.04,124,instock,yes,JLAB JBUDS MOUSE BLK,JLAB
IEUSBGORMUL82,0810119074263,28.06,166,instock,yes,JLAB GO PARTY SPEAKER MULBERRY,JLAB
IEUSBGORNVY82,0810119074256,28.06,557,instock,yes,JLAB GO PARTY SPEAKER NAVY,JLAB
IEUSBJBUDSRBK62,0810119073891,42.09,198,instock,yes,JLAB JBUDS PARTY SPEAKER BLK,JLAB
IEUSBJBUDSRNY62,0810119074232,42.09,75,instock,yes,JLAB JBUDS PARTY SPEAKER NAVY,JLAB
IEUSBGORBLK82,0810119073846,28.06,2791,instock,yes,JLAB GO PARTY SPEAKER BLK,JLAB
IEUSBPOPRBLK123,0810119073792,17.54,298,instock,yes,JLAB POP PARTY SPEAKER BLK,JLAB
IEUSBJBUDSRML62,0810119074249,42.09,90,instock,yes,JLAB JBUDS PARTY SPEAKER MULBERRY,JLAB
IEUSBEPICRBLK21,0810119073938,112.27,56,instock,yes,JLAB EPIC PARTY SPEAKER BLK,JLAB
K50424WW,,27.14,161,instock,yes,K: UNIVERSAL TABLETOP LAPTOP RISER,KENSINGTON
K81176WW,,45.58,8,instock,yes,KENSINGTON W2050 WEBCAM 1080P,KENSINGTON
K65051WW,,43.28,40,instock,yes,VERIMARK GUARD 2.1 USBC FINGERPRINT,KENSINGTON
K64424WW,0085896644248,30.53,65,instock,yes,DESKTOP PERIPHERAL KIT MS2.0,KENSINGTON
K52797WW,5085896527973,38.97,7,instock,yes,MONITOR STAND PLUS WIDE BLACK,KENSINGTON
K80251WW,,25.08,42,instock,yes,KENSINGTON W1050 FIXED FOCUS WEBCAM,KENSINGTON
K33616WW,,33.97,9,instock,yes,KENSINGTON CH1200 USB-C 4 PORT HUB,KENSINGTON
K60392WW,,21.1,435,instock,yes,KENSINGTON EQ BACKPACK 16,KENSINGTON
K60383EU,5028252596862,52.56,40,instock,yes,CONTOUR 2.0 14IN EXECUTIVE BACKPACK,KENSINGTON
62385,0636638006291,12.44,14,instock,yes,GEL WRIST REST (BLACK),KENSINGTON
K52789WW,0085896527893,41.04,44,instock,yes,SOLEMATE PLUS FOOT REST BLACK,KENSINGTON
K87651WW,,18.83,5,instock,yes,KENSINGTON KENSINGTON A1010,KENSINGTON
K72359WW,0085896723592,87.98,81,instock,yes,EXPERTMOUSE WIRELESS TRACKBALL,KENSINGTON
K52785WW,0085896527855,25.32,125,instock,yes,SMARTFIT MONITOR STAND PLUS - 24INCH,KENSINGTON
K72392EU,5028252478656,16.46,60,instock,yes,#VAL THREE-BUTTON WIRELESS MOUSE,KENSINGTON
K52503WW,0085896525035,163.69,3,instock,yes,MAGPRO PRIVACY 34 MONITORS-21:9,KENSINGTON
K74000WW,,19.84,64,instock,yes,PRO FIT BLUETOOTH MID-SIZE MOUSE,KENSINGTON
K52802WW,50085896528024,6.78,10,instock,yes,ES WRIST REST FOR MOUSE,KENSINGTON
K60393WW,,7.92,91,instock,yes,KENSINGTON EQ SLEEVE 12,KENSINGTON
K81175WW,,39.08,2,instock,yes,KENSINGTON W2000 WEBCAM 1080P,KENSINGTON
K60378WW,,12.84,1,instock,yes,KENSINGTONSIMPLYPORTABLELITE14,KENSINGTON
K68134WW,,36.64,1,instock,yes,KENSINGTON KEYED CABLE LOCK SURFACE,KENSINGTON
K68008EU,5028252597883,29.87,597,instock,yes,N17 COMBINATION LOCK,KENSINGTON
K83450WW,0085896834502,33.49,5,instock,yes,H1000 USB-C HEADSET,KENSINGTON
K53801WW,0085896538011,18.92,3,instock,yes,LAPTOP HOLDER VESA MOUNT ARMS,KENSINGTON
K75452UK,,13.4,214,instock,yes,KM100 EQ WIRED DESKTOP SET,KENSINGTON
K33984WW,0085896339847,24.93,1,instock,yes,DP TO HDMI 4K ADAPTER,KENSINGTON
K60394WW,,8.97,160,instock,yes,KENSINGTON EQ SLEEVE 14,KENSINGTON
K55409WW,,39.53,243,instock,yes,SMARTFIT ERGO DUAL MONITOR ARM,KENSINGTON
K52799WW,50085896527997,16.96,11,instock,yes,ES WRIST REST FOR STANDARD KB,KENSINGTON
K33065WW,,23.18,47,instock,yes,HIFI USB HEADPHONES,KENSINGTON
K60390WW,,21.1,19,instock,yes,KENSINGTON EQ CASE 16,KENSINGTON
K52801EU,5028252604390,10.17,9,instock,yes,ERGOSOFT WRIST REST COMPACT BLK,KENSINGTON
K75230UK,5028252512169,30.53,78,instock,yes,PRO FIT WIRELESS DESKTOP UK,KENSINGTON
K52805EU,,16.17,174,instock,yes,K: EASY RISER EQ,KENSINGTON
K65049EU,,6.06,2,instock,yes,KENSINGTON 5MM MASTERKEY,KENSINGTON
K65023WW,,60.5,10,instock,yes,NANOSAVER 2.0 DUAL KD,KENSINGTON
K60412WW,0085896604129,50.67,16,instock,yes,SMARTFIT COMFORM BACK REST,KENSINGTON
K52787WW,085896527879,27.02,3,instock,yes,SPIN2 MONITOR STAND BLACK,KENSINGTON
K83451WW,,66.99,33,instock,yes,H2000 USB-C HEADSET,KENSINGTON
K52783WW,0085896527831,51.99,3,instock,yes,SMARTFIT LAPTOP RISER,KENSINGTON
K33597WW,,19.32,45,instock,yes,HIFI HEADPHONES,KENSINGTON
K35201EU,,250.91,1,instock,yes,SD5000T5 EQ THUNDERBOLT 5 DOCKING,KENSINGTON
K52800WW,50085896528000,13.57,41,instock,yes,ES WRIST REST FOR SLIM KB,KENSINGTON
K60395WW,,10.03,110,instock,yes,KENSINGTON EQ SLEEVE 16,KENSINGTON
K64444WW,0085896644446,36.64,356,instock,yes,#NANOSAVER KEYED LAPTOP LOCK,KENSINGTON
K55408WW,,32.93,43,instock,yes,SMARTFITERGOSINGLE MONITOR ARM LONG,KENSINGTON
K52798WW,50085896527980,16.96,2,instock,yes,ES WRIST REST MECHANICAL KB,KENSINGTON
K60382EU,5028252596855,55.33,2,instock,yes,CONTOUR 2.0 15.6IN BUSINSS BACKPACK,KENSINGTON
K55411WW,,26.34,174,instock,yes,SMRTFITERGOSINGLE MONITOR ARM SHORT,KENSINGTON
K33603EU,,207.0,44,instock,yes,KENSINGTON SD4781P USB-C & USB-A,KENSINGTON
628661,4049793080642,24.2,178,instock,yes,KENSINGTON PRIV SCRN FILTER 14'',KENSINGTON
K83452WW,,79.16,15,instock,yes,H3000 BLUETOOTH HEADSET,KENSINGTON
K62442WW,0085896624424,13.19,2,instock,yes,SLIM DUO GEL KB WRIST REST - RED,KENSINGTON
K33475WW,0085896334750,25.22,9,instock,yes,CA1100E USB-C ETHERNET ADAPTER,KENSINGTON
K65101WW,0085896651017,27.87,9,instock,yes,LOCKING ADAPTER FOR MAC STUDIO,KENSINGTON
K80183WW,,24.35,32,instock,yes,H1050 EQ BLUETOOTH ON-EAR HEADSET,KENSINGTON
K97457WW,5028252620307,19.33,81,instock,yes,USB-C HI-FI HEADPHONES WITH MIC,KENSINGTON
K97601WW,,18.99,389,instock,yes,KENSINGTON USB HIFI HEADPHONES,KENSINGTON
NHSBUNDLE4,,11.65,60,instock,yes,NHSBUNDLE4,KENSINGTON
NHSBUNDLE3,,7.33,2728,instock,yes,NHSBUNDLE3,KENSINGTON
COMBUNDLE-1,,26.53,44,instock,yes,KEYBOARD_ MOUSE AND SLEEVE BUNDLE,KENSINGTON
K75560UK,,31.26,51,instock,yes,#K: KM270 EQ DESKTOP SET - UK,KENSINGTON
K38235WW,085896382355,38.5,28,instock,yes,USB-C CABLE W/ POWER DELIVERY,KENSINGTON
K33373EU,5028252290401,22.02,2,instock,yes,NON LASER WIRELESS PRESENTER        ,KENSINGTON
K72425EU,5028252351423,29.36,4,instock,yes,PRESENTER EXPERT RED LASER /CURSOR,KENSINGTON
K72426EU,5028252351430,46.71,12,instock,yes,PRESENTER EXPERT GREEN LASER/ CURSOR,KENSINGTON
K33853WW,,94.8,12,instock,yes,KENSINGTON UH1440P USB-C MOBILE DOCK,KENSINGTON
K33820WW,,65.4,409,instock,yes,UH1400P USB-C MOBILE HUB,KENSINGTON
K34039WW,,79.16,10,instock,yes,UH1500P EQ USB-C MOBILE DOCK,KENSINGTON
K32810EU,,96.94,223,instock,yes,SD4842PUSB-CECOTRIPLEVIDEODOCK,KENSINGTON
K32852EU,5028252639774,228.57,4,instock,yes,AD4010T4 THUNDERBOLT4 AND USB4 QUAD,KENSINGTON
K34110EU,5028252638555,219.54,71,instock,yes,SD5760T THUNDERBOLT 4 DUAL 4K DOCK,KENSINGTON
K32803EU,,96.94,66,instock,yes,SD4843P EQ USBC TRIPLE DOCK 100W,KENSINGTON
K50421EU,5028252599092,12.94,40,instock,yes,SMARTFIT EASY RISER 2.0 SMALL,KENSINGTON
64271,636638006499,7.88,2,instock,yes,ENTRY LEVEL FOAM MOUSEPAD           ,KENSINGTON
62383,636638006277,7.88,23,instock,yes,ENTRY LEVEL FOAM WRISTREST          ,KENSINGTON
62384,636638006284,7.88,79,instock,yes,ENTRY LEVEL FOAM MOUSEPAD           ,KENSINGTON
62386,636638006307,12.44,20,instock,yes,GEL MOUSE PAD                       ,KENSINGTON
K50417WW,,18.4,78,instock,yes,#EASY RISER ALUMINUM LAPTOP RISER,KENSINGTON
K55807WW,0085896558071,34.42,38,instock,yes,PREMIUM COOL-GEL SEAR CUSHION,KENSINGTON
K55805WW,0085896558057,27.53,23,instock,yes,ERGO MEMORY FOAM SEAT CUSHION,KENSINGTON
K55725EU,5028252593663,27.14,27,instock,yes,SMARTFIT MONITOR STAND WITH DRAWER,KENSINGTON
56148,85896561484,22.7,6,instock,yes,SOLEREST                            ,KENSINGTON
K59600WW,,67.85,95,instock,yes,ONETOUCH HEIGHTADJUST SNGL ARM BLK,KENSINGTON
56145,5011858561457,31.36,18,instock,yes,SOLEMATE,KENSINGTON
56146,5011858561464,41.04,37,instock,yes,FOOTREST TILT/HEIGHT ADJUSTABLE REST,KENSINGTON
K55470EU,5028252597128,67.85,40,instock,yes,ONETOUCH HEIGHT ADJUST SING MON ARM,KENSINGTON
K55512WW,,41.57,46,instock,yes,SPACE SAVING MONITOR ARM SINGLE,KENSINGTON
K50420EU,5028252599078,16.17,374,instock,yes,SMARTFIT EASY RISER GO LARGE,KENSINGTON
62397,636638006192,14.27,16,instock,yes,DUO GEL WRIST REST WAVE BLUE/BLACK  ,KENSINGTON
62398,636638006208,14.27,4,instock,yes,DUO GEL WRIST REST WAVE,KENSINGTON
K72196WW,,33.49,29,instock,yes,K: PROFIT ERGO TB550 TRACKBALL,KENSINGTON
K72194WW,,26.8,19,instock,yes,K: PROFIT ERGO TB450 TRACKBALL,KENSINGTON
56152,0636638006116,16.97,137,instock,yes,ACCODATA SOLE SAVER FOOT REST,KENSINGTON
K50345EU,5028252596688,47.48,1,instock,yes,OLEMATE PRO ELITE ERGO FOOT REST,KENSINGTON
K55726EU,5028252593687,16.96,43,instock,yes,EXTRA WIDE MONITOR STAND,KENSINGTON
K52888EU,5028252592505,13.56,24,instock,yes,MOUSEPAD WRIST REST MOUSE BLK,KENSINGTON
62401,0636638006239,14.27,9,instock,yes,DUO GEL MOUSE MAT WAVE BLUE/BLACK   ,KENSINGTON
62402,636638006246,14.27,18,instock,yes,DUO GEL MOUSEPAD WAVE               ,KENSINGTON
62405,4002888624053,9.24,11,instock,yes,INSIGHT PLUS EASEL COPYHOLDER LGREY,KENSINGTON
K58271WW,0085896582717,41.44,87,instock,yes,SMARTFIT FREESTAND DUO MONITOR STAND,KENSINGTON
K55513WW,,57.55,55,instock,yes,SPACE SAVING MONITOR ARM DUAL,KENSINGTON
K55471EU,5028252597135,122.14,3,instock,yes,ONETOUCH HEIGHT ADJUST DUALMON ARM,KENSINGTON
62081,85896620815,4.81,2,instock,yes,ACCO FLEX CLIP                      ,KENSINGTON
K59601WW,,122.14,8,instock,yes,ONETOUCH HEIGHTADJUST DUAL ARM BLK,KENSINGTON
K63727UK,,7.93,72,instock,yes,K: KB100 EQ STANDARD KEYBOARD - UK,KENSINGTON
K75502UK,,21.83,699,instock,yes,DUAL WIRELESS COMPACT KEYBOARD UK,KENSINGTON
K75491UK,,36.94,48,instock,yes,K: KB675 TKL ERGO KEYBOARD - UK,KENSINGTON
K75401UK,,46.8,129,instock,yes,PROFIT ERGO WIRELESS KEYBOARD UK,KENSINGTON
K75409UK,,21.1,81,instock,yes,KB435 EQ RECHARGEABLE KEYBOARD UK,KENSINGTON
K75408UK,,25.86,44,instock,yes,KB535 EQ WIRELESS KEYBOARD UK,KENSINGTON
K75562UK,,19.89,61,instock,yes,#K: KM150 EQ WIRELESS KEYBOARD - UK,KENSINGTON
K75561UK,,14.78,43,instock,yes,K: KB150 EQ WIRELESS KEYBOARD - UK,KENSINGTON
K67864WWA,0085896678649,72.54,17,instock,yes,LIGHTNING CABLE CHARGE & SYNC(5PACK),KENSINGTON
K75507EU,,21.1,8,instock,yes,K: MY430 EQ RECHARGEABLE MOUSE,KENSINGTON
K72337EU,5028252073936,41.34,29,instock,yes,ORBIT TRACKBALL WITH SCROLL RING    ,KENSINGTON
K75304WW,,21.1,324,instock,yes,KENSINGTON MY230 EQ WIRELESS MOUSE,KENSINGTON
K75404EU,5028252602709,32.69,38,instock,yes,PRO FIT ERGO WIRELESS MOUSE - BLACK,KENSINGTON
K75403EU,,24.53,11,instock,yes,PRO FIT ERGO WIRED MOUSE,KENSINGTON
K72110EU,5028252478632,8.24,79,instock,yes,VAL THREE-BUTTON WIRED MOUSE,KENSINGTON
K72482WW,,31.66,9,instock,yes,K: MY630 EQ ERGO MOUSE,KENSINGTON
K75298WW,,13.76,2033,instock,yes,SURETRACK DUAL WIRELESS MOUSE BLACK,KENSINGTON
64327EU,5028252216807,26.33,99,instock,yes,ORBIT OPTICAL                       ,KENSINGTON
K72421WW,85896724216,20.6,8,instock,yes,PRO FIT WIRELESS SAPPHIRE BLUE MOUSE,KENSINGTON
K72423WW,085896724230,20.6,15,instock,yes,PRO FIT WIRELESS GRAPHITE GREY MOUSE,KENSINGTON
K70992WW,,47.64,26,instock,yes,ORBIT SCROLL RING WRLS TRACKBALL BLK,KENSINGTON
K72422WW,085896724223,20.6,5,instock,yes,PRO FIT  WIRELESS RUBY RED MOUSE,KENSINGTON
K72080WW,0085896720805,77.16,3,instock,yes,KENSINGTON SLIMBLADE PRO TRACKBALL,KENSINGTON
K72480WW,,5.19,1982,instock,yes,K: MOUSE-IN-A-BOX EQ,KENSINGTON
K72481WW,,19.42,5,instock,yes,K: MY310S EQ WIRELESS MOUSE,KENSINGTON
K72369EU,5028252305051,17.77,63,instock,yes,PRO FIT FULL SIZED WIRED MOUSE USBPS,KENSINGTON
K72355EU,85896723554,20.6,29,instock,yes,PRO FIT USB WIRED MID-SIZE MOUSE,KENSINGTON
K79810WW,0085896798101,32.69,5,instock,yes,PRO FIT LEFT HAND ERGO WIREL MOUSE,KENSINGTON
K72356EU,5028252302814,5.19,3220,instock,yes,MOUSE-IN-A-BOX USB,KENSINGTON
K72405EU,5028252316217,20.6,4,instock,yes,PROFIT WIRELESS MID-SIZE MOUSE,KENSINGTON
K75501EU,5028252605960,32.69,47,instock,yes,PROFIT ERGO VERTICAL WRLS MOUSE BLK,KENSINGTON
K72452WW,,16.46,17,instock,yes,PRO FIT WIRELESS MOBILE MOUSE,KENSINGTON
K72370EU,5028252305082,25.82,62,instock,yes,PRO FIT FULL SIZED WIRELESS MOUSE   ,KENSINGTON
K39217EU,4055629024926,16.35,122,instock,yes,UNIVERSAL WINDSCREEN & VENT MOUNT,KENSINGTON
K64995WW,,6.62,8,instock,yes,ULTRABOOK ADAPTERKIT,KENSINGTON
K33981WW,0085896339816,24.09,10,instock,yes,UA0000E USB 3.0 ETHERNET ADAPTER,KENSINGTON
626489,4049793057880,60.13,3,instock,yes,PRIVACY PLG (63.5CM/25IN) WIDE 16:9,KENSINGTON
626488,4049793057873,55.23,14,instock,yes,PRIVACY PLG (61CM/24IN) WIDE 16:10,KENSINGTON
626487,4049793057866,55.23,66,instock,yes,PRIVACY PLG (60.9CM/24IN) WIDE 16:9,KENSINGTON
626486,4049793057859,54.78,80,instock,yes,PRIV PLG (60.4CM/23.8'') WIDE 16:9,KENSINGTON
626485,4049793057842,51.38,9,instock,yes,PRIVACY PLG (58.4CM/23IN) WIDE 16:9,KENSINGTON
K55253WW,0085896552536,42.18,18,instock,yes,MAGPRO MAGNETIC PRIVACY 13.3 16:10,KENSINGTON
626483,4049793057828,50.62,19,instock,yes,PRIVACY PLG (55.8CM/22IN) WIDE 16:10,KENSINGTON
626482,4049793057811,49.49,17,instock,yes,PRIV PLG (54.6CM/21.5IN) WIDE 16:9,KENSINGTON
626480,4049793057798,36.24,4,instock,yes,PRIV PLG (50.8CM/20.0IN) WIDE 16:9,KENSINGTON
K58354WW,,77.51,12,instock,yes,MAGPRO MAGNETIC PRIVACY 21.5 MONITOR,KENSINGTON
626478,4049793057774,35.34,9,instock,yes,PRIVACY PLG 19.5IN WIDE 16:9,KENSINGTON
626477,4049793057767,35.35,10,instock,yes,PRIVACY PLG 19IN WIDE 16:10,KENSINGTON
626476,4049793057750,35.34,1,instock,yes,PRIVACY PLG 48.2CM 19IN,KENSINGTON
626474,4049793057736,30.39,2,instock,yes,PRIV PLG (43.9CM/17.3IN) WIDE 16:9,KENSINGTON
626472,4049793057712,30.39,7,instock,yes,PRIVACY PLG 17IN 5:4,KENSINGTON
626471,4049793057705,27.68,9,instock,yes,PRIVACY PLG 16IN WIDE 16:9,KENSINGTON
626469,4049793057682,26.98,4,instock,yes,PRIV PLG (39.6CM/15.6IN) WIDE 16:9,KENSINGTON
EQ238A169E,,60.86,7,instock,yes,EQ PRV SCRN FILTR 23.8 169 MONITOR,KENSINGTON
626462,4049793057613,24.2,30,instock,yes,PRIVACY PLG (35.6CM/14.0IN) 16:9,KENSINGTON
K55254WW,0085896552543,48.37,275,instock,yes,MAGPRO MAGNETIC PRIV 14 LAPTOP - 16:,KENSINGTON
627483,,27.59,21,instock,yes,PRIV FILTER 2WAY SURF LAPTOP 13.5,KENSINGTON
K58353WW,,51.97,7,instock,yes,MAGPRO MAGNETIC PRIVACY 15.6 LAPTOP,KENSINGTON
HC156A169E,,29.97,4,instock,yes,HIGH CLARITY PRIV SCRN 15.6INCH 169,KENSINGTON
K50728WW,,52.1,98,instock,yes,PRIVACY SCREEN SURFACE LAPTOP 3 13,KENSINGTON
626459,4049793057583,23.0,61,instock,yes,PRIVACY PLG (33.8CM/13.3IN) 16:10,KENSINGTON
626458,4049793057576,23.0,67,instock,yes,PRIVACY PLG (33.8CM/13.3IN) 16:9,KENSINGTON
K58364WW,0085896583646,66.11,1,instock,yes,MAGPRO ELITE PRIVACY SCRN - 15INCH,KENSINGTON
628227,4049793072227,56.27,5,instock,yes,PRIV SCN 2-WAY REMOVABLE 24.5 16:9,KENSINGTON
EQ240A1610E,,61.39,11,instock,yes,EQ PRV SCRN FILTR 24 1610 MONITOR,KENSINGTON
K55255WW,0085896552550,51.97,4,instock,yes,MAGPRO MAGNETIC PRIVACY 15.6 16:10,KENSINGTON
K58352WW,,48.37,51,instock,yes,MAGPRO MAGNETICPRIVACY 14 LAPTOP,KENSINGTON
EQ270A169E,,70.88,11,instock,yes,EQ PRV SCRN FILTR 27 169 MONITOR,KENSINGTON
K58363WW,0085896583639,52.1,389,instock,yes,MAGPRO ELITE PRIVACY SCRN - 13.8INCH,KENSINGTON
HC240A169E,,61.39,9,instock,yes,HIGH CLARITY PRIV SCRN 24INCH 169,KENSINGTON
K55256WW,0085896552567,55.51,2,instock,yes,MAGPRO MAGNETIC PRIVACY 16 16:10,KENSINGTON
626663,4049793062525,19.44,12,instock,yes,PRIVACY 2 WAY REMOVABLE SURFACE GO,KENSINGTON
K58359WW,,123.85,34,instock,yes,MAGPRO MAGNETIC PRIVACY 27 MONITOR,KENSINGTON
EQ240A169E,,61.39,20,instock,yes,EQ PRV SCRN FILTR 24 169 MONITOR,KENSINGTON
K58351WW,,42.18,20,instock,yes,MAGPRO MAGNETIC PRIVACY 13.3 LAPTOP,KENSINGTON
K58358WW,,101.23,1,instock,yes,MAGPRO MAGNETIC PRIV 24 MONITOR,KENSINGTON
K58350WW,,37.15,2,instock,yes,MAGPRO MAGNETIC PRIVACY 12.5 LAPTOP,KENSINGTON
EQ140A1610E,,26.89,30,instock,yes,EQ PRV SCRN FILTER FOR 14INCH 1610,KENSINGTON
628970,,14.29,190,instock,yes,K PRIVACY SCREEN FILTER 13.3INCH,KENSINGTON
628971,,15.31,81,instock,yes,PRIVACY SCREEN FILTER 14INCH,KENSINGTON
628972,,15.31,24,instock,yes,PRIVACY SCRN FILTER 14'' - 16:10,KENSINGTON
628973,,16.33,196,instock,yes,PRIVACY SCRN FILTER 15.6'',KENSINGTON
628974,,33.16,47,instock,yes,PRIVACY SCRN FILTER 23.8'',KENSINGTON
628975,,47.96,3,instock,yes,PRIVACY SCRN FILTER 27'',KENSINGTON
K58357WW,,101.23,182,instock,yes,MAGPRO MAGNETIC PRIV 24 16:9 MONITOR,KENSINGTON
K58371WW,0085896583714,58.94,12,instock,yes,MAGPROELITEPRIVSCRNFLTRMBKP16(2021),KENSINGTON
628994,4049793087603,27.59,12,instock,yes,PRIVACY SCREEN FILTER - 13.8INCH,KENSINGTON
K58356WW,,92.91,25,instock,yes,MAGPRO MAGNETPRIVACY 23.8 MONITOR,KENSINGTON
K58370WW,0085896583707,53.04,39,instock,yes,MAGPROELITEPRIVSCNFLTRMBKP14(2021),KENSINGTON
627436,,83.69,17,instock,yes,PRIVACYFILTER 2WAY REMOVABLE 34IN,KENSINGTON
K58306WW,,49.78,71,instock,yes,MAGPROELITEPRIVSCRNFILTERMACAIR15.3,KENSINGTON
EQ140A169E,,26.89,18,instock,yes,EQ PRV SCRN FILTER FOR 14INCH 169,KENSINGTON
627442,,80.12,75,instock,yes,PRIVACYFILTER 2WAY REMOVABLE 32IN,KENSINGTON
EQ156A1610E,,29.97,7,instock,yes,EQ PRV SCRN FILTER FOR 15.6IN 1610,KENSINGTON
627205,4049793064468,52.85,12,instock,yes,PRIV FIL 2WAY REMOV 23.6IN,KENSINGTON
K58355WW,,89.7,5,instock,yes,MAGPRO MAGNETIC PRIVACY 23 MONITOR,KENSINGTON
627208,4049793064499,100.46,93,instock,yes,PRIV FIL 2WAYREMOV 34IN SAMSC34H890,KENSINGTON
626491,4049793057903,63.8,36,instock,yes,PRIVACY PLG 27IN WIDE 16:9,KENSINGTON
EQ133A1610E,,25.55,3,instock,yes,EQ PRV SCRN FILTER FOR 13.3IN 1610,KENSINGTON
628662,4049793080604,27.68,29,instock,yes,PRIVFILT 16 LAPTOP 16:10,KENSINGTON
EQ220A1610E,,56.24,7,instock,yes,EQ PRV SCRN FILTR 22 1610 MONITOR,KENSINGTON
K62609WW,0085896626091,10.33,2,instock,yes,UNIVERSAL SLEEVE 11IN/27.9CM,KENSINGTON
K62569US,5051964455233,18.83,4,instock,yes,SP12 12IN NEOPRENE SLEEVE,KENSINGTON
K62610WW,0085896626107,12.03,508,instock,yes,UNIVERSAL SLEEVE 14IN/35.5CM,KENSINGTON
627553,4049793068992,18.38,11,instock,yes,AG BLUE LIGHT RED FILTER 14IN LAP,KENSINGTON
628199,4049793071893,26.98,1,instock,yes,PRIV FILTER 2WAY REM  15.6IN LAPTOPS,KENSINGTON
K62562EU,2001558468005,14.76,44,instock,yes,"""SP 15.4"""" CLASSIC SLEEVE""",KENSINGTON
K63207EU,5028252090407,25.21,92,instock,yes,SP25 15.IN CLASSIC BACKPACK,KENSINGTON
627554,4049793069012,19.94,7,instock,yes,AG BLUE LIGHT RED FILTER 15.6IN LAP,KENSINGTON
1500234,5028252168168,53.2,2,instock,yes,CONTOUR BACKPACK,KENSINGTON
K62567US,85896625674,18.97,50,instock,yes,SP17 17IN CLASSIC SLEEVE,KENSINGTON
627555,4049793069036,33.32,32,instock,yes,AG BLUE LIGHT RED FILTER 21.5IN MON,KENSINGTON
627556,4049793069050,37.9,11,instock,yes,AG BLUE LIGHT RED FILTER 23IN MON,KENSINGTON
627557,4049793069074,40.66,24,instock,yes,AG BLUE LIGHT RED FILTER 23.8IN MON,KENSINGTON
627558,4049793069098,42.24,32,instock,yes,AG BLUE LIGHT RED FILTER 24IN MON,KENSINGTON
627559,4049793069111,42.24,9,instock,yes,AG BLUE LIGHT RED FILTER 24IN MON,KENSINGTON
627561,4049793069159,72.88,1,instock,yes,AG BLUE LIGHT RED FILTER 32IN MON,KENSINGTON
K67716EU,5028252650892,584.66,1,instock,yes,10 BAY USB-C CHARGING CABINET,KENSINGTON
K60508WW,0085896605089,49.64,14,instock,yes,KENSINGTON SLIM N17 2.0 DUAL KEYED L,KENSINGTON
K68105EU,,40.24,25,instock,yes,CLICKSAFE 3-IN-1 COMBINATION LOCK,KENSINGTON
64519US,85896645191,5.47,321,instock,yes,CABLESAVER                          ,KENSINGTON
K64432WW,0085896644323,36.64,1,instock,yes,ULTRA MICROSAVER2.0 KEYED LOCK,KENSINGTON
K60628WW,0085896606284,36.64,13,instock,yes,KENSINGTON SLIM RESETTABLE COMBINATI,KENSINGTON
K66640EU,5028252592901,36.64,6,instock,yes,NANO PORTA KEY LTOP LOCK,KENSINGTON
K64741WW,,47.03,30,instock,yes,KEN- VERIMARK DESKTOP 2.0 FP KEY,KENSINGTON
K64423WW,0085896644231,32.99,23,instock,yes,PORTABLE MICROSAVER2.0 LOCK,KENSINGTON
K68102EU,,50.33,11,instock,yes,CLICKSAFE 3-IN-1 KEYED LAPTOP LOCK,KENSINGTON
K64613WW,85896646136,6.62,93,instock,yes,DESK MOUNT CABLE ANCHOR             ,KENSINGTON
K60627WW,0085896606277,29.32,1,instock,yes,KENSINGTON SLIM RESETTABLE COMBINATI,KENSINGTON
K68001WW,0085896680017,9.29,9,instock,yes,K: CLICKSAFE 3-IN-1 ANCHOR PACK,KENSINGTON
K64704EU,5028252603751,39.6,30,instock,yes,VERIMARK PRO FINGERPRINT KEY,KENSINGTON
K64440WW,50085896644403,37.34,4,instock,yes,N17 KEYED LAPTOP AND TABLET LOCKDELL,KENSINGTON
K63394WW,,16.55,93,instock,yes,KEN- 3?IN?1 2.0 COMBO LOCK RESET,KENSINGTON
K60511WW,0085896605119,37.34,2,instock,yes,KENSINGTON SLIM N17 2.0 PORTABLE KEY,KENSINGTON
K65090WW,,24.36,1,instock,yes,SLIM NANOSAVER 2.0 EQ RESET LOCK,KENSINGTON
K64425S,,30.53,7,instock,yes,DESKTOP PERIPHERALS KIT MS 2.0 SK,KENSINGTON
K64425SDWP,,17.86,31,instock,yes,DESKTOP PERIPHERALS KIT MS 2.0 SK,KENSINGTON
K60603WW,,29.32,109,instock,yes,SLIM RESETT NANOSAVER COMB LAP LOCK,KENSINGTON
K64448WW,0085896644484,48.72,15,instock,yes,NANOSAVER TWIN KEYED LOCK,KENSINGTON
K60600WW,,29.32,70,instock,yes,SLIM RESETTABLE COMBINAT LAPTOP LOCK,KENSINGTON
K58277WW,,18.46,4,instock,yes,KENSINGTON ELEVATED STAND,KENSINGTON
K32302WW,0085896323020,23.74,6,instock,yes,USB-C CABLE 30CM FOR K67716EU,KENSINGTON
K39124EU,5028252591539,35.0,127,instock,yes,USB-C 4-PORT HUB,KENSINGTON
K39121EU,5028252591508,20.08,88,instock,yes,USB 3.0 4-PORT HUB,KENSINGTON
K67915WW,0085896679158,31.59,34,instock,yes,USB LOCK W CABLE GUARD SQUARE,KENSINGTON
PR69,4895248880837,14.49,20,instock,yes,PR69 GY PALMREST K10PRO/Q6/Q6PRO/V6,KEYCHRON
PR68,4895248880820,14.49,15,instock,yes,PR68 GY  PALMREST K10/C2/C2PRO,KEYCHRON
PR67,4895248880813,14.49,12,instock,yes,PR67 GY REST V1/V2/Q2/Q9/Q1PRO/Q2PRO,KEYCHRON
PR66,4895248880806,14.49,36,instock,yes,PR66 GY PALMREST  K8/K8PRO/C1/C1PRO,KEYCHRON
DC-8,4895248855576,14.49,46,instock,yes,KEYCHRON DC8 DUSTCOVER Q5/V5/K4PRO,KEYCHRON
DC-3,8809931143167,14.49,22,instock,yes,KEYCHRON DC3 DUSTCOVER K2/K2PRO,KEYCHRON
PR52,4895248874096,14.49,63,instock,yes,PR52 BLACK PALMREST,KEYCHRON
CAB-W,4895248813224,18.11,50,instock,yes,KEYCHRON CAB W COILED AVIATOR CABLE,KEYCHRON
CAB-B,4895248813217,18.11,1,instock,yes,KEYCHRON CAB-B COILED AVIATOR CABLE,KEYCHRON
Q10M-M4-UK,4895248870135,166.66,15,instock,yes,KEYCHRON Q10M-M4-UK KEYBOARD,KEYCHRON
B1P-K1-UK,4894979003287,36.23,484,instock,yes,KEYCHRON B1 PRO KEYBOARD SPACE GREY,KEYCHRON
K1M-H3-UK,4895248875482,79.71,13,instock,yes,KEYCHRON K1M-H3-UK KEYBOARD,KEYCHRON
Q6H-M1-UK,4894979024244,173.9,142,instock,yes,KEYCHRON Q6H-M1-UK KEYBOARD,KEYCHRON
B6P-K1-UK,4894979002815,43.47,202,instock,yes,KEYCHRON B6 PRO KEYBOARD SPACE GREY,KEYCHRON
K10H-F1-UK,4894979016850,101.45,38,instock,yes,K10H-F1-UK HE WLESS MAG CUST KEYB,KEYCHRON
K3X-H1-UK,4895248899075,76.08,10,instock,yes,KEYCHRON K3X-H1-UK KEYBOARD,KEYCHRON
K1X-H1-UK,4895248898917,76.08,20,instock,yes,KEYCHRON K1X-H1-UK KEYBOARD,KEYCHRON
Q2M-M1-UK,4895248879497,159.41,10,instock,yes,KEYCHRON Q2M-M1-UK KEYBOARD,KEYCHRON
Q10M-M1-UK,4895248870111,166.66,23,instock,yes,KEYCHRON Q10M-M1-UK KEYBOARD,KEYCHRON
Q1H-M1-UK,4895248892649,166.66,256,instock,yes,KEYCHRON Q1H-M1-UK KEYBOARD,KEYCHRON
K2X-H3Z-UK,4895248897873,76.08,6,instock,yes,KEYCHRON K2X-H3-UK KEYBOARD,KEYCHRON
K8M-J4-UK,4894979006035,86.95,20,instock,yes,KEYCHRON K8M-J4-UK KEYBOARD,KEYCHRON
K5M-H1-UK,4895248875390,83.33,96,instock,yes,KEYCHRON K5M-H1-UK KEYBOARD,KEYCHRON
K10H-Q1-UK,4894979045928,101.45,18,instock,yes,K10H-Q1-UK HE WLESS MAG CUST KEYB,KEYCHRON
Q3M-M4-UK,4895248868286,159.41,59,instock,yes,KEYCHRON Q3M-M4-UK KEYBOARD,KEYCHRON
Q1M-M4-UK,4895248875314,159.41,19,instock,yes,KEYCHRON Q1M-M4-UK KEYBOARD,KEYCHRON
Q5M-M4-UK,4895248874966,159.41,26,instock,yes,KEYCHRON Q5M-M4-UK KEYBOARD,KEYCHRON
K1M-H1-UK,4895248875475,79.71,24,instock,yes,KEYCHRON K1M-H1-UK KEYBOARD,KEYCHRON
K2M-J4-UK,4894979006097,86.95,36,instock,yes,KEYCHRON K2M-J4-UK KEYBOARD,KEYCHRON
V3M-D3-UK,4895248877394,79.71,35,instock,yes,KEYCHRON V3M-D3-UK KEYBOARD,KEYCHRON
C3PX-H4-UK,4894979043238,39.85,28,instock,yes,KEYCHRON C3PX-H4-UK KEYBOARD,KEYCHRON
Q3M-M1-UK,4895248868262,159.41,54,instock,yes,KEYCHRON Q3M-M1-UK KEYBOARD,KEYCHRON
K3X-H3-UK,4895248899082,76.08,18,instock,yes,KEYCHRON K3X-H3-UK KEYBOARD,KEYCHRON
Q10M-M3-UK,4895248870128,166.66,19,instock,yes,KEYCHRON Q10M-M3-UK KEYBOARD,KEYCHRON
V5M-D4-UK,4895248878131,83.33,15,instock,yes,KEYCHRON V5M-D4-UK KEYBOARD,KEYCHRON
K5M-H3-UK,4895248875406,83.33,76,instock,yes,KEYCHRON K5M-H3-UK KEYBOARD,KEYCHRON
K2M-J1-UK,4894979006073,86.95,29,instock,yes,KEYCHRON K2M-J1-UK KEYBOARD,KEYCHRON
V1M-D4-UK,4895248877899,79.71,24,instock,yes,KEYCHRON V1M-D4-UK KEYBOARD,KEYCHRON
K5X-H4-UK,4894979015358,79.71,30,instock,yes,KEYCHRON K5X-H4-UK KEYBOARD,KEYCHRON
C3PX-H1-UK,4894979043214,39.85,14,instock,yes,KEYCHRON C3PX-H1-UK KEYBOARD,KEYCHRON
K10M-H1-UK,4894979006196,83.33,75,instock,yes,KEYCHRON K10M-H1-UK KEYBOARD,KEYCHRON
K1X-H4-UK,4894979013774,76.08,8,instock,yes,KEYCHRON K1X-H4-UK KEYBOARD,KEYCHRON
V3M-D1-UK,4895248877387,79.71,33,instock,yes,KEYCHRON V3M-D1-UK KEYBOARD,KEYCHRON
K2H-Q1-UK,4894979046765,101.45,117,instock,yes,KEYCHRON K2H-F1-UK KEYBOARD,KEYCHRON
V5M-D1-UK,4895248878117,83.33,8,instock,yes,KEYCHRON V5M-D1-UK KEYBOARD,KEYCHRON
V1M-D1-UK,4895248877875,79.71,27,instock,yes,KEYCHRON V1M-D1-UK KEYBOARD,KEYCHRON
K2H-F1-UK,4894979017628,101.45,658,instock,yes,KEYCHRON K2H-F1-UK KEYBOARD,KEYCHRON
K4H-F1-UK,4894979016737,105.07,124,instock,yes,KEYCHRON K4H-F1-UK KEYBOARD,KEYCHRON
Q3M-M3-UK,4895248868279,159.41,40,instock,yes,KEYCHRON Q3M-M3-UK KEYBOARD,KEYCHRON
Q2M-M3-UK,4895248879503,159.41,15,instock,yes,KEYCHRON Q2M-M3-UK KEYBOARD,KEYCHRON
Q5M-M3-UK,4895248874959,159.41,18,instock,yes,KEYCHRON Q5M-M3-UK KEYBOARD,KEYCHRON
Q6M-M3-UK,4895248870005,166.66,105,instock,yes,KEYCHRON Q6M-M3-UK KEYBOARD,KEYCHRON
K10M-H3-UK,4894979006202,83.33,93,instock,yes,KEYCHRON K10M-H3-UK KEYBOARD,KEYCHRON
Q1M-M3-UK,4895248875307,159.41,14,instock,yes,KEYCHRON Q1M-M3-UK KEYBOARD,KEYCHRON
K2H-J1-UK,4894979046840,94.2,211,instock,yes,KEYCHRON K2H-J1-UK KEYBOARD,KEYCHRON
V6M-D4-UK,4895248879770,83.33,187,instock,yes,KEYCHRON V6M-D4-UK KEYBOARD,KEYCHRON
B6P-K8-UK,4894979002822,43.47,10,instock,yes,KEYCHRON B6 PRO KEYBOARD IVORY WHITE,KEYCHRON
V6M-D3-UK,4895248879763,83.33,67,instock,yes,KEYCHRON V6M-D3-UK KEYBOARD,KEYCHRON
K3M-H1-UK,4894979012616,79.71,79,instock,yes,KEYCHRON K3M-H1-UK KEYBOARD,KEYCHRON
V5M-D3-UK,4895248878124,83.33,37,instock,yes,KEYCHRON V5M-D3-UK KEYBOARD,KEYCHRON
K8M-J3-UK,4894979006028,86.95,2,instock,yes,KEYCHRON K8M-J3-UK KEYBOARD,KEYCHRON
V1M-D3-UK,4895248877882,79.71,16,instock,yes,KEYCHRON V1M-D3-UK KEYBOARD,KEYCHRON
K2X-H1Z-UK,4895248897866,76.08,7,instock,yes,KEYCHRON K2X-H1-UK KEYBOARD,KEYCHRON
Q5M-M1-UK,4895248874942,159.41,30,instock,yes,KEYCHRON Q5M-M1-UK KEYBOARD,KEYCHRON
C2PX-M4-UK,4894979043207,47.1,25,instock,yes,KEYCHRON C2PX-M4-UK KEYBOARD,KEYCHRON
K1X-H3-UK,4895248898924,76.08,26,instock,yes,KEYCHRON K1X-H3-UK KEYBOARD,KEYCHRON
K5X-H3-UK,4895248899242,79.71,2,instock,yes,KEYCHRON K5X-H3-UK KEYBOARD,KEYCHRON
Q6M-M1-UK,4895248869993,166.66,10,instock,yes,KEYCHRON Q6M-M1-UK KEYBOARD,KEYCHRON
Q1M-M1-UK,4895248875291,159.41,36,instock,yes,KEYCHRON Q1M-M1-UK KEYBOARD,KEYCHRON
V3M-D4-UK,4895248877400,79.71,12,instock,yes,KEYCHRON V3M-D4-UK KEYBOARD,KEYCHRON
K3M-H3-UK,4894979012623,79.71,43,instock,yes,KEYCHRON K3M-H3-UK KEYBOARD,KEYCHRON
Q6M-M4-UK,4895248870012,166.66,52,instock,yes,KEYCHRON Q6M-M4-UK KEYBOARD,KEYCHRON
B1P-K8-UK,4894979003294,36.23,20,instock,yes,KEYCHRON B1 PRO KEYBOARD IVORY WHITE,KEYCHRON
K3X-H4-UK,4894979015419,76.08,27,instock,yes,KEYCHRON K3X-H4-UK KEYBOARD,KEYCHRON
M7-A24,4894979011237,54.34,17,instock,yes,KEYCHRON M7-A24 WIRELESS MOUSE 8K,KEYCHRON
M3-A1,4895248808640,39.85,13,instock,yes,KEYCHRON M3-A1 WIRELESS MOUSE,KEYCHRON
M7-A1,4895248875130,39.85,5,instock,yes,KEYCHRON M7-A1 WIRELESS MOUSE 1K,KEYCHRON
M3-A3,4895248831310,39.85,40,instock,yes,KEYCHRON M3-A3 WIRELESS MOUSE,KEYCHRON
M6-A28,4894979034601,39.85,31,instock,yes,M6-A28 ULT SILENT WIRELESS MOUSE WT,KEYCHRON
M6-A27,4894979034595,39.85,27,instock,yes,M6-A27 ULT SILENT WIRELESS MOUSE BK,KEYCHRON
KF432S20IBK2/64,0740617318364,685.66,5,instock,yes,64GB DDR4 3200MTS CL20 KIT SODIMM,KINGSTON
KSM32RS8/16HD,0740617354010,206.11,3,instock,yes,16GB DDR4 3200 ECC HYNIX DIMM,KINGSTON
KVR32N22S8/16,0740617310863,172.32,1,instock,yes,16GB DDR4 3200MHZ PC425600 CL22,KINGSTON
KVR32N22S8/8,0740617296068,74.03,48,instock,yes,8GB DDR4 3200MHZ PC425600 CL22,KINGSTON
KVR32N22D8/16,0740617296051,138.34,8,instock,yes,16GB DDR4 3200MTS CL22 DIMM,KINGSTON
KF432C16BB1K232,0740617319873,278.31,5,instock,yes,32GB DDR4 3200MTS CL16 KIT BLACK,KINGSTON
KVR26N19S6/4,0740617282733,29.32,62,instock,yes,4GB DDR4 2666MHZ PC421300 CL19,KINGSTON
KF432S20IBK2/32,0740617318388,345.05,11,instock,yes,IMPACT 32GB 2X16 DDR4 3200MHZ CL20,KINGSTON
KVR32S22S8/8,0740617296099,74.03,14,instock,yes,8GB 3200MT/S DDR4 NON-ECC CL22 SODIM,KINGSTON
KCP432NS8/8,,74.03,10,instock,yes,8GB DDR4 3200MTS NON-ECC UNBUFFERED,KINGSTON
432C16BB2AK232,0740617337501,218.03,13,instock,yes,32GB DDR4 3200MTS CL16 KIT RGB,KINGSTON
436C16RB12K232,,233.01,33,instock,yes,32GB DDR4 3600MTS CL16 KIT BLACK,KINGSTON
KF432C16BB1/16,0740617319880,139.15,6,instock,yes,16GB DDR4 3200MTS CL16 DIMM BLACK,KINGSTON
KCP432ND8/16,,138.34,3,instock,yes,16GB DDR4 3200MTS NON-ECC UNBUFFERED,KINGSTON
SDCE256GB,0740617335330,64.72,7,instock,yes,KINGSTON 256GB MICROSDXC CARD,KINGSTON
KE-U2X64-1AC,,9.43,3,instock,yes,64GB SE9 G3 PEN USBA 3.2 DARK NICKEL,KINGSTON
IKLP50G2/128GB,0740617353662,63.67,5,instock,yes,128GB IRONKEY LOCKER PLUS 50 G2,KINGSTON
KE-U2X256-1AC,,26.46,4,instock,yes,256GB SE9 G3 PEN USB 3.2 DARK NICKEL,KINGSTON
DTXG2/512GB,0740617353907,33.13,32,instock,yes,512GB USB 3.2 GEN 1 EXODIA BLACK/PUR,KINGSTON
DTXG2/128GB,0740617353846,6.55,12,instock,yes,128GB USB 3.2 GEN 1 EXODIA BLACK/BLU,KINGSTON
DTXG2/256GB,0740617353785,15.2,14,instock,yes,256GB USB 3.2 GEN 1 EXODIA BLACK/GRE,KINGSTON
DTXG2/64GB,0740617353679,4.01,388,instock,yes,64GB USB 3.2 GEN 1 EXODIA BLACK,KINGSTON
IKLP50G2/256GB,0740617353631,102.51,2,instock,yes,256GB IRONKEY LOCKER PLUS 50 G2,KINGSTON
DTSE9G3/512GB,0740617341324,50.28,13,instock,yes,512GB SE9 G3 PEN USBA 3.2 GOLD CASE,KINGSTON
IKKP200/16GB,0740617330090,82.28,25,instock,yes,16GB IRONKEY 200 FIPS 140-3 ENCRYPT,KINGSTON
SDCS3/512GB,0740617348552,50.32,188,instock,yes,512GB CANVAS SELECT PLUS GEN3 V30,KINGSTON
SDCG4/64GBSP,,17.15,21,instock,yes,KINGSTON 64GB MICROSDXC CANVAS GO PL,KINGSTON
KE-U2X128-1AC,,14.97,1,instock,yes,128GB SE9 G3 PEN USB 3.2 DARK NICKEL,KINGSTON
SDCG41TB,0740617348095,181.34,23,instock,yes,KINGSTON 1TB MICROSDXC CARD,KINGSTON
KE-U2X512-1AC,,50.37,3,instock,yes,512GB SE9 G3 PEN USB 3.2 DARK NICKEL,KINGSTON
SDCS31TB,0740617348606,78.31,26,instock,yes,KINGSTON 1TB MICROSDXC CARD,KINGSTON
IKKP200/32GB,0740617330083,93.04,10,instock,yes,32GB IRONKEY 200 FIPS 140-3 ENCRYPT,KINGSTON
DTKN/256GB,0740617309195,26.02,64,instock,yes,256GB USB 3.2  PEN RW 20060 MBS,KINGSTON
DTSE9G3/128GB,0740617341225,14.88,3,instock,yes,128GB SE9 G3 PEN USBA 3.2 GOLD CASE,KINGSTON
SDCG4512GB,0740617348040,88.34,46,instock,yes,KINGSTON 512GB MICROSDXC CARD,KINGSTON
IKLP50G2/64GB,0740617353556,42.08,2,instock,yes,64GB IRONKEY LOCKER PLUS 50 G2,KINGSTON
KCP556SS8-32,,330.48,10,instock,yes,32GB DDR5 5600MT/S SODIMM,KINGSTON
KF552C40BBK2-32,0740617324358,335.74,2,instock,yes,32GB 2X16GB DDR5 5200MHZ CL40 1.25V,KINGSTON
KF556C36B2AK264,0740617350234,669.48,2,instock,yes,KINGSTON FURY BEAST RGB 64GB 5600,KINGSTON
564C32BBEAK264,,705.08,2,instock,yes,64GB DDR5 6400MTS CL32 KIT RGB,KINGSTON
556C36BWEAK264,,669.48,3,instock,yes,64GB DDR5 5600MTS CL36 KIT WHITE RGB,KINGSTON
KF564C32RWA-32,0740617339390,352.54,1,instock,yes,32GB DDR5 6400MTS CL32 RGB WHITE XMP,KINGSTON
KF560R32RBE-16,0740617340372,327.46,1,instock,yes,16GB DDR5 6000MTS ECC CL32 EXPO,KINGSTON
KF556C36BBEK216,,185.68,1,instock,yes,16GB DDR5 5600MTS CL36 KIT BLACK,KINGSTON
KF560C30BBEK232,,349.51,4,instock,yes,32GB DDR5 6000MTS CL30 KIT BLACK,KINGSTON
KF560C30BBEK216,,192.55,3,instock,yes,16GB DDR5 6000MTS CL30 KIT BLACK,KINGSTON
KF556C40BBK2-32,0740617325706,335.74,80,instock,yes,32GB DDR5 5600MTS CL40 KIT BLACK XMP,KINGSTON
560C36BWEAK264,0740617333480,679.19,7,instock,yes,64GB DDR5 6000MTS CL36 KIT WHITE RGB,KINGSTON
KSM56R46BD832HA,,642.17,5,instock,yes,32GB DDR5 5600MTS ECC DIMM,KINGSTON
KF548S38IBK2-16,0740617326161,184.05,10,instock,yes,16GB DDR5 4800MTS CL38 KIT SODIMM PN,KINGSTON
KF556S40IB-32,0740617331653,335.34,8,instock,yes,32GB DDR5 5600MTS CL40 SODIMM PNP,KINGSTON
KVR64A52BS8-32,0740617348156,335.15,3,instock,yes,32GB DDR5 6400MTS CL52 DIMM,KINGSTON
KF556C36BBE2A32,0740617350333,334.73,3,instock,yes,KINGSTON FURY BEAST RGB 32GB 5600,KINGSTON
KVR64A52BS8-16,0740617348187,169.89,3,instock,yes,16GB DDR5 6400MTS CL52 DIMM,KINGSTON
KVR64A52BS6-8,0740617348194,94.26,3,instock,yes,8GB DDR5 6400MTS CL52 DIMM,KINGSTON
556C36BWEAK232,0740617333701,342.63,2,instock,yes,32GB DDR5 5600MTS CL36 WHITE RGB,KINGSTON
KVR64A52BD8-32,0740617348163,335.15,3,instock,yes,32GB DDR5 6400MTS CL52 DIMM,KINGSTON
KVR56U46BS8-16,0740617332827,167.06,19,instock,yes,16GB DDR5 5600MTS CL46 DIMM,KINGSTON
560C36BBE2K232,0740617345841,340.6,2,instock,yes,32GB DDR5 6000MTS CL36 KIT BLACK,KINGSTON
SKC600/512G,,105.82,2,instock,yes,512GB KC600 SSD 2.5 SATA3 RW MBS 7MM,KINGSTON
SKC600/1024G,,185.46,9,instock,yes,1TB 2.5 SATA3 RW 550520 MB 7MM,KINGSTON
SXS2000/4000G,,556.61,2,instock,yes,XS2000 4TB EXT SSD USBC 3.2 IP55,KINGSTON
SKC600/256G,,63.03,15,instock,yes,256GB KC600 SSD 2.5 SATA3 RW MBS 7MM,KINGSTON
SNV3SM3/500G,,98.83,23,instock,yes,KINGSTON 500GB NV3 M.2 NVME,KINGSTON
SNV3SM32T0,0740617349979,270.17,5,instock,yes,KINGSTON 2TB NV3 M.2 GEN4 SSD,KINGSTON
SNV3SM31T0,0740617349955,156.72,2,instock,yes,KINGSTON 1TB NV3 M.2 GEN4 SSD,KINGSTON
42340,4002888423403,48.63,6,instock,yes,2 PORT HDMI USB 2.0 & AUDIO KVM SW,LINDY
41491,4002888414913,10.07,2,instock,yes,2M PASSIVE DISPLAYPORT TO DVI-D ADA,LINDY
30471,,2.24,2,instock,yes,1M IEC EXTENSION CABLE IEC C14 TO I,LINDY
48093,4002888480932,1.74,1,instock,yes,2M CAT6 U/UTP SNAGLESS GIGABIT CBL,LINDY
41208,,5.66,8,instock,yes,MINI HDMI TO HDMI ADAPTER. BLACK,LINDY
73026,4002888730266,7.65,38,instock,yes,2MMAINS4WAYGANGSOCKETBLACK,LINDY
43271,,16.87,1,instock,yes,5M USB 3.1 ACTIVE EXTENSION CABLE TY,LINDY
43383,,12.59,40,instock,yes,4 PORT USB 3.2 TYPE C HUB WITH ON/O,LINDY
32019,,8.08,15,instock,yes,10M USB 3.0 ACTIVE EXT CABLE PRO TY,LINDY
43370,,49.86,10,instock,yes,10 PORT USB 3.0 HUB WITH ON/OFF SWI,LINDY
73099,4002888730990,1.88,2,instock,yes,73099 UK PLUG EURO MAINS TRAVEL ADAP,SPECIALS
36480,,5.14,47,instock,yes,0.5M DISPLAYPORT CABLE ANTHRA LINE,LINDY
36475,,4.41,3,instock,yes,0.5M HDMI 18G EXTENSION CABLE ANTH,LINDY
73441,,36.37,20,instock,yes,100W 4PORT USB DESKTOP GAN FAST CHAR,LINDY
36468,,15.39,1,instock,yes,10M STANDARD HDMI CABLE BLACK LINE,LINDY
46370,,5.08,20,instock,yes,1M LC-LC OM3 FIBRE PATCH CABLE,LINDY
43099,4002888430999,29.83,6,instock,yes,15M USB 3.0 ACTIVE EXTENSION,LINDY
47454,,10.17,2,instock,yes,10M LC-LC OS2 FIBRE PATCH LEAD,LINDY
40922,,16.05,2,instock,yes,2M ACTIVE MINI DISPLAYPORT TO HDMI C,LINDY
40461,4002888404617,10.53,4,instock,yes,USB PORT BLOCKERS PACK OF 10 GREEN,LINDY
40462,4002888404624,10.53,15,instock,yes,USB PORT BLOCKERS PACK OF 10 BLUE,LINDY
30427,,4.44,56,instock,yes,2.5M Y MAINS POWER CABLE UK 3 PIN PL,LINDY
30409,,3.78,2,instock,yes,2M MAINS POWER CABLE UK 3 PIN PLUG T,LINDY
40453,4002888404532,14.34,1,instock,yes,USB PORT KEY PACK OF 4 BLOCKERS ONG,LINDY
40452,4002888404525,14.34,1,instock,yes,USB PORT KEY PACK OF 4 BLOCKERS BLE,LINDY
42711,,7.19,194,instock,yes,USB TYPE C AUDIO ADAPTER,LINDY
48006,4002888480062,4.91,7,instock,yes,7.5M CAT6 U/UTP SNAGLESS GIGABIT NE,SPECIALS
38327,,25.57,1,instock,yes,HDMI 4K60 TO DISPLAYPORT 1.2 CONVER,LINDY
36490,,3.8,7,instock,yes,0.5M DISPLAYPORT CABLE BLACK LINE,LINDY
43298,4002888432986,14.51,9,instock,yes,USB 3.0 GIGABIT ETHERNET CONVERTER,LINDY
36750,4002888367509,2.57,5,instock,yes,0.5M USB 3.0 TYPE A TO AANTHRALINE,LINDY
43300,4002888433006,11.03,9,instock,yes,FULLHD 1080P WEBCAM WITH MICROPHONE,LINDY
42855,4002888428552,6.89,1,instock,yes,USB TO SERIAL CONVERTER LITE,LINDY
38194,4002888381949,8.46,4,instock,yes,HDMI 1.3 TO VGA CONVERTER,LINDY
41507,4002888415071,6.61,5,instock,yes,CROMOHDMI90DEGREERIGHTADAPTER,LINDY
38291,4002888382915,11.19,2,instock,yes,HDMI TO VGA CONVERTER,LINDY
38155,4002888381550,160.27,5,instock,yes,70M CAT.6 4 PORT HDMI IR SPLITTER,LINDY
41718,4002888417181,9.09,7,instock,yes,DP 1.2 TO HDMI 4K PASSIVE ADAPTER,LINDY
43339,0746099433397,11.04,2,instock,yes,USB TYPE C TO HDMI 4K60 CONVERTER,LINDY
36922,4002888369220,8.59,33,instock,yes,2M PASSIVE DP TO HDMI ADAPTER CABLE,LINDY
43315,4002888433150,45.13,12,instock,yes,5MUSBTYPECTOHDMI4K60ADAPTERCABLEWIT,LINDY
36902,4002888369022,12.33,98,instock,yes,1.5MUSB3.1TYPECCABLE5APDANTH,LINDY
36903,4002888369039,15.2,14,instock,yes,2M USB 3.2 TYPE C 5A PD ANTHRA LINE,LINDY
36907,4002888369077,8.63,18,instock,yes,1.5MUSB3.1TYPECTOCCABLE3ABLACKLINE,LINDY
30363,4002888303637,3.39,10,instock,yes,LINDY 30363 1M C14 COUPLER,LINDY
36900,4002888369008,10.57,19,instock,yes,0.5MUSB3.1TYPECCABLE5APDANTH,LINDY
36901,4002888369015,11.44,13,instock,yes,1MUSB3.1TYPECCABLE5APDANTHRALINE,LINDY
30478,4002888304788,3.17,34,instock,yes,2MIECEXTENSIONCABLEIECC14TOIECC13,LINDY
30340,4002888303408,2.14,10,instock,yes,1M IEC EXTCABLE IEC C14 TO IEC C5,LINDY
31316,4002888313162,8.15,91,instock,yes,1M USB TYPE C TO LIGHTNING CABLE WHT,LINDY
48094,4002888480949,2.48,1,instock,yes,3MCAT6U/UTPGIGABITNETWORKCABLEWHITE,LINDY
48095,4002888480956,3.81,22,instock,yes,5MCAT6U/UTPGIGABITNETWORKCABLEWHITE,LINDY
30458,4002888304580,3.33,9,instock,yes,2MMAINSPOWERCABLEUK3PINPLUGTOIECC15,LINDY
30321,4002888303217,2.23,15,instock,yes,1M IEC EXCABLE IEC C14 TO IEC C13,LINDY
30320,4002888303200,1.55,10,instock,yes,0.5M IEC EXT CAB IEC C14 IEC C13,LINDY
30443,4002888304436,2.43,10,instock,yes,1MMAINSPOWERCABLEUK3PINPLUGTOIECC7,LINDY
30312,4002888303125,2.54,21,instock,yes,2MIECEXTENSIONCABLEIECC14TOIECC7,LINDY
30433,4002888304337,3.38,16,instock,yes,2M MAINS POWCAB 3 PIN PLUGTOIEC C13,LINDY
48077,4002888480772,1.11,2,instock,yes,1M CAT.6 U UTP CABLE BLACK,LINDY
48078,4002888480789,1.74,8,instock,yes,2M CAT.6 U UTP CABLE BLACK,LINDY
30314,4002888303149,3.56,42,instock,yes,2M IEC EXTENSION IEC C14 TO IEC C15,LINDY
48076,4002888480765,0.88,18,instock,yes,0.5MCAT6U/UTPGIGABITNETWORKCABLEBLA,LINDY
36760,4002888367608,2.59,2,instock,yes,0.5MUSB3.0TYPEAEXTENSIONCABLEAN,LINDY
36640,4002888366403,4.09,33,instock,yes,0.5M USB 2.0 TYPE A TO B CABLE BLK,LINDY
36761,4002888367615,3.08,35,instock,yes,1M USB 3.0 TYPE A EXT CABLE,LINDY
36763,4002888367639,4.23,11,instock,yes,3MUSB3.0TYPEAEXTENSIONCABLEANTH,LINDY
36888,4002888368889,4.91,88,instock,yes,3MUSB2.0TYPEATOCCABLEANTHRALINE,LINDY
46312,4002888463126,9.72,9,instock,yes,3MLC-LCOM5FIBREOPTICCABLE,LINDY
36871,4002888368711,3.94,8,instock,yes,1MUSB2.0TYPECTOCCABLEANTHRALINE,LINDY
36873,4002888368735,5.39,17,instock,yes,3MUSB2.0TYPECTOCCABLEANTHRALINE,LINDY
37604,4002888376044,47.86,8,instock,yes,5MULTRAHIGHSPEEDHDMICABLEGOLDLINE,LINDY
36740,4002888367400,2.57,5,instock,yes,0.5MUSB3.0TYPEATOTYPEBANTHRALINE,LINDY
36743,4002888367431,4.2,7,instock,yes,3MUSB3.0TYPEATOTYPEBANTHRALINE,LINDY
36744,4002888367448,5.35,7,instock,yes,5M USB 3.0 TYPE A TO TYPE B,LINDY
36962,4002888369626,3.96,100,instock,yes,1M HIGH SPEED HDMI CABLE,LINDY
36963,4002888369633,4.68,25,instock,yes,2M HIGH SPEED HDMI CABLE,LINDY
41073,4002888410731,55.49,3,instock,yes,20MACTIVEHDMI2.018GCABLE,LINDY
36965,4002888369657,11.16,15,instock,yes,5M HI SPEED HDMI CABLE ANTHRA LINE,LINDY
36966,4002888369664,20.0,14,instock,yes,7.5M STANDARD HDMI CABLE ANTHR LINE,LINDY
36967,4002888369671,27.71,4,instock,yes,10M STANDARD HDMI CABLE ANTHRA LINE,LINDY
43364,4002888433648,24.23,4,instock,yes,5M USB 3.2 GEN 2 C/C ACTIVE EXT,LINDY
36712,4002888367127,1.12,14,instock,yes,1MUSB2.0TYPEAEXTENSIONCABLEANTHGREY,LINDY
36713,4002888367134,1.49,1,instock,yes,2MUSB2.0TYPEAEXTENSIONCABLEANTHGREY,LINDY
36705,4002888367059,2.61,36,instock,yes,5MUSB2.0TYPEAEXTENSIONCABLEANTH,LINDY
41168,4002888411684,45.47,9,instock,yes,7.5MACTIVEDISPLAYPORT1.4CABLE,LINDY
36481,4002888364812,5.78,14,instock,yes,1M DISPLAYPORT CABLE ANTHRA LINE,LINDY
36482,4002888364829,7.48,6,instock,yes,2M DISPLAYPORT CABLE ANTHRA LINE,LINDY
47136,4002888471367,4.31,39,instock,yes,5M CAT.6A S FTP LSZH CABLE GREY,LINDY
41942,4002888419420,9.52,4,instock,yes,2MACTIVEDISPLAYPORTTOVGACABLEBLACK,LINDY
36673,4002888366731,1.48,58,instock,yes,2M USB 2.0 TYPE A TO B CABLE,LINDY
36677,4002888366779,10.22,10,instock,yes,10M USB 2.0 TYPE A TO B CABLE,LINDY
36662,4002888366625,8.29,6,instock,yes,2MUSB3.0TYPEATOBCABLECROMOLINE,LINDY
46341,4002888463416,6.19,5,instock,yes,2MLC-LCOM4FIBREPATCHCABLE,LINDY
37875,4002888378758,20.89,6,instock,yes,7.5M STANDARD HDMI CABLE CROMO LINE,LINDY
36770,4002888367707,2.78,10,instock,yes,0.5M 8K60HZ HDMI CABLE BLACK LINE,LINDY
36773,,4.57,7,instock,yes,3M 8K60HZ HDMI CABLE BLACK LINE,LINDY
36774,,9.81,20,instock,yes,5M 8K60HZ HDMI CABLE BLACK LINE,LINDY
48068,4002888480680,9.67,4,instock,yes,15MCAT6U/UTPGIGABITNETWORKCABLEYELL,LINDY
48046,4002888480468,0.88,16,instock,yes,0.5MCAT6U/UTPGIGABITNETWORKCABLEGRE,LINDY
41884,4002888418843,3.31,22,instock,yes,USB 2.0 TYPE A M TO C F ADAPTER,LINDY
38235,4002888382359,33.92,2,instock,yes,2PORTHDMI2.018GSPLITTER,LINDY
38357,4002888383578,12.38,13,instock,yes,2PORTHDMI10.2GSPLITTERCOMPACT,LINDY
48031,4002888480314,0.88,20,instock,yes,0.5MCAT6U/UTPGIGABITNETWORKCABLERED,LINDY
48018,4002888480185,1.74,8,instock,yes,2MCAT6U/UTPGIGABITNETWORKCABLEBLUE,LINDY
48004,4002888480048,2.48,1,instock,yes,3M CAT.6 U UTP CABLE GREY,LINDY
48005,4002888480055,3.81,1,instock,yes,5M CAT.6 U UTP CABLE GREY,LINDY
48000,4002888480000,0.77,20,instock,yes,0.3M CAT6 U/UTP SNAGLESS GIGABIT CBL,LINDY
48001,4002888480017,0.88,248,instock,yes,0.5MCAT6U/UTPGIGABITNETWORKCABLEGRE,LINDY
48362,4002888483629,0.86,11,instock,yes,1MCAT5EU/UTPNETWORKCABLEGREY,LINDY
36492,4002888364928,5.03,5,instock,yes,2M DISPLAYPORT CABLE BLACK LINE,LINDY
36494,4002888364942,4.56,3,instock,yes,1.5M DISPLAYPORT CABLE BLACK LINE,LINDY
42783,4002888427838,36.66,7,instock,yes,12MUSB2.0ACTIVEEXT.PROHUBUSBAMALE/4,LINDY
43324,4002888433242,9.75,38,instock,yes,4 PORT USB 3.0 HUB,LINDY
43325,,10.26,116,instock,yes,4 PORT USB 3.2 TYPE C HUB,LINDY
38398,,94.08,5,instock,yes,HDMI & IR OVER IP EXTENDER,LINDY
43228,4002888432283,31.03,8,instock,yes,7PORTUSB3.1CHARGINGHUB,LINDY
73560,4002888735605,37.87,1,instock,yes,1U 6 WAY UK PDU 1X13A TO 6X3 PIN,LINDY
29980,4002888299800,37.87,1,instock,yes,VERT 6 WAY UK PDU 13A TO 6 UK,LINDY
73411,,7.0,2,instock,yes,20W TYPE C PD CHARGER UK PLUG,LINDY
30435,4002888304351,7.49,9,instock,yes,5M MAINS CABLE UK 3 PIN PLUG TO C13,LINDY
73309,4002888733090,58.01,306,instock,yes,10 PORT USB CHARGING STATION,LINDY
40440,4002888404402,14.22,8,instock,yes,USBTYPECPORTBLOCKERS(WITHOUTKEY),LINDY
40631,4002888406314,2.57,4,instock,yes,RJ-45PORTBLOCKERKEYGREEN,LINDY
41508,4002888415088,6.38,8,instock,yes,CROMOHDMI90DEGREELEFTADAPTER,LINDY
40971,4002888409711,7.07,3,instock,yes,SINGLE DISPLAY FIXED DESK MOUNT,LINDY
41506,4002888415064,5.99,2,instock,yes,CROMOHDMI90DEGREEUPADAPTER,LINDY
GXD1R34013BUN,,71.39,1050,instock,yes,LEG BUNDLE BKPK HDST H410 MSE M410,LENOVO
GX40Z50940,,10.1,2,instock,yes,*Non Cancellable/Non Returnable (NCNR)* LENOVO 13-INCH LAPTOP URBAN SLEEVE,LENOVO
GX41S14777,0195892123002,22.57,1,instock,yes,LEGION GO SLING BAG,LENOVO
GY51P83012,0195892102519,20.82,1100,instock,yes,LEGION M410 WLESS RGB GAMING MOUSE,LENOVO
GXD1R34013,0195892111788,35.7,1050,instock,yes,LEGION H410 WIRELESS GAMING HEADSET,LENOVO
ZG38C05471,0197532317314,11.28,30,instock,yes,LENOVO FOLIO CASE FOR TAB M11,LENOVO
GX41H70101,0195892042952,15.54,1200,instock,yes,*Non Cancellable/Non Returnable (NCNR)* MODERN GAMING BACKPACK BLACK,LENOVO
F0JN000CUK,0198155381225,496.47,1,instock,yes,LEN AIO A100 23.8 N100 8GB 512GB W11,LENOVO
82N40054UK,0198155747038,273.4,1,instock,yes,IP3 15 PEN N6000 8GB 128GB CHRM GREY,LENOVO
ZAEH0012GB,0198154671396,163.21,1,instock,yes,LENOVO TAB 10.1 128GB,LENOVO
ZAEH0002GB,0198154671433,155.42,1,instock,yes,LENOVO TAB 10.1 64GB,LENOVO
83VA0007UK,,976.44,69,instock,yes,LOQ E 15 R7 16GB 1TB RTX5050,LENOVO
83S0000MUK,0199272793359,741.36,30,instock,yes,LOQ 15 R7-7735 16GB 1TB RTX3050 W11,LENOVO
83S000CSUK,0199274962821,781.15,86,instock,yes,LOQ 15 R7 16GB 1TB RTX3050,LENOVO
67DEKAC1UK,0199271706626,143.95,1,instock,yes,LENOVO L27-4C 27 INCH 144HZ IPS FHD,LENOVO
68C4GAC4UK,0198156958730,97.03,1,instock,yes,LEGION 24-10 FHD IPS 240HZ,LENOVO
67D3GAC1UK,0198158438995,171.68,1,instock,yes,LEGION 27Q-11 QHD IPS 300HZ,LENOVO
67DDKAC6UK,0199271706725,91.48,2,instock,yes,LENOVO L24-4C 144HZ IPS FHD,LENOVO
67DCUAC6UK,0199271706367,111.96,2,instock,yes,LENOVO L24D-4C 23.8 INCH IPS,LENOVO
4XD1T60925,,132.66,40,instock,yes,AUDIO_BO THINKPAD HEADSET 8550,LENOVO
4Y51T62792,,48.24,14,instock,yes,MICE_BO THINKPAD BT PRESENTER MS,LENOVO
4Y51D20850,,11.06,96,instock,yes,THINKPAD USB-C WIRED COMPACT MOUSE,LENOVO
4X20M26272,,25.13,193,instock,yes,BID ADP  TYPE-C 65W EU/INA/VIE/ROK,LENOVO
4X20M26264,,22.11,3,instock,yes,LENOVO 45W STD AC ADTR USB-C,LENOVO
4Y51S61876,,15.08,35,instock,yes,WIRELESS MULTI PRO PLUS MOUSE 6050,LENOVO
4X81Q95847,,23.12,27,instock,yes,LENOVO INT PEN FOR 13W YOGA G3,LENOVO
4Y51R29290,,33.17,23,instock,yes,MULTI-DEVICE WIRELESS MOUSE X9,LENOVO
0B47069,0887037480414,15.08,9,instock,yes,LENOVO HDMI TO VGA MONITOR ADAPTER,LENOVO
ZG38C05805,,55.16,14,instock,yes,LEN MULTI-DEVICE WIRELESS KEYBOARD,LENOVO
4X90U90619,0193386287360,11.06,100,instock,yes,LENOVO USB-C CABLE 1M,LENOVO
4X91K16968,,21.11,4,instock,yes,LENOVO THUNDERBOLT 4 CABLE 0.7M,LENOVO
40BF0135UK,,124.62,200,instock,yes,THINKPAD USB4 DOCK 5000,LENOVO
4X31R64438,,19.1,336,instock,yes,LENOVO ESSENTIAL WIRED KYB&MSE,LENOVO
4Y41R64671,,16.08,63,instock,yes,LENOVO ESSENTIAL WIRED KEYBOARD,LENOVO
4XD1Q30302,,34.17,378,instock,yes,LENOVO WIRELESS STEREO HEADSET,LENOVO
4Y50X88822,,19.1,86,instock,yes,TP BLUETOOTH SILENT MOUSE,LENOVO
4XC1D66055,,42.21,384,instock,yes,LENOVO PERFORMANCE FHD WEBCAM,LENOVO
4XC1Q44952,,41.21,60,instock,yes,LENOVO FHD WEBCAM,LENOVO
4XD1M45627,,79.4,179,instock,yes,LENOVO WIRED ANC HEADSET GEN 2,LENOVO
4XC1Q24436,,87.44,9,instock,yes,LEN QUECTEL EM160R-GL 4G LTEA C16M2,LENOVO
4Z21S10542,,20.1,10,instock,yes,PF THINKPAD L13 2-IN-1 G5,LENOVO
4X21R04800,,30.15,5,instock,yes,LENOVO 65W SLIM GAN AC ADAPT USBC,LENOVO
4XC1S15018,,28.14,143,instock,yes,LENOVO ESSENTIAL FHD WEBCAM GEN2,LENOVO
4X91H17795,,20.1,2,instock,yes,LENOVO USBC TO 2.5G ETHERNET ADAPTER,LENOVO
40AW65WBUK,,22.11,50,instock,yes,LENOVO GAN NANO 65W ADAPTER,LENOVO
4X21S91191,,23.12,31,instock,yes,LENOVO 65W STANDARD USB-C AC GEN2,LENOVO
4XD1M80020,,52.26,145,instock,yes,LENOVO WIRELESS VOIP HEADSET,LENOVO
4X31R64484,,28.14,1,instock,yes,LEN ESS WLSS COMBO KEYB&MSE,LENOVO
4Z21Q96247,,346.13,12,instock,yes,AUDIO VID EPOS SPEAKERS,LENOVO
4XD1P83425,,18.09,103,instock,yes,LENOVO USB-A WIRED STEREO HEADSET G2,LENOVO
4XC1J05150,,56.28,140,instock,yes,NET_BO MC60 MONITOR WEBCAM ROW_L,LENOVO
4XD1J77351,,11.06,85,instock,yes,USB-C WIRED IN-EAR HEADPHONES,LENOVO
4X81P44052,,33.17,6,instock,yes,LENOVO SLIM PEN,LENOVO
4Y41U13343,,25.13,229,instock,yes,LNV USB-A WIRED SMARTCARD KYBD 5000,LENOVO
4X30M56888,,10.04,70,instock,yes,THINKPAD ESSENTIAL WIRELESS MOUSE,LENOVO
4X40N18008,,17.09,54,instock,yes,THINKPAD 13IN SLEEVE CASE,LENOVO
4X40N18009,,18.09,31,instock,yes,THINKPAD 14IN SLEEVE CASE,LENOVO
4X40Y95214,,11.46,123,instock,yes,THINKPAD 15.6IN BASIC TOPLOAD,LENOVO
4X40Y95215,,22.11,44,instock,yes,*Non Cancellable/Non Returnable (NCNR)* TP 15.6IN ESS MESSENGER,LENOVO
4X40N18010,,18.09,6,instock,yes,THINKPAD 15IN SLEEVE CASE,LENOVO
4X41M69794,,56.28,1,instock,yes,THINKPAD PROF 16INCH BACKPACK G2,LENOVO
4X41L51716,,21.11,15,instock,yes,THINKPAD PROFESSIONAL 14-INCH SLEEVE,LENOVO
4X41C12468,,25.13,172,instock,yes,THINKPAD ESSENTIAL 16-INCH BACKPACK,LENOVO
4X40X54260,,40.2,19,instock,yes,LEN BUSINESS CASUAL 17IN BACKPACK,LENOVO
4X40T84059,,13.37,351,instock,yes,THINKPAD 15.6IN BASIC BACKPACK BLACK,LENOVO
4X41A30364,,24.12,169,instock,yes,THINKPAD ESSENTIAL 15.6IN BACKPACK,LENOVO
4X40K09936,,15.08,522,instock,yes,THINKPAD 15.6IN BASIC BACKPACK,LENOVO
4X90Q59480,,22.11,24,instock,yes,LENOVO USB-C TO USB-C CABLE 2M,LENOVO
4X90S91830,,13.07,81,instock,yes,THINKPAD USB 3.0 TO ETHERNET ADAPTER,LENOVO
40BC0100UK,,137.69,373,instock,yes,THINKPAD USB4 SMART DOCK 5500,LENOVO
40AF0135UK,,164.82,887,instock,yes,THINKPAD HYBRID USB-C WITH USB-A UK,LENOVO
40AY0090UK,,120.6,2664,instock,yes,THINKPAD USB-C DOCK GEN3- UK,LENOVO
4X61Q73041,,343.72,43,instock,yes,GRAPHIC_BO NV RTX A1000 8GB GPU,LENOVO
4X61P69962,,515.58,10,instock,yes,NVIDIA RTX 2000 ADA 16GB MINI-DP,LENOVO
4X61T95636,,1631.16,15,instock,yes,NVIDIA RTX PRO 4000 BLACKWELL 24GB D,LENOVO
4X61T95638,,749.75,9,instock,yes,NVIDIA RTX PRO 2000 BLACKWELL 16GB M,LENOVO
83T6000KUK,,276.38,1291,instock,yes,100E G5 MT-540 4/64 CHROME *S*,LENOVO
83TA0007UK,,381.91,1,instock,yes,^500E 2IN1 G5 M-TEK 540 8/64 CHR *S*,LENOVO
83LL0002UK,,587.94,76,instock,yes,^CB PLUS 2IN1 I5-120U 8/128 CHROME,LENOVO
83TA000EUK,,381.91,2575,instock,yes,500E 2IN1 G5 MT-540 8/64 CHROME *S*,LENOVO
83MW000FUK,,824.12,39,instock,yes,CB PLUS MT-910 16/256 CHROME *S*,LENOVO
83T60004UK,,271.36,28,instock,yes,100E G5 MT-540 4/64 CHROME *S*,LENOVO
4XH1K25075,,9.05,14,instock,yes,TINY DP EXPANSION CARD BTB CONNECTOR,LENOVO
64BAMAT1UK,,74.37,465,instock,yes,E24-40 23.8IN HDMI/DP/VGA *S*,LENOVO
63B0MAT6UK,0196380286049,85.63,370,instock,yes,T22I-30 21.5IN HDMI/DP/VGA *S*,LENOVO
64B6MAT1UK,,138.29,119,instock,yes,TV T24 4V 23.8 INCH MON,LENOVO
64B8UAT1UK,,301.51,10,instock,yes,T27QD-4V 27 MONITOR-HDMI,LENOVO
64A4MATXUK,,97.99,3439,instock,yes,"T24-40 23.8"" HDMI/DP/VGA/USB-CBA *S*",LENOVO
64A6GAT6UK,,182.61,226,instock,yes,"T27Q-40 27"" HDMI/DP/USB-CBA",LENOVO
64B0GAT1UK,,452.26,46,instock,yes,T32UD-40 31.5IN HDMI/DP/USB-C *S*,LENOVO
12N8GAT1UK,,93.97,37,instock,yes,"TIO22 G5 NON TOUCH 21.5"" HDMI/DP *S*",LENOVO
64A8XAT2UK,,502.51,18,instock,yes,P32UD-40(C25315UP0) 32 MONITOR-HDMI,LENOVO
62A3UAR1WL,,547.74,1,instock,yes,M14T 14 TOUCH/MOBILE 2XUSB-C,LENOVO
64AAGAT2UK,,194.42,1044,instock,yes,T27QD-40 27IN HDMI/DP/USB-C/RJ45 *S*,LENOVO
63D3GAT1UK,0196801200746,371.86,26,instock,yes,"T32H-30 31.5"" HDMI/DP/USB-C/RJ45 *S*",LENOVO
64B9GAT1UK,,130.25,1162,instock,yes,TV T24D-40 23.8 INCH MONITOR,LENOVO
64AEGAT1UK,,376.88,448,instock,yes,T34WD-40 34IN HDMI/DP/USB-C/RJ45 *S*,LENOVO
21SA004YUK,,1000.0,411,instock,yes,TP L16 G2 U5-225U 16/512 W11P,LENOVO
63E5GAT2UK,,929.65,4,instock,yes,"P32PZ-30 31.5"" HDMI/DP/USB-C/RJ45",LENOVO
64A5MAT6UK,,107.64,245,instock,yes,T27-40 27IN HDMI/DP/VGA/USB-CBA *S*,LENOVO
21NU004DUK,,2391.96,82,instock,yes,TP X1 2IN1 G10 U7-258V 32/1T W11P,LENOVO
4XH0N04098,,24.12,4,instock,yes,THINKCENTRE TINY SANDWICH KIT II,LENOVO
4XD1S19778,,81.41,164,instock,yes,LENOVO DUAL-MODE WIRELESS ANCHEADSET,LENOVO
64B3GAT2UK,,205.03,228,instock,yes,P27QD-40 27IN HDMI/DP/USB-C/RJ45 *S*,LENOVO
ZAGJ0519GB,,295.48,193,instock,yes,K12 MT6400 8/128 WIFI ANDROID,LENOVO
ZAF90003GB,,541.71,42,instock,yes,YOGA PLUS SD G8 16/256 WIFI ANDROID,LENOVO
4X30H56873,,33.17,21,instock,yes,PROFESSIONAL WIRELESS KEYBOARD - UK,LENOVO
ZG38C05800,,13.79,10,instock,yes,LENOVO TAB PLUS SLEEVE GREY(WW),LENOVO
40AWGN65UK,,25.13,18,instock,yes,LENOVO GAN NANO 65W ADAPTER,LENOVO
4X71B67860,,139.7,92,instock,yes,^LENOVO 16GB DDR4 3200MHZ ECC RDIMM,LENOVO
4Y41K04067,,41.21,150,instock,yes,KBD_BO SLIM KB II-UK ENGLISH,LENOVO
4X71T17935,,607.04,19,instock,yes,TS 32GB DDR5 5600MHZ UDIMM MEMORY,LENOVO
21R50049UK,,1125.63,122,instock,yes,TP L13 G6 U7-255U 16/512 W11P,LENOVO
21SC002RUK,,1045.23,125,instock,yes,TP L16 G2 R7-250 16/512 W11P,LENOVO
63D7UAT3UK,,143.52,112,instock,yes,T24MV-30 23.8 HDMI/DP/USB-C/RJ45 *S*,LENOVO
21SC002QUK,,959.8,112,instock,yes,L16 G2 R5-215 16/512 W11P,LENOVO
ZG38C07003,,7.87,13,instock,yes,LENOVO IDEA TAB SCREEN PROTECTOR-WW,LENOVO
4XC1M72795,,89.45,36,instock,yes,^NET_BO FIBOCOM L860 4G CAT16 WWAN,LENOVO
4X41C12469,,22.11,13,instock,yes,THINKPAD ESSENTIAL 16-INCH TOPLOAD,LENOVO
4Z11S38692,,25.13,10,instock,yes,LENOVO PF 15.6 BY KENSINGTON,LENOVO
63EBMAT2UK,,55.28,4,instock,yes,"^E22-30  21.5"" HDMI/DP/VGA *S*",LENOVO
4XF1L53431,,146.73,84,instock,yes,MECH_BO TS TBT4 HP PCIE CARD,LENOVO
GX20Z46298,,90.44,1,instock,yes,LENOVO LEGIONSLIM 230W  AC ADAPTERUK,TRUE
21R3001BUK,,1407.04,1,instock,yes,^T14S 2IN1 G1 U5-225U 16/512 W11P,LENOVO
40BC0135UK,,145.73,454,instock,yes,THINKPAD USB4 SMART DOCK 5500,LENOVO
4XF1A40558,,8.04,9,instock,yes,THINKCENTRE TINY VI DUST SHIELD,LENOVO
57Y4303,0885600368848,20.1,19,instock,yes,LENOVO SECURITY CABLE LOCK,LENOVO
4XE1L51710,,24.12,9,instock,yes,NANOSAVER CABLE LOCK,LENOVO
4Y41R69491,,49.25,37,instock,yes,SELF-CHARGING BLUETOOTH KEYBOARD UK,LENOVO
63B4GAT6UK,0196380977183,216.08,15,instock,yes,^P24Q-30 23.8IN HDMI/DP *S*,LENOVO
64ADGAT1UK,,437.19,490,instock,yes,P34WD-40 34IN HDMI/DP/USB-C/RJ45 *S*,LENOVO
64B1GAT1UK,,183.17,285,instock,yes,TV P24QD-40 23.8 INCH MONITOR,LENOVO
40AK0065WW,,35.18,51,instock,yes,TP 65W USB-C DC TRAVEL ADAPTER,LENOVO
4X20V24682,,29.15,14,instock,yes,THINKPAD 65W SLIM ADAPTER USB-C,LENOVO
4X20M26260,,22.11,60,instock,yes,LEN 45W AC ADAPTER USB-C UK,LENOVO
40ALLG2WWW,,91.46,43,instock,yes,LEN GO USB-C POWER BANK 20000MAH,LENOVO
4X20M26276,,23.87,2889,instock,yes,LEN 65W AC ADAPTER USB-C UK,LENOVO
4X20Q88547,,38.19,37,instock,yes,LENOVO 135W SLIM  ADAPTER,LENOVO
4X20S56705,,46.23,2,instock,yes,TP 170W ADAPTER SLIMTIP UK/HK/SGP,LENOVO
4X20S56721,,68.34,37,instock,yes,THINKPAD 230W AC ADAPTER SLIM-TIP,LENOVO
4X21L38728,,37.19,1,instock,yes,TC 135W AC ADAPTER SLIMTIP UK/HK/SGP,LENOVO
0B47483,0887770626186,29.15,18,instock,yes,TP 65W AC ADAPTER SLIM TIP UK ETAIL,LENOVO
0B47002,0887037251625,37.19,15,instock,yes,^TP 90W AC ADAPTER SLIM TIP UK,LENOVO
4X21L54612,,17.09,1,instock,yes,LEN 65W USB-C WALL ADAPTOR-UK,LENOVO
4XF1C39743,,7.04,7,instock,yes,MECH_BO TC M.2 2280 SSD KIT III,LENOVO
4XB1N36073,,330.65,2,instock,yes,HDD_BO THINKPAD 1TB 2242 SSD GEN2,LENOVO
ZAGG0001GB,,325.03,189,instock,yes,K12 6400 8/256 LTE ANDROID,LENOVO
ZAE50059GB,,295.48,2,instock,yes,IPRO 12.7 MT8300 8/256 WIFI ANDROID,LENOVO
ZAEL0024GB,,157.59,291,instock,yes,LEN TAB MT-G85 4/64 4G LTE AND *S*,LENOVO
ZAEL0027GB,,162.51,300,instock,yes,LEN TAB  MT-G85 4/128 4G LTE ANDROID,LENOVO
ZAHM0004GB,,472.36,299,instock,yes,TT X11 G1 SNAP 7S 8/128 LTE ANDROID,LENOVO
ZAHM0045GB,,482.41,198,instock,yes,TT X11 G1 SNAP 7S 8/256 WIFI ANDROID,LENOVO
ZAF20095GB,,124.12,347,instock,yes,K9 MT-G85 4/64 WIFI ANDROID,LENOVO
ZADS0159GB,,305.33,168,instock,yes,K11 PLUS Q-SDM685 8/256 ADROID,LENOVO
ZAHL0016GB,,442.21,293,instock,yes,TT X11 G1 SNAP 7S 8/128 WIFI ANDROID,LENOVO
ZAEK0012GB,,142.81,545,instock,yes,TAB MT-G85 4/128 WIFI ANDROID,LENOVO
ZAEK0016GB,,132.96,237,instock,yes,LEN TAB MT-G85 4/64 WIFI ANDROID,LENOVO
ZAGG0060GB,,315.18,163,instock,yes,K12 6400 8/128 LTE ANDROID,LENOVO
ZAGJ0003GB,,305.33,192,instock,yes,K12 6400 12/256 WIFI ANDROID,LENOVO
12NAGAT1UK,,135.08,649,instock,yes,TIO24 G5 NONTOUCH 23.8 HDMI/DP *S*,LENOVO
12N9GAT1UK,,213.57,7,instock,yes,"TIO22 G5 TOUCH 21.5"" HDMI/DP/USB*S*",LENOVO
64BCMAT4UK,,84.42,143,instock,yes,THINKVISION E27-40 27 INCH MONITOR,LENOVO
80XF0017UK,0191200857416,351.76,5,instock,yes,^MIIX 320-10ICR Z8350 4/64 W10H,LENOVO
21R50048UK,,1015.08,188,instock,yes,TP L13 G6 U5-225U 16/512 W11P,LENOVO
13A4005WUK,,681.01,99,instock,yes,TC M70Q G6 U5-225T 16/512 W11P,LENOVO
13G0003JUK,,542.71,135,instock,yes,TC NEO 55S G6 R5 220 8G 256 11P,LENOVO
13HR003NUK,,587.94,1201,instock,yes,NEO 50Q G6 U5 226V 16G 512G W11P,LENOVO
12U8009KUK,,650.05,269,instock,yes,TC M70S G5 I5-14400 16G 512 11P,LENOVO
12TT000LUK,,904.52,75,instock,yes,M90Q G5 I7-14700 16/512 W11P,LENOVO
12YK002KUK,,656.88,127,instock,yes,TC M70S G6 U5 225 16G 512 11P,LENOVO
12SB007SUK,,728.99,85,instock,yes,NEO 50A 27 G5 I7-13620H 16/512 W11P,LENOVO
12TD009TUK,,658.29,118,instock,yes,TC M70Q G5 I5-14400T 8/256 W11P,LENOVO
12SH002SUK,,964.82,86,instock,yes,TC TC M90A G5 I5-14500 16G 512 11P,LENOVO
12V8004EUK,,802.01,61,instock,yes,TC M90S G5 I7-14700 16/512 W11P,LENOVO
12RQ004JUK,,510.95,154,instock,yes,TC M75Q G5 R5-8500GE 8/256 W11P,LENOVO
13FA0058UK,,608.19,34,instock,yes,NEO 55A 24 G6 R5-220 16/512 W11P,LENOVO
13HR001NUK,,548.74,50,instock,yes,NEO 50Q G6 U5 226V 16G 256G W11P,LENOVO
12U8009JUK,,747.49,207,instock,yes,TC M70S G5 I7-14700 16/512 W11P,LENOVO
13A4000FUK,,681.01,1035,instock,yes,M70Q G6 U5 235T 16GB 512GB W11P,LENOVO
13B9008VUK,,643.22,196,instock,yes,TC NEO 50Q G5 I5 210H 16G 512 11P,LENOVO
12SB007TUK,,643.12,300,instock,yes,NEO 50A 27 G5 I5-210H 16/512 W11P,LENOVO
12TD009UUK,,621.66,617,instock,yes,M70Q G5 I514400T 16G 512G W11P,LENOVO
21S6006VUK,,1050.25,125,instock,yes,TP L14 G6 U7-255U 16/512 W11P,LENOVO
21ST0060UK,,851.16,151,instock,yes,TP E16 AMD G3 R7-250 16/512 W11P,LENOVO
21SQ003HUK,,849.25,362,instock,yes,^TB 14 2IN1 G5 U5-225U 16/512 W11P,LENOVO
21QE004QUK,,1296.48,312,instock,yes,T16 G4 U7-255U 16/512 W11P,LENOVO
21QT0011UK,,2291.46,20,instock,yes,TP P14S G6 U7 265H 32/1T W11P,LENOVO
21R3001FUK,,1407.04,55,instock,yes,T14S 2IN1 G1 U5 16G/512 W11P,LENOVO
21F8007NUK,,702.51,394,instock,yes,^TSB T14S AMD G4 R5PRO 16/512 W11P,LENOVO
21WN0072UK,,1457.29,286,instock,yes,T14 G7 U7-355 16/512 W11P,LENOVO
21KX005DUK,,984.92,58,instock,yes,TP P16V G2 U7165H 16/512GB 11P,LENOVO
21WN006YUK,,1356.78,354,instock,yes,T14 G7 U5 325 16/512 W11P,LENOVO
21R7004HUK,,1407.04,1,instock,yes,TP L13 2IN1 G6 U7-255U 16/512 W11P,LENOVO
21U2002SUK,,805.94,1183,instock,yes,TP E14 G7 U5226V 16/512G 11P,LENOVO
21T0006YUK,,803.87,326,instock,yes,E14 G7 R5-220 16/512 W11P,LENOVO
21F8007MUK,,702.51,110,instock,yes,TSB T14S AMD G4 R5PRO 16/512 W11P,LENOVO
21ST005YUK,,854.27,1,instock,yes,E16 AMD G3 R5-220 16/512 W11P,LENOVO
21S8003SUK,,1055.28,78,instock,yes,TP L14 G6 R5-215 16/512 W11P,LENOVO
21F8007LUK,,702.51,70,instock,yes,^TSB T14S AMD G4 R5PRO 16G 512G 11P,LENOVO
21S6006WUK,,1000.0,430,instock,yes,TP L14 G6 U5-225U 16/512 W11P,LENOVO
21S8003TUK,,1045.23,108,instock,yes,TP L14 G6 R7PRO250 16/512G W11P,LENOVO
21T00070UK,,854.27,57,instock,yes,E14 G7 R7-25016/512 W11P,LENOVO
21F8007KUK,,702.51,26,instock,yes,TSB T14S AMD G4 R5PRO 16G 512G 11P,LENOVO
21V70021UK,,2391.96,242,instock,yes,X1 CARBON G14 U7-355 32/512 W11P,LENOVO
21MV00HBUK,,733.42,14,instock,yes,TB 14 G7 R7-7735HS 16/512 W11P,LENOVO
21QV0010UK,,2412.06,1,instock,yes,P16S G4 U7 265H 32/1T RTX1000  W11P,LENOVO
22AY0032UK,,814.07,374,instock,yes,E16 G3 U5-226V 16/512 W11P,LENOVO
21F8007JUK,,799.0,651,instock,yes,TSB T14S AMD G4 R5PRO 32G 512G 11P,LENOVO
21MV00HAUK,,592.01,860,instock,yes,TB 14 G7 R5-7535HS 8/256 W11P,LENOVO
21X60026UK,,898.04,348,instock,yes,LEN TPL14 G7 RAI5 430 16G 512 W11P64,LENOVO
21R3001XUK,,1517.59,92,instock,yes,T14S 2IN1 G1 U7 255U 16GB 512GB,LENOVO
21QE002XUK,,1195.98,83,instock,yes,T16 G4 U5-225U 16/512 W11P,LENOVO
22AY003DUK,,959.8,812,instock,yes,TP E16 G3 U7-256V 16/512 W11P,LENOVO
21MW00D3UK,,733.42,66,instock,yes,TB 16 G7 R7-7735HS 16/512 W11P,LENOVO
21F8007HUK,,702.51,70,instock,yes,TSB T14S AMD G4 R5_PRO 16G 512G 11,LENOVO
21F8007PUK,,699.0,295,instock,yes,TSB T14S AMD G4 R5PRO 16/512 W11P,LENOVO
21ML00EUUK,,903.52,1074,instock,yes,TSB T14 G5 ULT5-135U 16/512 W11P,LENOVO
21SQ003GUK,,1021.51,408,instock,yes,^TB 14 2IN1 G5 U7-225U 16/512 W11P,LENOVO
21VV0033UK,,1909.55,17,instock,yes,TP X9-15P G1 UX7 358H 32G 1T 11P,LENOVO
21SA0050UK,,1256.28,179,instock,yes,TP L16 G2 U7-255U 16/512 W11P,LENOVO
4X41V20931,,62.31,20,instock,yes,TP 16IN CLICK-GO BACKPACK,LENOVO
21MW00D2UK,,743.72,667,instock,yes,TB 16 G7 R5-7535HS 16/256 W11P,LENOVO
910-006254,5099206097230,27.27,1,instock,yes,SIGNATURE M650 MOUSE - ROSE,LOGITECH
910-006238,5099206097193,27.27,4,instock,yes,SIGNATURE M650 L MOUSE - OFF-WHITE,LOGITECH
960-001448,5099206104952,45.45,3,instock,yes,LOGIBRIO 300 HD WEBCAM-ROSE,LOGITECH
920-010367,5099206097414,109.09,3,instock,yes,RUGGED COMBO 3 TOUCH BLUE UK,LOGITECH
910-006639,5099206104556,101.6,1,instock,yes,LOGITECH G PRO X GAM MOUSE WHT,LOGITECH
981-001263,5099206109056,177.27,1,instock,yes,PRO X 2 WIRELESS GAM HEADSET BLK,LOGITECH
920-010563,,47.71,8,instock,yes,G413 TKL SE MECHANICAL GAM KEYBOARD,LOGITECH
920-012135,5099206113435,135.69,1,instock,yes,LOGI G PRO X TKL GAM KEYBOARD BLK UK,LOGITECH
982-000154,5099206107199,61.35,5,instock,yes,CHORUS WHT-EMEA-914-VR HEADSET AUDIO,LOGITECH
941-000150,5099206082809,259.09,1,instock,yes,G923 RACING KIT FOR PS5 PC - PLUGG,LOGITECH
920-010555,5099206098367,54.53,8,instock,yes,G413 SE MECHANICAL GAM KEYBOARD UK,LOGITECH
981-001269,5099206109063,177.27,1,instock,yes,PRO X 2 WIRELESS GAM HEADSET  WHT,LOGITECH
941-000113,5099206057319,238.63,1,instock,yes,G29 DRIVING FORCE RACING WHEEL PS5,LOGITECH
941-000124,,238.63,2,instock,yes,LOGITECH G920 DRIVING FORCE WHEEL,LOGITECH
981-001083,5099206097520,135.69,4,instock,yes,G735 - OFF WHITE - EMEA-914,LOGITECH
981-000818,5099206085718,81.81,2,instock,yes,G PRO X GAMING HEADSET - BLACK,LOGITECH
981-000907,5099206089693,149.99,7,instock,yes,PRO X WIRELESS GAMING HEADSET -BLACK,LOGITECH
981-000864,5099206088719,95.45,1,instock,yes,G733 RGB GAMING HEADSET - BLACK,LOGITECH
981-001018,5099206094796,44.31,2,instock,yes,G335 WIRED GAMING HEADSET - WHITE,LOGITECH
981-001062,5099206097483,51.13,2,instock,yes,G435 WIRELESS GAMING HEADSET - BLUE,LOGITECH
981-001074,5099206097490,51.13,1,instock,yes,G435 WIRELESS GAMING HEADSET - WHITE,LOGITECH
920-011635,5099206114548,74.99,4,instock,yes,MX KEYS S FOR MAC SPACE GREY UK,LOGITECH
920-012408,5099206117570,47.71,1,instock,yes,WAVE KEYS WLESS KEYBOARD WHT UK,LOGITECH
920-009350,5099206086142,74.99,4,instock,yes,G512 GAMING KEYBOARD CARBON,LOGITECH
920-012651,5099206122031,74.99,1,instock,yes,MX KEYS MINI MAC WLESS KEYBD GREY UK,LOGITECH
920-011592,,74.99,1,instock,yes,MX KEYS S-GRAPHITE- HEBREW,LOGITECH
910-006275,,28.98,5,instock,yes,M650 FOR BUSINESS - OFF-WHITE,LOGITECH
910-007121,5099206112001,13.94,5,instock,yes,M240 SILENT BLUETOOTH MOUSE ROSE,LOGITECH
910-004910,5099206066687,24.23,6,instock,yes,LOGITECH? M330 SILENT PLUS - BLUE,LOGITECH
910-004913,5099206066717,24.23,7,instock,yes,B330 SILENT PLUS BLACK 2.4GHZ,LOGITECH
914-000069,,45.45,11,instock,yes,LOGITECH PEN - YELLOW - EMEA,LOGITECH
910-007411,5099206126398,15.15,4,instock,yes,POP MOUSE WITH EMOJI - OFF WHITE,LOGITECH
910-007014,5099206110410,12.12,6,instock,yes,PEBBLE MOUSE 2 M350S ROSE DONGLELESS,LOGITECH
910-004067,5099206051768,44.31,6,instock,yes,G402 HYPERION FURY FPS GAMING MOUSE2,LOGITECH
910-006931,5099206111714,61.35,9,instock,yes,MX ANYWHERE 3S - ROSE,LOGITECH
910-006349,5099206097285,28.98,2,instock,yes,M650 L WIRELESS MOUSE BUSINESS WHT,LOGITECH
910-005796,5099206089167,27.27,1,instock,yes,G203 LIGHTSYNC GAMING MOUSE - BLACK,LOGITECH
914-000034,5099206082076,47.71,4,instock,yes,CRAYON INTENSE SORBET,LOGITECH
910-007413,5099206126404,15.15,1,instock,yes,POP MOUSE WITH EMOJI - ROSE,LOGITECH
914-000046,5099206082434,47.71,10,instock,yes,CRAYON - INTENSE SORBET,LOGITECH
920-012614,5099206121966,156.81,5,instock,yes,COMBO TOUCH ESP SOUTHWEST 424 GRY,LOGITECH
920-012669,5099206123014,177.27,1,instock,yes,COMBO TOUCH IPAD PRO 13IN M4 GREY UK,LOGITECH
4719072720742,4719072720742,11.76,12,instock,yes,VIGOR WR01 WRIST REST,MSI
4711377386197,4711377386197,50.97,87,instock,yes,MAG FORGE 330R AIRFLOW CASE,MSI
4719072949679,4719072949679,42.34,339,instock,yes,MAG FORGE 112R,MSI
4711377365758,4711377365758,54.88,352,instock,yes,MAG PANO 130R PZ,MSI
4711377193474,4711377193474,52.54,12,instock,yes,MAG FORGE 320R AIRFLOW WHITE,MSI
4719072932220,4719072932220,43.13,8,instock,yes,MAG FORGE M100R,MSI
4711377373302,4711377373302,54.88,157,instock,yes,MAG PANO 130R PZ WHITE,MSI
4711377293174,4711377293174,86.25,11,instock,yes,MPG VELOX 300R AIRFLOW PZ WHITE,MSI
4711377293198,4711377293198,62.73,91,instock,yes,MAG PANO 110R PZ WHITE,MSI
4711377231589,4711377231589,43.13,285,instock,yes,MAG FORGE M100R WHITE,MSI
4711377121552,4711377121552,49.4,18,instock,yes,MAG FORGE 320R AIRFLOW,MSI
4711377231565,4711377231565,74.48,23,instock,yes,MAG PANO 100R PZ,MSI
4711377386227,4711377386227,45.47,139,instock,yes,MAG FORGE M110R AIRFLOW CASE,MSI
4711377345743,4711377345743,17.9,106,instock,yes,MAG COREFROZR AA13,MSI
4711377233194,4711377233194,63.47,7,instock,yes,MAG CORELIQUID I240 WHITE,MSI
4711377124140,4711377124140,55.33,8,instock,yes,MAG CORELIQUID E240 WHITE,MSI
4711377115735,4711377115735,66.73,1,instock,yes,MAG CORELIQUID E360,MSI
4711377273763,4711377273763,46.38,118,instock,yes,MAG CORELIQUID A13 240,MSI
4711377273770,4711377273770,57.78,85,instock,yes,MAG CORELIQUID A13 360,MSI
4711377257305,4711377257305,50.45,20,instock,yes,MAG CORELIQUID A15 240,MSI
4711377257312,4711377257312,63.47,27,instock,yes,MAG CORELIQUID A15 360,MSI
4711377345750,4711377345750,17.9,185,instock,yes,MAG COREFROZR AA13 WHITE,MSI
4711377276689,4711377276689,57.78,11,instock,yes,MAG CORELIQUID A13 360 WHITE,MSI
4711377269919,4711377269919,28.13,86,instock,yes,FORCE GC300 W WHITE CONTROL,MSI
4711377310932,4711377310932,21.79,55,instock,yes,FORCE GC200 CONTROL,MSI
4711377228978,4711377228978,28.13,68,instock,yes,FORCE GC300 W CONTROL,MSI
4711377143196,4711377143196,67.35,20,instock,yes,FORCE PRO WL CONTROLLER,MSI
4711377334341,4711377334341,21.79,48,instock,yes,FORCE GC200 WHITE CONTROL,MSI
4711377190619,4711377190619,57.49,8,instock,yes,MPG EZ120 ARGB WHITE- 3W,MSI
4711377190602,4711377190602,57.49,14,instock,yes,MPG EZ120 ARGB- 3B,MSI
4719072813512,4719072813512,36.43,52,instock,yes,VIGOR GK30 COMBO WHITE UK KB,MSI
4711377284264,4711377284264,46.15,75,instock,yes,FORGE GK600 TKL W SKY UK,MSI
4711377422567,4711377422567,17.0,30,instock,yes,FORGE K210 W COMBO WHITE UK KEYBOARD,MSI
4711377425483,4711377425483,11.88,15,instock,yes,MSI FORGE GM340 W WHITE,MSI
4711377425445,4711377425445,11.88,20,instock,yes,MSI FORGE GM340 W VIOLET,MSI
4711377175487,4711377175487,7.53,192,instock,yes,FORGE GM300,MSI
4711377425421,4711377425421,11.88,15,instock,yes,MSI FORGE GM340 W NAVY,MSI
4711377245920,4711377245920,15.85,14,instock,yes,VERSA 300 W,MSI
4711377395991,4711377395991,29.32,19,instock,yes,MSI VERSA 300 W 8K MOUSE,MSI
4711377284820,4711377284820,16.24,13,instock,yes,VERSA 300 W WHITE,MSI
4711377425506,4711377425506,11.88,20,instock,yes,MSI FORGE GM340 W SKY,MSI
4711377393799,4711377393799,6.34,19,instock,yes,AGILITY GD23 MOUSEPAD,MSI
4711377393782,4711377393782,14.27,15,instock,yes,AGILITY GD73 MOUSEPAD,MSI
4711377364263,4711377364263,54.52,103,instock,yes,MAG A750BN PCIE5 II PSU,MSI
4719072870485,4719072870485,30.92,145,instock,yes,MAG A550BN,MSI
4711377397926,4711377397926,130.2,33,instock,yes,MSI MAG A1200PLS PCIE5,MSI
4711377397940,4711377397940,108.23,51,instock,yes,MSI MAG A1000PLS PCIE5,MSI
4711377030434,4711377030434,101.72,69,instock,yes,MPG A1000G PCIE5,MSI
4711377030458,4711377030458,211.57,11,instock,yes,MEG AI1300P PCIE5,MSI
4711377364294,4711377364294,43.13,69,instock,yes,MAG A650BN PCIE5 II PSU,MSI
4719072870478,4719072870478,36.62,173,instock,yes,MAG A650BN,MSI
4719072970284,4719072970284,28.48,708,instock,yes,MAG A600DN (EU),MSI
4711377030427,4711377030427,79.75,65,instock,yes,MPG A850G PCIE5,MSI
4711377292306,4711377292306,63.47,239,instock,yes,MAG A650GLS PCIE5,MSI
4711377087254,4711377087254,87.07,763,instock,yes,MAG A850GL PCIE5,MSI
4711377319775,4711377319775,356.35,261,instock,yes,MAG 272QPW QD-OLED X28,MSI
4711377159456,4711377159456,634.13,68,instock,yes,MPG 321URX QD-OLED,MSI
4711377150842,4711377150842,713.49,4,instock,yes,MSI MPG 491CQP QD-OLED 49 MONITOR,MSI
4711377307222,4711377307222,554.51,66,instock,yes,MSI MAG 272QP QD-OLED 26.5 MONITOR,MSI
4711377293501,4711377293501,62.7,740,instock,yes,MSI PRO MP243L E14 23.8 FHD PRO,MSI
4711377285247,4711377285247,86.51,15,instock,yes,MSI MAG 255F 24.5 FHD GAMING MONITOR,MSI
4711377316330,4711377316330,792.85,8,instock,yes,MPG 491CQPX QD-OLED,MSI
4711377266901,4711377266901,634.13,91,instock,yes,MPG 321URXW QD-OLED,MSI
4711377319683,4711377319683,594.45,62,instock,yes,MSI MAG 322UP 31.5 UHD MONITOR,MSI
4711377151962,4711377151962,237.3,157,instock,yes,MSI PRO MD342CQPW 34 INCH UWQHD,MSI
4711377396301,4711377396301,142.06,30,instock,yes,MSI PRO MAX 271PHW E14  27 INCH FHD,MSI
4711377318471,4711377318471,118.25,192,instock,yes,MSI PRO MP245PHG E14 23.8 FHD PRO,MSI
4711377409193,4711377409193,70.64,1,instock,yes,MSI PRO MP251 E14L 24.5 FHD PRO,MSI
4711377311328,4711377311328,356.35,29,instock,yes,MAG 271QP QD-OLED X28,MSI
4711377381697,4711377381697,78.57,140,instock,yes,MSI PRO MP271 E14A 27 FHD PRO,MSI
4711377298940,4711377298940,276.98,35,instock,yes,MSI MAG 274QPF X30MV 27 WQHD MONITOR,MSI
4711377381611,4711377381611,110.31,136,instock,yes,MSI PRO MP273QW E14 27 WQHD PRO,MSI
4711377256902,4711377256902,237.3,2,instock,yes,MSI PRO MD272UPSW 27 INCH UHD,MSI
4711377195386,4711377195386,157.94,97,instock,yes,MSI MAG 32C6X 31.5 FHD MONITOR,MSI
4711377018715,4711377018715,197.61,189,instock,yes,MSI PRO MP341CQ 34 UWQHD PRO,MSI
4711377238335,4711377238335,94.03,50,instock,yes,MSI PRO MP275W E2 27 INCH FHD,MSI
4711377402880,4711377402880,54.76,1368,instock,yes,MSI PRO MP225 E12VL 34 UWQHD,MSI
4711377320344,4711377320344,165.88,75,instock,yes,MSI MAG 321CQF E18 31.5 WQHD MONITOR,MSI
4711377342216,4711377342216,276.98,237,instock,yes,MSI MPG 346CQRF 34 UWQHD MONITOR,MSI
4711377199735,4711377199735,713.49,1,instock,yes,MPG 341CQPX QD-OLED,MSI
4711377318181,4711377318181,197.61,123,instock,yes,MSI MAG 275UPD E14 27 UHD MONITOR,MSI
4711377307406,4711377307406,356.35,15,instock,yes,MSI MAG 322URDF 31.5 UHD MONITOR,MSI
4711377235112,4711377235112,118.25,12,instock,yes,MSI MAG 274CXF 27 FHD GAMING MONITOR,MSI
4711377259156,4711377259156,86.51,327,instock,yes,MAG 244C,MSI
4711377215930,4711377215930,54.76,31,instock,yes,MSI PRO MP223 E2 24.45 INCH FHD,MSI
4711377275460,4711377275460,634.13,57,instock,yes,MSI MPG 272URX QD-OLED 26.5 MONITOR,MSI
4711377177917,4711377177917,134.13,173,instock,yes,MSI MAG 27CQ6F 27 WQHD MONITOR,MSI
4711377396288,4711377396288,118.25,92,instock,yes,MSI PRO MAX 241PHW E14 23.8 INCH FHD,MSI
4711377396325,4711377396325,157.94,36,instock,yes,MSI PRO MAX 271QPHW E14 27 INCH WQHD,MSI
4711377192293,4711377192293,142.06,170,instock,yes,MSI PRO MP273U 27 UHD PRO,MSI
4719072561420,4719072561420,65.31,467,instock,yes,MSI GT 1030 2GHD4 LP OC,MSI
4711377380003,4711377380003,234.94,78,instock,yes,MSI  RTX 5050 8G VENTUS 2X OC,MSI
4711377309219,4711377309219,963.65,102,instock,yes,MSI RTX 5080 16G VENTUS 3X OC,MSI
4711377292160,4711377292160,1019.4,103,instock,yes,MSI  RTX 5080 16G GAMING TRIO OC,MSI
4711377338868,4711377338868,318.56,169,instock,yes,MSI RTX 5060 TI 8G VENTUS 2X OC PLUS,MSI
4711377341394,4711377341394,358.38,50,instock,yes,MSI RTX 5060 TI 8G GAMING TRIO OC,MSI
4711377301589,4711377301589,700.83,161,instock,yes,MSI  RTX 5070 TI 16G VENTUS 3X OC,MSI
4711377334471,4711377334471,426.07,275,instock,yes,RTX 5060 TI 16G VENTUS 2X OC PLUS,MSI
4719072448233,4719072448233,41.4,129,instock,yes,MSI GT 710 2GD3H LP,MSI
4711377301541,4711377301541,740.66,16,instock,yes,MSI RTX 5070 TI 16G GAMING TRIO OC,MSI
4711377342544,4711377342544,282.72,36,instock,yes,MSI  RTX 5060 8G GAMING OC,MSI
4711377308229,4711377308229,493.77,169,instock,yes,MSI  RTX 5070 12G VENTUS 2X OC,MSI
9S7-15H431-282,,547.37,34,instock,yes,MODERN15H C5 210H 16GB 512GB W11,MSI
9S7-14JK12-407,4711377298407,508.42,3,instock,yes,MODERN14 C7M-407UK R5 7430U 8GB 512G,MSI
9S7-1587C1-053,4711377345880,1278.13,39,instock,yes,KATANA 15 I7-14650HX 16GB 1TB 5070,MSI
9S7-1T4211-007,4711377287470,618.75,2,instock,yes,MSICLAW7 AI+ A2VM-007UK U7 32GB 512G,MSI
9S7-15K112-2447,4711377436083,628.13,179,instock,yes,CYBORG 15 I5-13420H 16GB 512GB 4050,MSI
9S7-13Q425-027,4711377425971,967.71,38,instock,yes,PRESTIGE 13 AI+ U7 355 32GB 1TB UMA,MSI
9S7-265111-066,4711377439299,2750.0,23,instock,yes,RAIDER 16 U9 275HX 32GB 1TB 5090,MSI
9S7-265111-065,4711377439268,2983.33,10,instock,yes,RAIDER 16 U9 290HX 32GB 2TB 5090,MSI
9S7-15Q342-1209,4711377445856,890.63,98,instock,yes,CYBORG 15 C7 240H 16GB 512GB 5050,MSI
9S7-265122-073,4711377440813,1742.71,29,instock,yes,RAIDER 16 U7 251HX 16GB 1TB 5070TI,MSI
9S7-182411-1072,4711377439459,4261.46,17,instock,yes,TITAN 18 U9 290HX 64GB 4TB 5090,MSI
9S7-14T233-076,4711377426190,1045.83,26,instock,yes,PRESTIGE 14 FLIP U7 355 32GB 1TB UMA,MSI
9S7-1T4111-016,4711377192910,618.75,1,instock,yes,MSI CLAW A1M-016UK U7 155U 16GB 1TB,MSI
9S7-15HK12-086,4711377077750,503.13,2,instock,yes,MODERN 15 B7M-086UK R7 7730U 8G 512G,MSI
9S7-14L112-298,4711377298513,541.67,12,instock,yes,MODERN14H C5 210H 16GB 512GB W11,MSI
9S7-15Q342-020,4711377365109,1006.25,44,instock,yes,CYBORG 15 C7 240H 16GB 1TB 5060,MSI
4711377424011,4711377424011,197.01,13,instock,yes,MAG B850 TOMAHAWK MAX WIFI II,MSI
4711377286046,4711377286046,106.39,49,instock,yes,PRO B850-P WIFI,MSI
4711377404167,4711377404167,102.44,21,instock,yes,PRO B840-S EVO WIFI6E,MSI
4711377391283,4711377391283,248.23,3,instock,yes,MAG X870E TOMAHAWK MAX WIFI PZ,MSI
4719072733698,4719072733698,78.8,367,instock,yes,B550M PRO-VDH WIFI,MSI
4711377414968,4711377414968,472.82,12,instock,yes,MEG X870E ACE MAX,MSI
4711377134712,4711377134712,133.97,13,instock,yes,Z790 GAMING PLUS WIFI,MSI
4711377285438,4711377285438,122.15,36,instock,yes,B850 GAMING PLUS WIFI,MSI
4711377030991,4711377030991,66.98,77,instock,yes,PRO B760M-P DDR4,MSI
4711377407199,4711377407199,161.55,24,instock,yes,MAG X870E GAMING MAX WIFI,MSI
4711377290630,4711377290630,224.59,21,instock,yes,MPG X870E EDGE TI WIFI,MSI
4711377429627,4711377429627,165.48,13,instock,yes,PRO Z890-P WIFI6E,MSI
4711377290616,4711377290616,161.55,58,instock,yes,MPG B850 EDGE TI WIFI,MSI
4711377401463,4711377401463,315.21,29,instock,yes,MPG X870I EDGE TI EVO WIFI,MSI
4711377260800,4711377260800,279.75,7,instock,yes,MPG Z890 EDGE TI WIFI,MSI
4711377286572,4711377286572,122.15,2,instock,yes,PRO B860-P WIFI,MSI
4711377289764,4711377289764,137.91,33,instock,yes,B860 GAMING PLUS WIFI,MSI
4719072758417,4719072758417,66.98,378,instock,yes,B550M PRO-VDH,MSI
4711377412230,4711377412230,169.42,8,instock,yes,PRO X870E-S EVO WIFI,MSI
4711377428927,4711377428927,54.38,40,instock,yes,PRO B550M-B,MSI
4711377279642,4711377279642,145.78,11,instock,yes,MAG B860 TOMAHAWK WIFI,MSI
4711377365345,4711377365345,106.39,108,instock,yes,B850M GAMING PLUS WIFI6E,MSI
4711377393522,4711377393522,126.08,44,instock,yes,B850 GAMING PRO WIFI6E,MSI
4711377286589,4711377286589,86.68,8,instock,yes,B840 GAMING PLUS WIFI,MSI
4711377427425,4711377427425,157.61,7,instock,yes,PRO Z890-S WIFI6E,MSI
4719072925024,4719072925024,51.22,262,instock,yes,PRO H610M-G DDR4,MSI
4711377410465,4711377410465,153.66,38,instock,yes,MAG B850 GAMING PLUS MAX WIFI,MSI
4711377260794,4711377260794,350.67,2,instock,yes,MPG Z890 CARBON WIFI,MSI
4711377015738,4711377015738,126.08,81,instock,yes,PRO Z790-P WIFI,MSI
4711377028363,4711377028363,98.51,163,instock,yes,PRO B760-P WIFI DDR4,MSI
4711377376143,4711377376143,94.57,394,instock,yes,B550 GAMING WIFI,MSI
4711377034210,4711377034210,114.26,2,instock,yes,MAG B760 TOMAHAWK WIFI,MSI
4711377086578,4711377086578,74.86,50,instock,yes,PRO B760M-P,MSI
4719072731885,4719072731885,86.68,40,instock,yes,MPG B550 GAMING PLUS,MSI
4719072733667,4719072733667,81.17,224,instock,yes,B550-A PRO,MSI
4711377360166,4711377360166,66.98,68,instock,yes,PRO B840M-B,MSI
4711377257701,4711377257701,169.42,5,instock,yes,PRO Z890-P WIFI,MSI
4711377365338,4711377365338,86.68,1,instock,yes,PRO B850-S WIFI6E,MSI
4711377125147,4711377125147,56.74,96,instock,yes,PRO H610M-E,MSI
4711377291545,4711377291545,157.61,25,instock,yes,Z890 GAMING WIFI,MSI
4711377154017,4711377154017,98.51,3,instock,yes,B760M GAMING PLUS WIFI,MSI
4711377431118,4711377431118,177.31,11,instock,yes,Z890 GAMING PLUS WIFI6E,MSI
4711377260787,4711377260787,468.87,1,instock,yes,MEG Z890 ACE,MSI
4711377365284,4711377365284,165.48,5,instock,yes,B850 GAMING PLUS WIFI PZ,MSI
4719072749927,4719072749927,40.97,1887,instock,yes,A520M-A PRO,MSI
4719072755492,4719072755492,44.92,464,instock,yes,A520M PRO,MSI
4711377291927,4711377291927,197.01,5,instock,yes,MAG X870E TOMAHAWK WIFI,MSI
4711377247900,4711377247900,98.51,101,instock,yes,B760 GAMING PLUS WIFI DDR4,MSI
4711377397216,4711377397216,52.8,12,instock,yes,PRO A620AM-B EVO,MSI
4711377360906,4711377360906,189.13,3,instock,yes,MPG B850I EDGE TI WIFI,MSI
4711377286558,4711377286558,126.08,13,instock,yes,B860M GAMING PLUS WIFI,MSI
4711377384308,4711377384308,141.84,24,instock,yes,PRO B850M-A WIFI PZ,MSI
4711377402859,4711377402859,157.6,121,instock,yes,MAG B850 TOMAHAWK WIFI,MSI
4711377347594,4711377347594,165.48,8,instock,yes,X870E GAMING PLUS WIFI,MSI
4711377086561,4711377086561,98.51,18,instock,yes,B760 GAMING PLUS WIFI,MSI
4711377361804,4711377361804,98.51,87,instock,yes,PRO B840M-P WIFI6E,MSI
4711377361811,4711377361811,102.44,41,instock,yes,B840M GAMING PLUS WIFI6E,MSI
4711377422765,4711377422765,126.08,21,instock,yes,PRO B850-S EVO WIFI,MSI
4711377446266,4711377446266,23.26,20,instock,yes,HERALD BE6500 WIFI 7 PCIE CARD,MSI
4711377198622,4711377198622,62.08,6,instock,yes,ROAMII BE LITE MESH SYSTEM- 1 PACK,MSI
4711377253529,4711377253529,46.34,54,instock,yes,BE6500 WIFI 7 USB ADAPTER,MSI
4711377198639,4711377198639,124.14,3,instock,yes,ROAMII BE LITE MESH SYSTEM- 2 PACK,MSI
4711377284295,4711377284295,391.15,175,instock,yes,PRO AP242P 14M I5 14400 BB,MSI
4711377229128,4711377229128,340.34,13,instock,yes,CUBI NUC 1M I7 150U BB,MSI
4711377357975,4711377357975,289.55,65,instock,yes,CUBI NUC AI 1UMG I5 125H BB,MSI
4711377357968,4711377357968,383.9,43,instock,yes,CUBI NUC AI 1UMG I7 155H BB,MSI
4711377371070,4711377371070,362.13,24,instock,yes,CUBI Z AI 8M R9 8945HS BB,MSI
4711377028370,4711377028370,333.09,31,instock,yes,CUBI 5 12M I7 1255U BB,MSI
4711377366151,4711377366151,652.4,8,instock,yes,PRO DP180 14A I7 14700 16GB 1TB W11P,MSI
4711377229159,4711377229159,746.74,3,instock,yes,CUBI NUC 1M I7 150U FS 16GB 1TB W11P,MSI
4711377385855,4711377385855,601.6,88,instock,yes,CUBI NUC 1M I5 120U 16GB 512GB W11P,MSI
4711377231879,4711377231879,681.43,12,instock,yes,AP242P 14M I7 14700 16GB 512GB W11P,MSI
4711377290449,4711377290449,9.74,837,instock,yes,USB COMBO COPILOT PRO_UK,MSI
4711377229173,4711377229173,480.48,30,instock,yes,CUBI NUC 1M I3 100U 8GB 512GB W11P,MSI
EP2-22222,,1696.61,3,instock,yes,^LPTP 7 INT 13 CU5 32/512GB/BLK,MICROSOFT
EP2-22322,,1802.77,4,instock,yes,^LPTP 7 INT 13 CU7/32/512GB BLK,MICROSOFT
EP2-50050,,2293.31,18,instock,yes,LPTP 8 13 PSCR CU7/32/512 BLK W11P,MICROSOFT
EP2-47618,,1349.76,289,instock,yes,LPTP 8 13 CU5/16/256 PLAT W11P,MICROSOFT
EP2-47744,,1903.24,890,instock,yes,LPTP 8 13 CU5/32/512 BLK W11P,MICROSOFT
EP2-47644,,1423.56,87,instock,yes,LPTP 8 13 CU5/16/512 BLK W11P,MICROSOFT
EP2-50933,,1571.15,20,instock,yes,LPTP 8 15 CU5/16/512 BLK W11P,MICROSOFT
EP2-31348,,1401.42,2,instock,yes,LPTP 13 SDP/24/1TB PLAT W11P,MICROSOFT
EP2-72565,,1253.82,14,instock,yes,LPTP 13 CU5/24/512 PLAT W11P,MICROSOFT
ZJQ-00013,,1101.42,3,instock,yes,*Non Cancellable/Non Returnable (NCNR)* LPTP 6 13 U5/16/256 BLACK NORDIC,MICROSOFT
EP2-31214,,936.5,1300,instock,yes,LPTP 13 SDP/16/256 PLAT W11P,MICROSOFT
EP2-22626,,1327.62,654,instock,yes,LPTP7 INT 15 CU5 16/256GB/ BLK W11,MICROSOFT
EP2-22172,,1253.82,9,instock,yes,LPTP 7 INT 13 CU5 16/512GB/ BLK,MICROSOFT
EP2-59141,,1600.68,117,instock,yes,LPTP 8 13 M10/32/256 PLAT W11P,MICROSOFT
EP2-68717,,995.53,92,instock,yes,LPTP 13 CU5/16/256 PLAT W11P,MICROSOFT
EP2-68824,,1069.33,224,instock,yes,LPTP 13 CU5/16/512 PLAT W11P,MICROSOFT
ZXY-00004,,1506.99,5,instock,yes,LPTP7 13 ELI 16/1TB PLAT W11P,MICROSOFT
EP2-22895,,2079.5,4,instock,yes,*Non Cancellable/Non Returnable (NCNR)* ^LPT 7 INT 15 CU7/32/1T FR BLK W11P,MICROSOFT
EP2-47593,,1349.76,1552,instock,yes,LPTP 8 13 CU5/16/256 BLK W11P,MICROSOFT
EP2-60217,,1297.79,81,instock,yes,LPTP 8 15 M12/16/512 PLAT W11P,MICROSOFT
EP2-20212,,1369.93,377,instock,yes,PRO11 INT CU7/16/256GB PLAT W11P,MICROSOFT
EP2-55204,,1903.24,129,instock,yes,PRO 13 CU5/32/512 PLAT W11P,MICROSOFT
EP2-27220,,1165.26,2,instock,yes,PRO 12 SDP/16/1TB PLAT W11P,MICROSOFT
EP2-20144,,1253.82,631,instock,yes,PRO11 INT CU5/16/512GB PLAT W11P,MICROSOFT
EP2-20095,,1151.91,1,instock,yes,*Non Cancellable/Non Returnable (NCNR)* PRO 11 INT CU5/16/256 EUR BLK W11P,MICROSOFT
EP2-20093,,1180.03,186,instock,yes,PRO11 INT CU5/16/256GB BLK W11P,MICROSOFT
ZDW-00021,,1297.79,1,instock,yes,PRO 10 I7/16/512 BLK W11P,MICROSOFT
EP2-61478,,1180.03,4,instock,yes,PRO 13 M10/16/256 PLAT W11P,MICROSOFT
EP2-20246,,1442.06,18,instock,yes,PRO11 INT CU7/16/512GB PLAT W11P,MICROSOFT
EP2-61757,,1730.63,3,instock,yes,PRO 13 M12/32/512 OLED PLAT W11P,MICROSOFT
EP2-54682,,1349.76,140,instock,yes,PRO 13 CU5/16/256 PLAT W11P,MICROSOFT
PBAX0005GB,0840493610825,1318.37,2,instock,yes,MOTO RAZR70 FOLD LILY WHITE,MOTOROLA
PBAU0001GB,0840493610221,147.14,5,instock,yes,MOTO G67 128GB NILE GREEN,MOTOROLA
PBAW0000GB,0840493610238,183.67,4,instock,yes,MOTOROLA G77 128GB BLACK,MOTOROLA
PB1J0006GB,,439.8,1,instock,yes,*Non Cancellable/Non Returnable (NCNR)* EDGE 50 PRO BLACK BEAUTY,MOTOROLA
PAV00002GB,0840023000000,257.14,4,instock,yes,*Non Cancellable/Non Returnable (NCNR)* EDGE 30 NEO BLACK 8GB + 128GB,MOTOROLA
PB200015GB,,586.73,4,instock,yes,MOTO RAZR50 KOALA GREY,MOTOROLA
PBAU0000GB,0840493610214,161.73,151,instock,yes,MOTO G67 128GB SEAL GREY,MOTOROLA
PBB60000GB,0840493609812,586.73,3,instock,yes,MOTO RAZR 70 HEMATITE,MOTOROLA
PBAB0000GB,0840493604848,660.2,10,instock,yes,MOTO EDGE 70 SIGNUTURE,MOTOROLA
PB980017GB,0840493601762,110.82,3215,instock,yes,MOTO G06 4+64 BLUE,MOTOROLA
PB3Y0021GB,,257.14,4138,instock,yes,MOT G75 5G GREY 8+128 BD,MOTOROLA
4059,7350105214059,109.94,4,instock,yes,*Non Cancellable/Non Returnable (NCNR)* WALLMOUNT PRO 400 FIXED BLACK,MULTIBRACKETS
4627,7350073734627,269.23,13,instock,yes,*Non Cancellable/Non Returnable (NCNR)* STAND 180 + SHELF & CAMERA HOLDER,MULTIBRACKETS
5853-B,7350070000000,129.14,7,instock,yes,*Non Cancellable/Non Returnable (NCNR)* M VESA DESKMOUNT OFFICELINE DUAL B,MULTIBRACKETS
1008B,7350073731008,26.92,22,instock,yes,UNIVERSAL WALL MOUNT FIXED M,MULTIBRACKETS
3323,,51.06,3,instock,yes,*Non Cancellable/Non Returnable (NCNR)* DESKSTAND BASIC SINGLE,MULTIBRACKETS
6645,7350073736645,76.66,5,instock,yes,*Non Cancellable/Non Returnable (NCNR)* M PRO SERIES SOUNDBAR HOLDER,MULTIBRACKETS
JW118A,0190017020181,3.09,1,instock,yes,PC-AC-EC CONT EURO AC POWER CORD,HEWLETT PACKARD ENTERPRISE
S0J41A,,19.05,20,instock,yes,HPE ARUBA NETWORKING AP-500H-MNTD2,HEWLETT PACKARD ENTERPRISE
R3J16A,,10.31,7,instock,yes,AP-MNT-B AP MOUNT BRACKET INDIVIDUA,HEWLETT PACKARD ENTERPRISE
R3J17A,,10.31,1,instock,yes,AP-MNT-C AP MOUNT BRACKET INDIVIDUA,HEWLETT PACKARD ENTERPRISE
R2H28A,,279.98,37,instock,yes,ARUBA AP-505 (RW) UNIFIED AP,HEWLETT PACKARD ENTERPRISE
R3V46A,,279.98,10,instock,yes,ARUBA AP-505H (RW) UNIFIED AP,HEWLETT PACKARD ENTERPRISE
R6W11A,,91.86,6,instock,yes,AP-270-MNT-H3 270 SERIES MT KIT,HEWLETT PACKARD ENTERPRISE
S1F84A,,312.31,9,instock,yes,HPE ANW AP-ANT-348 ANTENNA,HEWLETT PACKARD ENTERPRISE
JW023A,0190017019239,192.56,25,instock,yes,ANT-2X2-2005 PAIR 2.4G 5.0DBI OMNI,HEWLETT PACKARD ENTERPRISE
S1F82A,,206.16,2,instock,yes,HPE ANW AP-ANT-340 ANTENNA,HEWLETT PACKARD ENTERPRISE
R4W43A,,521.05,22,instock,yes,ARUBA AP-565 (RW) OUTDOOR 11AX AP,HEWLETT PACKARD ENTERPRISE
S1F87A,,238.14,31,instock,yes,HPE ANW AP-ANT-328 ANTENNA,HEWLETT PACKARD ENTERPRISE
S1J09A,,54.02,12,instock,yes,HPE ARUBA NETWORKING AP-ANT-MNT-U MO,HEWLETT PACKARD ENTERPRISE
R7J38A,,1161.46,22,instock,yes,ARUBA AP-655 (RW) CAMPUS AP,HEWLETT PACKARD ENTERPRISE
R7J27A,,458.05,400,instock,yes,ARUBA AP-635 (RW) CAMPUS AP,HEWLETT PACKARD ENTERPRISE
R1C72A,,192.56,13,instock,yes,AP-MNT-MP10-E AP MOUNT BRACKET 10-PA,HEWLETT PACKARD ENTERPRISE
S4K10A,,1320.0,9,instock,yes,HPE ANW AP-763 (RW) INDOOR AP,HEWLETT PACKARD ENTERPRISE
S1G42A,,949.86,137,instock,yes,HPE ANW AP-735 (RW) CAMPUS AP,HEWLETT PACKARD ENTERPRISE
Q9H57A,,786.56,9,instock,yes,ARUBA AP-514 (RW) UNIFIED AP,HEWLETT PACKARD ENTERPRISE
N7502B01-1GU10,4895263603404,10.73,56,instock,yes,MATTER WI-FI GU10 SMART BULB 1PK,NANOLEAF
N6900K01-43LS,4895263603466,54.69,12,instock,yes,NANOLEAF 4D V2,NANOLEAF
NL52K3002HB13PK,0840102703924,160.42,4,instock,yes,ELEMENTS HEXAGONS STARTER KIT - 13PK,NANOLEAF
N8100E00-2BSH,4895263600571,10.73,2,instock,yes,BLOCKS SHELF EXPANSION PACK 2 PACK,NANOLEAF
N7501B01-2A60E,4895263602704,16.15,23,instock,yes,MATTER WI-FI E27 SMART BULB 2PK,NANOLEAF
NL47-0002TW-9PK,0840102701777,90.63,6,instock,yes,SHAPES TRIANGLES STARTER KIT - 9PK,NANOLEAF
NL59E00-3SN00,4897105332039,22.4,10,instock,yes,LINES SQUARED EXP 3 PACK,NANOLEAF
N8100E00-4SS,4895263600557,21.88,9,instock,yes,BLOCKS SMALL SQUARES EXP 4 PACK,NANOLEAF
NL59-0001BM-9PK,4897105330530,8.13,13,instock,yes,NANOLEAF LINES SKIN BLACK MATTE 9PCS,NANOLEAF
NLRLTPK0101A203,4895263604456,67.71,12,instock,yes,NANOLEAF RED LIGHT THERAPY PANEL,NANOLEAF
NL7204K0101A070,4895263604760,39.06,8,instock,yes,NANOLEAF FLOOR LAMP WHITE,NANOLEAF
NL42-0002HX-9PK,0840102700657,90.63,3,instock,yes,SHAPES HEXAGONS STARTER KIT 9 PANELS,NANOLEAF
SQFX01E00-1WT,4897105330851,33.33,12,instock,yes,X FANTAQI EXPO SMART LED DISPLAY CAS,NANOLEAF
59K0002LW9PKUK,4897105330059,90.63,9,instock,yes,LINES STARTER KIT - 9 LIGHT LINES,NANOLEAF
N8100E00-2BS,4895263600564,27.08,5,instock,yes,BLOCKS SQUARES EXPANSION PACK 2 PACK,NANOLEAF
N7502B01-3GU10,4895263603411,27.08,36,instock,yes,MATTER WI-FI GU10 SMART BULB 3PK,NANOLEAF
N7601K00-1LS4D,4895263603220,21.88,13,instock,yes,NANOLEAF PC SCREEN MIRROR LIGHTSTRIP,NANOLEAF
NC04-0051,0840102700992,12.5,33,instock,yes,SHAPES 42W ADDITIONAL POWER SUPPLY,NANOLEAF
NL476002TW15PK,0840102701692,130.21,12,instock,yes,SHAPES TRIANGLES STARTER KIT - 15PK,NANOLEAF
N7401K01-15POL,4895263600427,94.79,5,instock,yes,OUTDOOR LIGHT STARTER KIT 15M,NANOLEAF
N8100K01-6BS,4895263600595,82.29,15,instock,yes,BLOCKS BIG SQUARES STARTER KIT 6 PCK,NANOLEAF
NL481101TW10PK,4897105338260,48.96,22,instock,yes,SHAPES BLACK MINI TRIANGLES EXP 10PK,NANOLEAF
NF084E00-20SLO,4897105338314,38.02,2,instock,yes,ESSENTIALS MATTER SMART MULTICOLOUR,NANOLEAF
NL52K7002HB7PK,0840102701678,100.0,4,instock,yes,WOOD LOOK HEXAGONS STARTER KIT X 7,NANOLEAF
N7401E00-5POL,4895263600397,27.08,8,instock,yes,PERMANENT OUTDOOR LIGHT EXP PACK 5M,NANOLEAF
NF083K02-3SL,4897105334347,112.5,6,instock,yes,NANOLEAF SKYLIGHT STARTER KIT - 3PK,NANOLEAF
NF082K01-52LS,4897105333746,67.71,6,instock,yes,4D SCREEN MIRROR + LIGHTSTRIP KIT 85,NANOLEAF
59K6002LW15PKUK,4897105330141,130.21,15,instock,yes,LINES STARTER KIT -15 LIGHT LINES,NANOLEAF
NF083E00-1SL,4897105334323,33.33,4,instock,yes,SKYLIGHT EXPANSION PACK - 1PK,NANOLEAF
NL42-0102HX-9PK,4897105335931,90.63,5,instock,yes,HEXAGONS ULTRA BLACK START 9PK,NANOLEAF
NL52E0001HB3PK,0840102701661,33.33,2,instock,yes,WOOD LOOK HEXAGONS EXP  3 PACK,NANOLEAF
NC04-0070,0840102702521,5.42,100,instock,yes,NANOLEAF SHAPES FLEXIBLE LINKERS,NANOLEAF
NLLTWDK0001A223,4895263604449,54.69,17,instock,yes,NANOLEAF 6-IN-1 LIGHT THERAPY WAND,NANOLEAF
N7602K00-1LB,4895263603220,33.33,10,instock,yes,NANOLEAF PEGBOARD DESK DOCK,NANOLEAF
NL59E0001LW3PK,4897105330035,22.4,12,instock,yes,LINES EXPANSION 3 PACK,NANOLEAF
N7102K01-25HSL,4895263600045,48.96,8,instock,yes,ESSENTIALS MATTER SMART STRING HOLID,NANOLEAF
NL59-0001PM-9PK,4897105330547,8.13,16,instock,yes,NANOLEAF LINES SKIN PINK MATTE 9PCS,NANOLEAF
NC59-0004,4897105330523,7.08,70,instock,yes,NANOLEAF LINES FLEXIBLE CONNECTORS,NANOLEAF
AR-750E9DE1CN0,,169.7,2,instock,yes,AR STOCK NOKIA XR20 5G GREY,NOKIA
A11300012,,39.49,3,instock,yes,CMF HEADPHONE PRO LIGHT GREEN,NOTHING TECH
A11300030,6974434227439,84.93,20,instock,yes,NOTHING HEADPHONE A PINK,NOTHING TECH
A10600125,,84.93,1,instock,yes,NOTHING EAR 3 WHITE,NOTHING TECH
A10600100,6974434225039,19.5,3,instock,yes,CMF BUDS 2 ORANGE,NOTHING TECH
A10600121,,84.93,74,instock,yes,NOTHING EAR 3 BLACK,NOTHING TECH
A10600107,6974434225176,14.5,9,instock,yes,CMF BUDS 2A DARK GREY,NOTHING TECH
A11300038,6974434227569,84.93,11,instock,yes,NOTHING HEADPHONE A YELLOW,NOTHING TECH
A11200009,6974434228122,50.73,12,instock,yes,NOTHING EAR OPEN BLUE,NOTHING TECH
C60300046,6974434228450,0.01,2,instock,yes,NOTHING PHONE 4A PRO DUMMY PINK,NOTHING TECH
A10400281,6974434227668,307.08,39,instock,yes,NOTHING PHONE 4A 12 256GB BLUE,NOTHING TECH
A10400280,6974434227651,307.08,11,instock,yes,NOTHING PHONE 4A 12 256GB PINK,NOTHING TECH
A10400335,6974434228153,395.99,150,instock,yes,NOTHING PHONE 4A) PRO 8+128GB SILVER,NOTHING TECH
A10400279,6974434227644,307.08,2,instock,yes,NOTHING PHONE 4A 12 256GB WHITE,NOTHING TECH
A10400278,6974434227613,259.21,5,instock,yes,NOTHING PHONE 4A 8 128GB BLACK,NOTHING TECH
A10400277,6974434227620,259.21,8,instock,yes,NOTHING PHONE 4A 8 128GB WHITE,NOTHING TECH
A10400276,6974434227637,307.08,3,instock,yes,NOTHING PHONE 4A 12 256GB BLACK,NOTHING TECH
SP.72801GC01,5055387634473,46.81,10,instock,yes,CARRY BAG L (GT5000/+/GT5500/+/EH504,OPTOMA
OWM3001ST,5055387668171,119.15,6,instock,yes,COMPACT TELESCOPIC ARM,OPTOMA
H1AX00000246,,52.13,8,instock,yes,AZ832-HH WIFI DONGLE 3 SERIE / GE,OPTOMA
W3P00000021,5055387668904,78.72,1,instock,yes,WHD221,OPTOMA
H1AX00000276,,52.13,6,instock,yes,WIB6560A 55IN & 65IN FP WALL MOUNT,OPTOMA
H1AX00000284,5055387665880,44.68,2,instock,yes,IFPD WIFI AND BLUETOOTH MODULE SI07E,OPTOMA
W3F00000051,5055387668645,44.68,28,instock,yes,OWMFP05 WALL MOUNT FOR IFP DISPLAYS,OPTOMA
W3FA0000071,5055387668768,52.13,6,instock,yes,WIRELESS MODULE,OPTOMA
OCM818W-RU,5060059046744,46.81,4,instock,yes,UNIVERSAL FLUSH CEILING MOUNT WHITE,OPTOMA
E3P7P81E111,5055387669062,1582.98,1,instock,yes,ZH551 LASER PROJECTOR,OPTOMA
DS-9092PWC,5060059049714,174.47,19,instock,yes,DS-9092PWC 92IN 16:9 MANUAL SCREEN,OPTOMA
75.7EE05G001,5055387667914,46.81,5,instock,yes,EZC-USB WIFI DONGLE,OPTOMA
H1AX00000270,5055387667563,390.43,3,instock,yes,OCH100 OPTOMA HUB,OPTOMA
OWM3000,,78.72,5,instock,yes,UST WALL MOUNT,OPTOMA
H1AX00000257,,52.13,16,instock,yes,WIB9080A 75IN + FP WALL MOUNT,OPTOMA
SP.7AZR1GR01,5055387665590,24.47,4,instock,yes,CARRY BAG,OPTOMA
77-96369,0840304771912,12.91,2,instock,yes,OB SYMMETRY MAGSAFE IPHONE 16 CLR,OTTERBOX
77-96245,0840304770694,9.7,173,instock,yes,OTTERBOX REACT MAGSAFE IPHONE 16 CLR,OTTERBOX
77-96247,0840304770717,9.7,2,instock,yes,OB REACT MAGSAFE IPHONE 16 PURPLE,OTTERBOX
77-94860,0840305000000,11.3,9,instock,yes,EOL OTTERBOX SYMMETRY S23 FE BLACK,OTTERBOX
77-95393,0840304760725,8.07,1,instock,yes,OTTERBOX REACT SAMSUNG A35 - CLEAR,OTTERBOX
77-96364,0840305000000,12.91,12,instock,yes,OB SYMMETRY MAGSAFE HICHEW BLUE,OTTERBOX
77-96243,0840304770670,9.7,14,instock,yes,OTTERBOX REACT MAGSAFE IPHONE 16 BLK,OTTERBOX
77-000450,0840434758944,8.07,17,instock,yes,OTTERBOX REACT A57 CLEAR/BLACK,OTTERBOX
77-96259,0840304770830,9.7,314,instock,yes,OB REACT MAGSAFE IPHONE16 PROMAX BLK,OTTERBOX
77-96255,0840304770793,9.7,2,instock,yes,OB REACT MAGSAFE IPHONE16 PRO PURPLE,OTTERBOX
77-96251,0840304770755,9.7,25,instock,yes,OTTERBOX REACT MAG IPHONE 16 PRO BLK,OTTERBOX
77-96253,0840304770779,9.7,2,instock,yes,OB REACT MAGSAFE IPHONE 16 PRO CLR,OTTERBOX
77-95817,0840305000000,12.91,2,instock,yes,OTTERBOX THIN FLEX Z FLIP6 CLEAR,OTTERBOX
77-94608,0840305000000,11.3,4,instock,yes,EOLOTTERBOX SYMMETRY S24 ULTRA CLEAR,OTTERBOX
77-95810,0840305000000,12.91,5,instock,yes,EOL OTTERBOX THIN FLEX Z FOLD6 CLEAR,OTTERBOX
77-97796,0840304795642,8.07,52,instock,yes,OTTERBOX REACT A56 CLR RETAIL,OTTERBOX
77-99972,0840434746927,14.54,21,instock,yes,OTTERBOX SYMMETRY CLEAR MAGNETS SAMS,OTTERBOX
77-99971,0840434746903,14.54,14,instock,yes,OTTERBOX SYMMETRY CLEAR MAGNETS SAMS,OTTERBOX
77-97791,0840304795543,8.07,17,instock,yes,OTTERBOX REACT A56 BLK RETAIL,OTTERBOX
77-99970,0840434746880,14.54,27,instock,yes,OTTERBOX SYMMETRY CLEAR MAGNETS SAMS,OTTERBOX
77-96580,0840304774005,12.91,17,instock,yes,OB SYMMETRY MAG IPHONE16 PROMAX BLK,OTTERBOX
77-000474,0840434759446,8.07,18,instock,yes,OTTERBOX REACT A37 5G CLEAR/BLACK,OTTERBOX
77-99294,0840434730384,9.7,29,instock,yes,OTTERBOX REACT MAGSAFE  IPHONE 17 PR,OTTERBOX
77-96237,0840304770618,9.7,8,instock,yes,OTTERBOX REACT MAG IPHONE16 PLUS CLR,OTTERBOX
77-98536,0840434714360,19.38,20,instock,yes,OB DEFENDER PRO XT IPHONE17 PRO MAX,OTTERBOX
77-93089,0840304734658,12.91,5,instock,yes,EOLSYMMETRY MGSFE IPHNE 15PROMX STAR,OTTERBOX
77-96235,0840304770595,9.7,50,instock,yes,OTTERBOX REACT MAG IPHONE16 PLUS BLK,OTTERBOX
77-95020,0840304756186,35.54,18,instock,yes,OTTERBOX DEFENDER KICKSTAND W/HANDST,OTTERBOX
77-99282,0840434730209,9.7,160,instock,yes,OB REACT MS  IPHONE17 PRO MAX CLR RT,OTTERBOX
77-99280,0840434730162,9.7,8,instock,yes,OB REACT MS IPHONE 17 PRO CLR RT,OTTERBOX
77-000019,0840434747849,14.54,43,instock,yes,OTTERBOX SYMMETRY MAGNETS SAMSUNG GA,OTTERBOX
77-97534,0840304783724,16.15,93,instock,yes,OB DEFENDER MAG IPHONE 15/14/13 RT,OTTERBOX
77-93178,0840304735488,16.15,16,instock,yes,EOL OTTGRIP SYM IPHNE 15 PROMAX BLUE,OTTERBOX
77-97774,0840304795208,16.15,27,instock,yes,OTTERBOX DEFENDER XCOVER7PRO PROPACK,OTTERBOX
77-98500,0840434713646,19.38,19,instock,yes,OB DEFENDER PRO XT IPHONEAIR CLR-BLK,OTTERBOX
77-96561,0840304773817,12.91,5,instock,yes,OB SYMMETRY MAG IPHONE 16 PRO BLK,OTTERBOX
77-93053,0840304734306,12.91,1,instock,yes,SYMMETRY CLEAR MAGSAFE IPHONE 15 PLU,OTTERBOX
77-99276,0840434730087,9.7,291,instock,yes,OTTERBOX REACT MAGSAFE IPHONE 17 RT,OTTERBOX
77-98062,0840434703364,7.07,4,instock,yes,OB PREM GLASS GOOGLE PIX 10 P XL CLR,OTTERBOX
77-93170,0840304735419,16.15,13,instock,yes,EOL OTTGRIP SYM IPHONE 15 PROMAX BLK,OTTERBOX
77-99291,0840434730445,9.7,3,instock,yes,OTTERBOX REACT MS  IPHONE 17 PRO MAX,OTTERBOX
77-92897,0840304732777,12.91,2,instock,yes,EOL SYMM  MAGSAF IPHNE15 PRO MAX BLK,OTTERBOX
77-97788,0840304795482,16.15,384,instock,yes,OTTERBOX DEFENDER A56 RETAIL,OTTERBOX
77-96576,0840305000000,12.91,9,instock,yes,OB SYMMETRY MAGSAFE TWIZZLERS ROSE,OTTERBOX
77-97787,0840304795468,5.65,10,instock,yes,OTTERBOX GLASS A36/A56/A37 RETAIL,OTTERBOX
77-98876,0840434721160,14.54,67,instock,yes,OB SYMM MS IPHONE 17 PRO MAX BLK RT,OTTERBOX
77-98631,0840434716265,9.7,25,instock,yes,OB REACT MS IPHONE 17 PRO BLK RT,OTTERBOX
77-97785,0840304795420,8.07,6,instock,yes,OTTERBOX REACT A36 CLR RETAIL,OTTERBOX
77-93061,0840304734382,12.91,3,instock,yes,EOL SYMETRY MAGSFE IPHNE 15/14 PLUS,OTTERBOX
77-99288,0840434730261,9.7,10,instock,yes,OTTERBOX REACT MAGSAFE  IPHONE17 BLK,OTTERBOX
77-82261,,36.44,37,instock,yes,OTTERBOX DEFENDER APPLE IPAD PRO 11',OTTERBOX
77-92866,0840304732470,12.91,8,instock,yes,EOLSYMMETRY MGSFE IPHONE 15 PLUS BLK,OTTERBOX
77-96429,0840304772490,12.91,1,instock,yes,OB SYMM MAG IPHONE16 PROMAX STARDUST,OTTERBOX
77-93950,0840304743520,14.13,21,instock,yes,OB PREMIUM GLASS 10TH/11TH GENRETAIL,OTTERBOX
77-97513,0840304786367,12.91,16,instock,yes,OTTERBOX SYMM MAGNET S25 ULTRA BLACK,OTTERBOX
77-93034,0840304734122,12.91,10,instock,yes,EOLSYMMETRY MAGSFE IPHNE 15 PRO STAR,OTTERBOX
77-96542,0840304773626,12.91,1,instock,yes,OTTERBOX SYMMETRY MAG IPHONE 16 BLK,OTTERBOX
77-93152,0840304735242,16.15,16,instock,yes,EOL OTTGRIP SYM IPHONE 15 P/14 P BLK,OTTERBOX
77-000033,0840434748129,7.07,5,instock,yes,OTTERBOX GLASS SAMSUNG GALAXY S26 UL,OTTERBOX
77-96557,0840305000000,12.91,14,instock,yes,EOL OB SYMMETRY MAGSAFE REESES ROSE,OTTERBOX
77-98614,0840434715923,9.7,6,instock,yes,OTTERBOX REACT MS IPHONE AIR ROSE RT,OTTERBOX
77-98851,0840434720668,14.54,4,instock,yes,OB SYMM CLEAR MS IPHONE17 PRO BLK RT,OTTERBOX
77-97763,0840304794980,7.07,219,instock,yes,OTTERBOX PREM GLASS GOOGLE PIXEL 9A,OTTERBOX
77-93160,0840304735310,16.15,10,instock,yes,EOLOTTGRIP SYMM IPHNE 15 P/14 P BLUE,OTTERBOX
77-97761,0840304794942,8.07,78,instock,yes,OTTERBOX REACT GOOGLE PIXEL 9A CLEAR,OTTERBOX
77-95220,0840304758647,36.44,3,instock,yes,OTTERBOX DEFENDER APPLE IPAD AIR 11,OTTERBOX
77-000020,0840434747863,14.54,28,instock,yes,OTTERBOX SYMMETRY MAGNETS SAMSUNG GA,OTTERBOX
77-000021,0840434747887,14.54,27,instock,yes,OTTERBOX SYMMETRY MAGNETS SAMSUNG GA,OTTERBOX
77-93936,0840304743384,5.65,7,instock,yes,OTTERBOX GLASS APPLE IPHONE 15 - CLE,OTTERBOX
77-96523,0840304773435,12.91,20,instock,yes,OB SYMMETRY MAG IPHONE16 PLUS BLK,OTTERBOX
77-92841,0840304732234,12.91,5,instock,yes,EOL SYMMETRY MGSFE IPHNE 15 PRO BLUE,OTTERBOX
77-94584,0840305000000,11.3,2,instock,yes,EOL OTTERBOX SYMMETRY S24 CLEAR,OTTERBOX
77-93133,0840304735075,16.15,12,instock,yes,EOL OTTERGRIP SYMM IPHONE 15 PRO BLK,OTTERBOX
77-92280,0840304726356,14.54,7,instock,yes,EOLREACT NECKLACE MGSF IPHONE 14 CLR,OTTERBOX
77-91194,0840304713769,11.3,4,instock,yes,SYMMETRY SAMSUNG GALAXY S23+ CLR,OTTERBOX
77-98262,0840434708642,17.76,24,instock,yes,OB D XT CLR MAG G PIX 10 PRO BC BLU,OTTERBOX
77-98142,0840434705122,12.91,52,instock,yes,OB SYM CLR MAG G PIX 10 P XL CLR,OTTERBOX
77-87829,0840262373524,6.46,13,instock,yes,EOLOTTERBOX CASE AIRPODS 3 BLACK,OTTERBOX
77-83342,0840104000000,16.15,28,instock,yes,OB SYMMETRY IPHONE 12/PRO CLEAR,OTTERBOX
77-92853,0840305000000,12.91,10,instock,yes,EOL OB SYMMETRY MAGSAFE 15 PRO ROSE,OTTERBOX
77-96417,0840304772377,12.91,4,instock,yes,OB SYMMETRY MAGIPHONE 16 PRO MAX CLR,OTTERBOX
77-96538,0840305000000,12.91,13,instock,yes,OB SYMMETRY MAGSAFE HICHEW ROSE,OTTERBOX
77-93026,0840304734047,12.91,1,instock,yes,SYMMETRY CLEAR MAGSAFE IPHONE 15 PRO,OTTERBOX
77-97500,0840304784387,8.07,1,instock,yes,OTTERBOX REACT S25 ULTRA CLEAR,OTTERBOX
77-96412,0840305000000,12.91,6,instock,yes,OB SYMMETRY MAGSAFE TWIZZLERS BLUE,OTTERBOX
77-94596,0840305000000,11.3,8,instock,yes,OTTERBOX SYMMETRY S24+ CLEAR,OTTERBOX
77-93141,0840304735143,16.15,16,instock,yes,EOLOTTERGRIP SYMM IPHONE 15 PRO BLUE,OTTERBOX
77-98394,0840434711529,19.38,36,instock,yes,OB DEFENDER PRO MS IPHONE 17 PRO MAX,OTTERBOX
77-97718,0840304791606,5.65,27,instock,yes,OTTERBOX GLASS A26 CLR RETAIL,OTTERBOX
77-97714,0840304791521,5.65,18,instock,yes,OTTERBOX GLASS GALAXY A16 CLR,OTTERBOX
77-97833,0840304796502,11.3,39,instock,yes,OTTERBOX REACT FOLIO S25 ULTRA BLACK,OTTERBOX
77-94442,0840305000000,11.3,1,instock,yes,OTTERBOX SYMMETRY S23 FE CLEAR,OTTERBOX
77-95652,0840305000000,11.3,5,instock,yes,OTTERBOX SYMMETRY CLEAR PIXEL9 PROXL,OTTERBOX
77-93592,0840304739516,14.54,8,instock,yes,EOL RCT NECKLACE MGSAFE IPHNE 15 CLR,OTTERBOX
77-97396,0840304784868,12.91,15,instock,yes,OTTERBOX SYMMETRY MAGNET S25 BLACK,OTTERBOX
77-87929,0840262374637,6.46,20,instock,yes,OTTERBOX RUGGED CASE FOR AIRTAG BLAC,OTTERBOX
77-84773,,12.91,1,instock,yes,SYMMETRY PLUS IPH 13 PRO CLR,OTTERBOX
77-92836,0840304732180,12.91,9,instock,yes,EOLSYMMETRY MGSAFE IPHONE 15 PRO BLK,OTTERBOX
77-95309,0840305000000,8.07,1,instock,yes,OTTERBOX REACT GOOGLE PIXEL 8A CLEAR,OTTERBOX
77-97844,0840304796960,7.07,20,instock,yes,OTTERBOX PREMIUM GLASS S25 ULTRA,OTTERBOX
77-92274,0840304726295,12.91,9,instock,yes,REACT NECKLACE IPHONE SE 8/7 - CLEAR,OTTERBOX
77-97840,0840304796885,7.07,6,instock,yes,OTTERBOX PREMIUM GLASS S25 CLEAR,OTTERBOX
77-92928,0840304733071,12.91,33,instock,yes,SYMMETRY MAGSAFE IPHONE 13/14/15 BLK,OTTERBOX
77-93579,0840304739387,14.54,10,instock,yes,REACT NECKLACE IPHONE 14/15 PLUS CLR,OTTERBOX
77-94545,0840305000000,11.3,7,instock,yes,OTTERBOX SYMMETRY S24+ BLACK,OTTERBOX
77-99438,0840434733767,14.54,3,instock,yes,OTTERBOX SYMM MS IPHONE17 PRO MAX BL,OTTERBOX
77-96167,0840304769919,5.65,2,instock,yes,OTTERBOX GLASS IPHONE 16,OTTERBOX
77-93573,0840304739325,14.54,8,instock,yes,EOL RCT NCKLACE IPHONE 15 PRO CLR,OTTERBOX
77-97378,0840304785445,8.07,8,instock,yes,OTTERBOX REACT SAMSUNG GALAXYS25 CLR,OTTERBOX
77-96163,0840304769872,5.65,65,instock,yes,OTTERBOX GLASS IPHONE 16 PLUS CLR,OTTERBOX
77-95198,0840304758395,8.07,46,instock,yes,OTTERBOX REACT SAMSUNG A15 CLEAR,OTTERBOX
77-88305,0840262379267,7.07,20,instock,yes,ALPHA GLASS IPHONE SE - CLEAR,OTTERBOX
77-95194,0840305000000,8.07,3,instock,yes,OTTERBOX REACT GALAXY A15/A15 BLACK,OTTERBOX
77-94559,0840305000000,11.3,3,instock,yes,EOLOTTERBOX SYMMETRY S24 ULTRA BLACK,OTTERBOX
77-92933,0840304733125,12.91,7,instock,yes,SYMMETRY MAGSAFE IPHONE15/14/13 BLUE,OTTERBOX
77-93586,0840304739455,14.54,5,instock,yes,EOL RCT NCKLACE IPHONE 15 PROMAX CLR,OTTERBOX
77-93589,0840304739486,14.54,10,instock,yes,EOL RCT NCKLACE IPHNE 15 PROMAX STAR,OTTERBOX
77-96171,0840304769957,5.65,236,instock,yes,OTTERBOX GLASS IPHONE 16 PRO,OTTERBOX
77-98591,0840434715466,9.7,45,instock,yes,OTTERBOX REACT MS  IPHONE 17 BLK RT,OTTERBOX
77-56603-1,,16.15,130,instock,yes,DEFENDER IPHONE SE/7/8 BLACK,OTTERBOX
78-81348,0840304749706,18.17,68,instock,yes,OTTERBOX UK WALL CHARGER 65W GAN,OTTERBOX
77-95619,0840305000000,11.3,4,instock,yes,OTTERBOX SYMMETRY CLEAR PIXEL9/PRO,OTTERBOX
77-92902,0840304732821,12.91,7,instock,yes,SYMMETRY MAGSAFE IPHONE15PROMAX BLUE,OTTERBOX
77-99417,0840434733408,14.54,19,instock,yes,OTTERBOX SYMMETRY MS IPHONE 17 BLACK,OTTERBOX
77-96388,0840305000000,12.91,9,instock,yes,EOL OB SYMMETRY MAGSAFE REESES BLUE,OTTERBOX
77-96263,0840304770878,9.7,3,instock,yes,OB REACT MAG IPHONE16 PRO MAX PURPLE,OTTERBOX
77-98684,0840434717323,7.07,10,instock,yes,OTTERBOX GLASS IPHONE 17 PRO,OTTERBOX
77-98682,0840434717286,7.07,3,instock,yes,OTTERBOX GLASS  IPHONE 17 PRO RT,OTTERBOX
78-81344,0840304749669,7.26,404,instock,yes,OTTERBOX UK WALL CHARGER 20W USB-C,OTTERBOX
77-96261,0840304770854,9.7,314,instock,yes,OB REACT MAG IPHONE 16 PRO MAX CLR,OTTERBOX
78-81338,0840304749607,7.26,1,instock,yes,OTT EUWALL CHARGER 20WUSB-C 20W USB-,OTTERBOX
77-92914,0840305000000,12.91,10,instock,yes,EOL OB SYMMETRY MAGSFE 15 PRO M ROSE,OTTERBOX
77-96834,0840304776245,14.54,33,instock,yes,OB NECKLACE MAG IPHONE 16 PRO MAX CL,OTTERBOX
77-89067,0840262000000,12.91,2,instock,yes,OTTERBOX SYMMETRY IPHONE14PROMAX BLK,OTTERBOX
77-99669,0840434739509,12.91,96,instock,yes,OTTERBOX SYM MAGSAFE IPHONE 16 P - B,OTTERBOX
78-81451,0840304774852,17.76,7,instock,yes,OB SYMMETRY MAG & GLASS IPHONE16 PRO,OTTERBOX
78-81450,0840304774845,17.76,1,instock,yes,OB SYMMETRY MAGSAFE GLASS IPHONE 16,OTTERBOX
77-96393,0840304772148,12.91,4,instock,yes,OB SYMMETRY MAGSAFE IPHONE16 PRO CLR,OTTERBOX
78-81452,0840304774869,17.76,7,instock,yes,OB SYMM MAG & GLASS IPHONE16 PRO MAX,OTTERBOX
77-99083,0840434725502,15.06,4,instock,yes,OTTERBOX REACT A11+ BLK/CLR,OTTERBOX
77-000447,0840434758883,6.01,30,instock,yes,OTTERBOX REACT A57 BLK PROPACK,OTTERBOX
77-000448,0840434758906,6.01,5,instock,yes,OTTERBOX REACT A57 CLEAR,OTTERBOX
77-98190,0840435000000,12.91,108,instock,yes,OTTERBOX SYMMETRY CLEAR MAGSAFE APPL,OTTERBOX
77-98196,0840435000000,17.76,48,instock,yes,OTTERBOX DEFENDER XT CLEAR APPLE IPH,OTTERBOX
77-000037,0840434748204,7.07,19,instock,yes,OTTERBOX GLASS SAMSUNG GALAXY S26 -,OTTERBOX
77-93951,0840304743537,14.13,476,instock,yes,OTTERBOX PREMIUM GLASS 10TH/11TH GEN,OTTERBOX
77-93967,0840304743698,7.07,54,instock,yes,OTTERBOX PREMIUM GLASS IPHONE 15 CLE,OTTERBOX
77-95436,0840304761159,6.01,58,instock,yes,OTTERBOX REACT GALAXY XCOVER7 BLACK,OTTERBOX
78-81362,0840304749843,7.26,35,instock,yes,OTTERBOX EU WALL CHARGER 20W BLACK,OTTERBOX
78-81360,0840304749829,5.09,14,instock,yes,OTTERBOX USB-C-C 2M USB-PD W,OTTERBOX
78-81366,,4.52,91,instock,yes,OTTERBOX CABLE USB CC 1M USBPD,OTTERBOX
78-81365,0840304749874,7.37,111,instock,yes,OTTERBOX WALL CHARGER 30W BLK PRK,OTTERBOX
78-81359,0840304749812,4.52,65,instock,yes,OTTERBOX USB-C-C 1M USB-PD W,OTTERBOX
78-81356,,4.52,2,instock,yes,OTTERBOX STANDARD CABLE USB C-C 1M,OTTERBOX
77-000756,0840434767960,7.07,7,instock,yes,OTTERBOX GLASS A57,OTTERBOX
77-97719,0840304791620,4.48,50,instock,yes,OTTERBOX GLASS A26 CLR PROPACK,OTTERBOX
77-97715,0840304791545,4.48,15,instock,yes,OTTERBOX GLASS A16/A17,OTTERBOX
77-97841,0840304796908,7.07,94,instock,yes,OTTERBOX PREMIUMGLASS GALAXY S25,OTTERBOX
77-92033,,16.15,5,instock,yes,OTTERBOX DEFENDER SAMSUNG GALAXY A54,OTTERBOX
77-97828,0840304796403,12.91,3,instock,yes,OB REACT FOLIO MS IPHONE 15/14/13,OTTERBOX
77-94796,,6.01,6,instock,yes,OTTERBOX REACT GALAXY S24 CLEAR PRK,OTTERBOX
77-95401,0840304760800,6.01,27,instock,yes,OTTERBOX REACT GALAXY A35 5G CLR,OTTERBOX
77-95522,0840304762149,19.38,1,instock,yes,OTTERBOX SYMMETRY IPAD PRO 11 BLACK,OTTERBOX
78-81349,0840304749713,36.34,27,instock,yes,OTTERBOX UK WALL CHARGER 100W,OTTERBOX
78-80125,0840104235034,4.84,40,instock,yes,SHOULDER STRAP SYMM FOLIO/UNLIMITED,OTTERBOX
77-96718,0840304775958,16.15,46,instock,yes,OTTERBOX UNIVERSE TABACTIVE5 CLR/BLK,OTTERBOX
77-91384,0840304716043,9.67,17,instock,yes,UNIVERSE IPHONE 14 - BLACK,OTTERBOX
77-89953,0840262399678,36.44,38,instock,yes,OTTERBOX DEFENDER IPAD 10TH GEN BLK,OTTERBOX
77-95270,0840304759163,22.61,9,instock,yes,OTTERBOX SYMMETRY IPAD AIR 13 STARRY,OTTERBOX
77-97586,0840304788989,4.48,19,instock,yes,OTTERBOX REACT GALAXY S25 CLEAR,OTTERBOX
78-81548,5060000000000,35.54,25,instock,yes,ZENS SLIM A POWER B QI2 10K MAH B,OTTERBOX
77-99859,0840434744664,19.38,12,instock,yes,OTTERBOX DEFENDER PRO MAGNETS SAMSUN,OTTERBOX
77-97673,0840304790500,16.15,197,instock,yes,OB DEFENDER MS IPHONE16E15/14/13 PRK,OTTERBOX
77-97792,0840304795567,6.01,1909,instock,yes,OTTERBOX REACT A56 BLK PROPACK,OTTERBOX
77-95260,0840304759064,19.38,13,instock,yes,OB SYMMETRY FOLIO IPAD PRO 13 PUR,OTTERBOX
77-95119,0840304757381,16.15,16,instock,yes,OTTERBOX REACT FOLIO SAMSUNG S9 BLK,OTTERBOX
77-92089,,4.48,29,instock,yes,OTTERBOX TRUSTED GLASS GALAXY A54 5G,OTTERBOX
77-95007,0840304755936,36.44,9,instock,yes,OTTERBOX DEFENDER SAMSUNG A9+ BLACK,OTTERBOX
77-97789,0840304795505,16.15,124,instock,yes,OTTERBOX DEFENDER A56 PROPACK,OTTERBOX
77-95365,0840304760442,39.99,5,instock,yes,OTTERBOX DEFENDER IPAD PRO 13 BLACK,OTTERBOX
77-97786,0840304795444,4.48,117,instock,yes,OTTERBOX GLASS A36/A56/A37 CLR,OTTERBOX
77-95364,0840304760435,39.99,6,instock,yes,OTTERBOX DEFENDER IPAD AIR 13 BLACK,OTTERBOX
77-97663,0840304790265,8.07,50,instock,yes,OTTERBOX REACT A26 BLK PROPACK,OTTERBOX
77-95366,0840304760459,32.8,9,instock,yes,OTTERBOX DEFENDER IPAD PRO 11 BLACK,OTTERBOX
77-95363,0840304760428,36.44,3,instock,yes,OTTERBOX DEFENDER IPAD AIR 11 BLACK,OTTERBOX
77-97781,0840304795345,6.01,136,instock,yes,OTTERBOX REACT A36 BLK PROPACK,OTTERBOX
77-94126,0840304745371,12.91,49,instock,yes,SYMMETRY MS IPHONE16E/13/14/15BLK PP,OTTERBOX
77-92188,0840304743520,16.15,15,instock,yes,OTTERBOX REACT FOLIO APPLE IPAD 10TH,OTTERBOX
77-99701,0840434740161,12.91,19,instock,yes,OB SYMMETRY CLR MS  IPHONE 16 PRO MA,OTTERBOX
77-97400,0840304786985,12.91,19,instock,yes,OTTERBOX SYMM MAGNET GALAXY S25 BLK,OTTERBOX
77-92191,,16.15,246,instock,yes,REACT FOLIO IPAD 10TH GEN BLACK,OTTERBOX
77-93937,0840304743391,4.48,19,instock,yes,OTTERBOX GLASS IPHONE 15 CLR,OTTERBOX
77-91637,,6.01,1,instock,yes,REACT SAMSUNG A34 5G - BLACK,OTTERBOX
77-87478,0840104000000,29.16,76,instock,yes,OB DEFENDER IPAD MINI 6/7TH GEN BLK,OTTERBOX
77-93921,0840304743230,5.65,16,instock,yes,OTTERBOX GLASS IPHONE 15PRO CLEAR,OTTERBOX
77-96168,0840304769926,4.48,59,instock,yes,OTTERBOX GLASS IPHONE 16,OTTERBOX
77-95199,0840304758401,6.01,26,instock,yes,OTTERBOX REACT SAMSUNG A15 CLEAR PRK,OTTERBOX
77-65304,0840104214701,6.01,3,instock,yes,REACT IPHONE 12/IPHONE 12 PRO CLR,OTTERBOX
77-96164,0840304769889,4.48,42,instock,yes,OTTERBOX GLASS IPHONE 16 PLUS CLEAR,OTTERBOX
77-96176,0840304770007,4.48,8,instock,yes,OTTERBOX GLASS IPHONE 16 PRO MAX CLR,OTTERBOX
77-99683,0840434739783,12.91,35,instock,yes,OB SYMMETRY CLR MS  IPHONE 16  CLR,OTTERBOX
77-99682,0840434739769,12.91,16,instock,yes,OB SYMMETRY MS  IPHONE 16  BLK,OTTERBOX
77-55769,,11.3,111,instock,yes,OB SYMMETRY IPHONE SE BLACK P,OTTERBOX
77-98209,0840435000000,5.65,216,instock,yes,OTTERBOX GLASS IPHONE 17E/16E/14/13,OTTERBOX
77-98204,0840435000000,7.66,272,instock,yes,OTTERBOX REACT 16E/15/14/13 BLK PP,OTTERBOX
77-98203,0840435000000,9.7,67,instock,yes,OTTERBOX REACT MAGSAFE APPLE IPHONE,OTTERBOX
77-95295,0840304759415,11.3,5,instock,yes,OTTERBOX GLASS IPAD AIR 11,OTTERBOX
77-98211,0840435000000,4.48,276,instock,yes,OTTERBOX GLASS IPHONE16E/14/13/13 PP,OTTERBOX
77-98212,0840435000000,5.36,298,instock,yes,OTTERBOX GLASS APPLE IPHONE 16E/14/1,OTTERBOX
77-96394,0840304772155,12.91,1,instock,yes,OB SYMMETRY MAG IPHONE 16 PRO CLR,OTTERBOX
77-97361,0840304787227,16.15,246,instock,yes,OTTERBOX DEFENDER GALAXY S25 BLACK,OTTERBOX
BM5L7EA#ABU,0199251269714,441.39,1,instock,yes,24-CR0063NA I3 N300 8GB 256GB  WHT,HEWLETT PACKARD INCORPORATED
BQ0F1EA#ABU,0199251421488,762.41,1,instock,yes,M02-0003NA R7 8700G 16GB 2TB GREY,HEWLETT PACKARD INCORPORATED
BQ0F2EA#ABU,0199251421501,545.73,1,instock,yes,M02-0005NA R5 8500G8GB 1TB W11 GREY,HEWLETT PACKARD INCORPORATED
BG3D7EA#ABU,0199251074929,774.54,1,instock,yes,13-BG1002NA RAI 7 350 16G 1T W11 SLV,HEWLETT PACKARD INCORPORATED
926L4EA#ABU,0197498775531,369.53,1,instock,yes,15-FC0038NA R3-7320U 8GB 256GB BLACK,HEWLETT PACKARD INCORPORATED
C7DX5EA#ABU,0199642188853,456.12,1,instock,yes,14-EP0022NA I5-1334U 8GB 256GB W11H,HEWLETT PACKARD INCORPORATED
C7DX4EA#ABU,0199642188846,602.42,1,instock,yes,14-EP0021NA I7-1355U 8GB 512GB W11H,HEWLETT PACKARD INCORPORATED
BM2T5EA#ABU,0199251257780,205.29,4,instock,yes,^14-DQ6002NA N150 4GB 128GB W11 BLK,HEWLETT PACKARD INCORPORATED
C7DX6EA#ABU,0199642188860,360.82,1,instock,yes,14-EP0023NA I3-N305 8GB 128GB W11H,HEWLETT PACKARD INCORPORATED
BM2T8EA#ABU,0199251257834,188.87,1,instock,yes,14S-DQ3001NA CEL N4500 4GB 64GB BLK,HEWLETT PACKARD INCORPORATED
BQ7V2EA#ABU,0199251461460,348.54,42,instock,yes,15-FD0058NA I3-N305 8G 256GB W11 BLK,HEWLETT PACKARD INCORPORATED
BV3H5EA#ABU,,774.54,2,instock,yes,16-AG1009NA RAI 5 340 16GB 1TB 840M,HEWLETT PACKARD INCORPORATED
877A7EA#ABU,0197497674675,1067.56,1,instock,yes,16-XD0003NA R7-7840HS 16G 512GB 4050,HEWLETT PACKARD INCORPORATED
BT7X5EA#ABU,0199251569043,762.41,1,instock,yes,TG03-0005NA R5 8400F 16GB 1TB 3050,HEWLETT PACKARD INCORPORATED
9R295EA#ABU,,1340.52,1,instock,yes,14-FB0014NA U7-155H 16GB 1TB 4050,HEWLETT PACKARD INCORPORATED
A2DD7EA#ABU,0198122989324,985.43,2,instock,yes,15-FB2006NA R7-8845HS 16GB 512G 4060,HEWLETT PACKARD INCORPORATED
7Z870EA#ABU,0197497132991,1368.97,1,instock,yes,16-U0500NA I7-13700HX 16GB 1TB 4060,HEWLETT PACKARD INCORPORATED
C33QCEA#ABU,,1025.09,1,instock,yes,16-AP0006NA RAI 5 340 16GB 1TB 5050,HEWLETT PACKARD INCORPORATED
877A0EA#ABU,0197497674590,1478.15,3,instock,yes,16-U0004NA I7-13700HX 16GB 1TB 4060,HEWLETT PACKARD INCORPORATED
PCS-D3355105,5059794269235,1174.11,5,instock,yes,PCS RELAY 2 R5 7500X3D 16G 1T 5060TI,PC SPECIALIST
PCS-D3355069,5059794269228,1450.53,8,instock,yes,PCS RELAY 3 R5 7500X3D 32GB 1TB 5070,PC SPECIALIST
PT640,0735029254874,45.91,173,instock,yes,PEERLESS PRO UNIVERSAL TILT WALL MOU,PEERLESS
SF660P,,65.59,143,instock,yes,SMARTMOUNT UNIVERSAL FLAT MOUNT FOR,PEERLESS
PT650,,55.75,87,instock,yes,PEERLESS PRO UNIVERSAL TILT WALL MOU,PEERLESS
SR560-FLIP2-BD,0735029000000,719.73,1,instock,yes,ROTATIONAL CART SAM FLIP 55 & 65,PEERLESS
ACC979,0735029307167,72.15,1,instock,yes,SMARTMOUNT SR CART CASTER ACCESSORY,PEERLESS
PT660,0735029254898,62.31,18,instock,yes,PRO UNI TILT WALL MOUNT 39 - 90,PEERLESS
SF650P,0735029250364,52.47,94,instock,yes,PEERLESS PEERSF650P MOUNT BRAC 39-75,PEERLESS
DS-VW775-QR,0735029317173,298.43,84,instock,yes,FULL SERVICE WALL MOUNT 46-60,PEERLESS
TRFT640,0735029340577,25.61,23,instock,yes,UNI FLAT TILT WALL MOUNT 32-50INCH,PEERLESS
SF680P,0735029242246,134.92,47,instock,yes,UNI FLAT WALL MOUNT 60-98INCH,PEERLESS
SF670P,0735029242208,103.17,10,instock,yes,WALL BRACKET 46-90 INCH,PEERLESS
SR560-FLIP2,0735029000000,719.73,7,instock,yes,ROTATIONAL CART SAM FLIP 55 & 65,PEERLESS
ACC-UCM2,0735029354956,45.21,14,instock,yes,UNIVERSAL COMPONENT MOUNT FOR STS650,PEERLESS
PF650,0735029255017,42.63,125,instock,yes,PEERLESS PRO UNIVERSAL FLAT WALL MOU,PEERLESS
ST650P,0735029235965,65.59,65,instock,yes,SMARTMOUNT UNIVERSAL TILT MOUNT FOR,PEERLESS
SR560M,0735029247715,491.32,19,instock,yes,TROLLEY FOR 32 75 FLAT PANEL WITH ME,PEERLESS
DS-VW795-QR,0735029301455,439.17,26,instock,yes,FULLSERVICE VIDEO WALL MOUNT WITH QU,PEERLESS
STS650,0735029354376,253.79,44,instock,yes,UNIVERSAL SCISSOR MOUNT FOR 55-90IN,PEERLESS
DS-VW765-LQR,,298.43,16,instock,yes,FULLSERVICE VIDEO WALL MOUNT WITH QU,PEERLESS
NE758S19T2B231A,4710562244922,938.96,199,instock,yes,PALIT RTX5080 GAMINGPRO OC 16GB,PALIT
NE75619P1B263D,4710562245363,258.03,306,instock,yes,PALIT RTX5060 DUAL 8GB,PALIT
NE75819T2B231A,4710562244939,915.07,85,instock,yes,PALIT RTX5080 GAMINGPRO 16GB,PALIT
4710562245608,4710562245608,915.07,207,instock,yes,RTX5080 GAMINGPRO 16GB GDDR7 V1,PALIT
NE757S19K9B25S,4710562245080,461.12,266,instock,yes,PALIT RTX5070 INFINITY 3 OC 12GB,PALIT
4710562245301,4710562245301,389.45,77,instock,yes,RTX5060TI WHITE OC 16 GB GDDR7,PALIT
NE655T19P1B27F,4710562245431,215.03,91,instock,yes,PALIT RTX5050 STORMX OC 8GB,PALIT
NE756T19P1B262M,4710562245660,301.84,254,instock,yes,PALIT RTX5060TI WHITE OC 8GB,PALIT
NE7506TT19P1GB,4710562245257,301.84,539,instock,yes,PALIT RTX5060TI DUAL OC 8GB,PALIT
4710562245684,4710562245684,246.1,43,instock,yes,RTX5060 INFINITY 2 OC 8GB GDDR7,PALIT
NE7506T019P1GB,4710562245264,293.87,729,instock,yes,PALIT RTX5060TI DUAL 8GB,PALIT
NE756T19T1B261S,4710562245189,397.4,1,instock,yes,PALIT RTX5060TI INFINITY 3 16GB,PALIT
NE655S19P1B27D,4710562245394,223.0,79,instock,yes,PALIT RTX5050 DUAL OC 8GB,PALIT
NE75070019K9,,461.12,285,instock,yes,PALIT RTX5070 INFINITY 312GB DDR7,PALIT
4710562245592,4710562245592,938.96,323,instock,yes,RTX5080 GAMINGPRO OC 16GB GDDR7 V1,PALIT
NE65519P1B27D,4710562245400,215.03,144,instock,yes,PALIT RTX5050 DUAL 8GB,PALIT
NE756T19T1B261,4710562245172,413.33,100,instock,yes,PALIT RTX5060TI INFINITY 3 OC 16GB,PALIT
NE756S19P1B263D,4710562245356,269.98,172,instock,yes,PALIT RTX5060 DUAL OC 8GB,PALIT
783N7AA,,68.35,16,instock,yes,^POLY EP 540D WQD CDHS TAA,HP POLY
8L573AA,,16.57,16,instock,yes,POLY SAVI 8410/8420 CHARGING CRADLE,HP POLY
85Q22AA,,2.02,387,instock,yes,POLY VOY 5200 MED EARTIPS+COVERS (3),HP POLY
85Q45AA,,5.43,442,instock,yes,POLY 4P QD HS TO 6P QD AP CBL(0.13M),HP POLY
786D2AA,,6.13,11,instock,yes,POLY VOY  FOCUS 2 CASE,HP POLY
85Q33AA,,2.54,79,instock,yes,^PLY VOY 6200 MED EARTIPS (2),HP POLY
9T9J8AA#AC3,,144.43,5,instock,yes,POLY VF2 USB-C-C HS USB-C/A CHS CS1,HP POLY
8G7U0AA,,179.1,263,instock,yes,POLY VOY SURROUND 80-M USB-C/A,HP POLY
85R55AA,0197497573817,11.88,19,instock,yes,POLY SAVI OFFICE S2 TELEPHONE CABLE,HP POLY
77P34AA,,45.98,14,instock,yes,POLY SYNC 10-M SPEAKERPHONE,HP POLY
B95VKAA#AC3,,74.53,14,instock,yes,HP POLY SYNC 20+ SPKPHN USBC NO LOC,HP POLY
85T20AA#ABB,,80.22,33,instock,yes,^PLY M22 ADPTR EMEA-INTL ENGLISH LOC,HP POLY
85R21AA,,4.48,191,instock,yes,POLY ENP HW530/540 LRG EARCUSHION(1),HP POLY
9C6M4AA,,4.14,33,instock,yes,POLY VOYSURROUND80/85 AUDIO ADPT CBL,HP POLY
85Q20AA,,4.38,183,instock,yes,POLY CS540 EAR CUSHIONS (2),HP POLY
85Q43AA,,7.5,96,instock,yes,POLY 3.5MM TO QD CABLE IP TOUCH (3M),HP POLY
8A7E1AA,,37.25,1,instock,yes,POLY MDA100 QD USB-A ANALOG SWITCH,HP POLY
85R52AA,,13.38,145,instock,yes,PLY SAVI OFF STRGHTPLG ONLINE INDCTR,HP POLY
77P35AA,,106.28,23,instock,yes,POLY SYNC 40-M SPEAKERPHONE,HP POLY
85S09AA,,18.61,46,instock,yes,^POLY Y TRAINING CABLE+QD LOCKDIGI,HP POLY
8L582AA,,50.88,15,instock,yes,^PLY VFREE 60 UC WHT BASIC CHC,HP POLY
7Y8G4AA,,159.68,81,instock,yes,POLY VFREE60+CB EARBUDS+BT700C+TSCHC,HP POLY
783R0AA,,57.44,7,instock,yes,POLY ENP 515 MONOAURAL USB-A,HP POLY
77T26AA,,23.69,14,instock,yes,POLY ENP 320 QD BINAURAL TAA,HP POLY
C01B6A6#AC3,,33.47,195,instock,yes,HP POLY MISSION 425 USB HS BULK,HP POLY
77P36AA,,124.15,4,instock,yes,POLY SYNC40+-M SPEAKERPHONE+BT700,HP POLY
783M9AA,,22.91,5,instock,yes,POLY SAVI8210/8220 CHARGINGSTAND+AC,HP POLY
85Q32AA,,10.25,90,instock,yes,POLY 2.5MM TO QD CABLE (3M),HP POLY
85Q78AA,,23.97,1,instock,yes,POLY APS-11 ELECTRONICHOOKSWITCH TAA,HP POLY
783S2AA,,19.19,43,instock,yes,POLY HIC-10 CABLE,HP POLY
85R65AA,,6.78,13,instock,yes,POLY SAVI W8210/8220 CHARGING CRADLE,HP POLY
783P9AA#ABB,,72.97,45,instock,yes,POLY ENP 520V BINAURAL VOICETUBE+QD,HP POLY
85Q26AA,,2.02,465,instock,yes,POLY VOY 5200 SML EARTIPS+COVERS (3),HP POLY
8L5B3AA#ABB,,170.64,2,instock,yes,POLY SAVI 8420-M OFFICE STEREO DECT,HP POLY
783R1AA,,57.44,3,instock,yes,POLY ENP 515-M MONOAURAL USB-A,HP POLY
A24ZKAA,,15.15,8,instock,yes,^POLY CABLE STEREO DUAL 3.5MM TO QD,HP POLY
784Q5AA,,9.04,15,instock,yes,PLY POLARIS II QD CABLE ASSY,HP POLY
85Q37AA,,7.5,362,instock,yes,POLY 3.5MM TO QD CABLE (0.15M),HP POLY
C01B2A6#AC3,,29.21,40,instock,yes,HP POLY MISSION 415 USB HS BULK,HP POLY
783S3AA,,21.31,7,instock,yes,POLY HIS CABLE TAA,HP POLY
85R01AA,,23.97,1,instock,yes,POLY APV-63 ELECTRONICHOOKSWITCH TAA,HP POLY
C01B3A6#AC3,,29.21,57,instock,yes,HP POLY MISSION 425 USB HS CL BULK,HP POLY
783R2AA,,66.24,2,instock,yes,POLY ENP525-M STEREO USB-A,HP POLY
8K6P3AA#AC3,,1.71,40,instock,yes,POLY EAR CUSHION KIT DOUGHNUT 02,HP POLY
8A7E0AA,,74.53,2,instock,yes,POLY MDA220 USB-A,HP POLY
85R13AA,,17.24,98,instock,yes,PLY DM15 TO 6P QD CBL (3M),HP POLY
920Q1AA,,8.25,8,instock,yes,POLY 10FT COILED CABLE TO QD,HP POLY
783R3AA,,66.24,7,instock,yes,POLY ENP 525 USB-A STEREO,HP POLY
85Q47AA,,5.43,647,instock,yes,POLY 6P QD HS TO 4P QD AP CBL(0.13M),HP POLY
767F9AA,,37.25,44,instock,yes,POLY ENP 320 STEREO USB-C TAA,HP POLY
7S443AA,0197192931462,66.24,18,instock,yes,^POLY H251NSUPRAPLUSMONAURAL+POUCH,HP POLY
C01A9AA#AC3,,24.34,19,instock,yes,HP POLY MISSION 415 USB HS CL WW,HEWLETT PACKARD INCORPORATED
8K712AA#AC3,,105.08,17,instock,yes,^POLY SHS2355-11 USB-PTT MONO TAA,HP POLY
85R45AA,,6.78,29,instock,yes,POLY SAVI 8240/8245 FIT,HP POLY
85Q48AA,,10.09,100,instock,yes,POLY USB-A TO USB-C ADAPTER,HP POLY
8L575AA#ABB,,130.68,9,instock,yes,POLY SAVI 7310-M MONAURAL DECT,HP POLY
85R11AA,,6.01,130,instock,yes,POLY CS500 EAR CUSHIONS (2),HP POLY
85R57AA,,7.05,126,instock,yes,POLY SAVI OFFICE TELE INTERFACE CBL,HP POLY
85R34AA,,45.3,2,instock,yes,POLY SAVI 8200 5 UNIT CHARGE BASE,HP POLY
85Q59AA,,23.97,9,instock,yes,POLY APN-91 ELECTRONICHOOKSWITCH TAA,HP POLY
7Y8H0AA,,159.68,295,instock,yes,POLY VFREE60+-M CBLK+BT700+TS CHCASE,HP POLY
786C9AA,,66.24,4,instock,yes,^POLY VOY  OFFICE BASE,HP POLY
85R92AA,,18.09,51,instock,yes,POLY SAVI 7200 BATTERY+REMOVAL TOOL,HP POLY
85Q18AA,,6.13,190,instock,yes,POLY CS540 EARLOOPS AND EARBUDS,HP POLY
8Y9C4AA#ABB,,96.27,8,instock,yes,POLY SAVI8220 STEREO DECT TOP+CRADLE,HP POLY
8Y9B6AA#ABB,,91.1,9,instock,yes,POLY SAVI 7310 MONAURAL DECT TOP,HP POLY
8D3F7AA#ABB,,209.15,1,instock,yes,POLY SAVI 7320 OFFICE STEREO DECT,HP POLY
783R6AA,,16.52,2,instock,yes,POLY VOY  USB-A CHARGING STAND,HP POLY
85S15AA,,2.32,144,instock,yes,POLY BWC310/320 FOAM EARCUSHIONS (2),HP POLY
920P6AA,,1.5,183,instock,yes,POLY EAR CUSHION KIT,HP POLY
C01A9A6#AC3,,24.34,40,instock,yes,HP POLY MISSION 415 USB HS CL BULK,HP POLY
85R82AA,,21.85,11,instock,yes,POLY SYNC 60 UNIVERSAL POWER SUPPLY,HP POLY
85S27AA,,12.4,18,instock,yes,PLY A10-11 QD TO QD ADPTR,HP POLY
772C5AA,,124.15,3,instock,yes,POLY SYNC40+USB-C/A SPKERPHONE+BT700,HP POLY
786C7AA,,37.31,142,instock,yes,POLY DA85 USB QD BLACK ADAPTER TAA,HP POLY
783Q2AA#ABB,,53.27,513,instock,yes,POLY ENP 510 MONAURAL WITH QD,HP POLY
B95VLAA#AC3,,74.53,54,instock,yes,HP POLY SYNC 20+M SPKPHN USBC NO LOC,HP POLY
783R7AA,,16.52,122,instock,yes,POLY VOY  USB-C CHARGING STAND,HP POLY
783P4AA,,61.72,37,instock,yes,POLY EP 530D WQD DISCREET DHS TAA,HP POLY
85R37AA,,18.09,1,instock,yes,POLY SAVI 8210 BATTERY+REMOVAL TOOL,HP POLY
85S01AA,,12.29,40,instock,yes,POLY VOY LEGEND CHARGING STAND USB-A,HP POLY
85S24AA,,4.76,4,instock,yes,PLY BW 3200 EARCUSHIONS (2),HP POLY
C01C3A6#AC3,,60.88,40,instock,yes,HP POLY MISSION 615 USB HS BULK,HP POLY
783P5AA,,77.87,16,instock,yes,^POLY EP 520D WQD BDHS TAA,HP POLY
85R38AA,,9.04,10,instock,yes,POLY M22 TO QD U10 CABLE,HP POLY
784S1AA,,8.9,41,instock,yes,PLY U10P LW CBL,HP POLY
85R80AA,,8.2,12,instock,yes,POLY SYNC 40 DESK MOUNT,HP POLY
772C3AA,,45.98,64,instock,yes,POLY SYNC10 USB-C/A SPEAKERPHONE,HP POLY
8G7T9AA,,179.1,97,instock,yes,POLY VOYSURROUND 80 USB-C/A,HP POLY
85S18AA,,1.76,274,instock,yes,POLY BW600/700 EARCUSHIONS (2),HP POLY
784S0AA,,8.1,8,instock,yes,POLY U10P-S CABLE,HP POLY
77P41AA,,263.51,13,instock,yes,POLY SYNC 60-M SPEAKERPHONE,HP POLY
783Q8AA,,4.69,39,instock,yes,POLY SAVI 7300 EARCUSHIONS (2),HP POLY
8L580AA,,52.43,2,instock,yes,POLY VFREE60 BLACK BASIC CHARGE CASE,HP POLY
85Q98AA,,16.52,5,instock,yes,POLY CS540 BATTERY,HP POLY
8J8V7AA#ABB,,59.51,18,instock,yes,POLY SAVI D400 DECT DONGLE,HP POLY
9C6M5AA,,12.43,17,instock,yes,POLY VOY SURROUND 80/85 L+R EAR CUPS,HP POLY
783N4AA,,87.4,20,instock,yes,^POLY EP 720D WQD BDHS TAA,HP POLY
85S19AA,,5.31,72,instock,yes,POLY BW5000 EARCUSHIONS (2),HP POLY
85Q42AA,,9.04,6,instock,yes,POLY VOY8200 BLACK EARCUSHIONS (2),HP POLY
C01C6A6#AC3,,65.76,114,instock,yes,HP POLY MISSION 625 USB HS BULK,HP POLY
767G1AA,,33.11,2,instock,yes,POLY ENP310 MONAURAL USB-A TAA,HP POLY
85S08AA,,11.31,99,instock,yes,POLY BLACKWIRE 5200 Y TRAINING CABLE,HP POLY
85Q53AA,,4.53,18,instock,yes,POLY SAVI 7200 EARCUSHION (1),HP POLY
85R40AA,,8.9,35,instock,yes,PLY M22 TO QD LW CBL,HP POLY
AW6U3AA#AC3,,81.49,2,instock,yes,POLY VOYBASE-M 4300/LEGEND 50/FOCUS2,HP POLY
85Q85AA,,50.19,9,instock,yes,POLY BT600 USB-C BT ADAPTER,HP POLY
85R18AA,,2.1,4,instock,yes,POLY ENPHW530/540EARCUSHION(1),HP POLY
920P7AA,,1.71,61,instock,yes,POLY LEATHERETTE EAR CUSHION KIT,HP POLY
AT9M9AA#ABB,,72.89,30,instock,yes,POLY VOY LEGEND 50 HEADSET,HP POLY
784P9AA,,2.87,32,instock,yes,POLY USB-A TO USB-C CABLE (1500MM),HP POLY
783N6AA,,77.87,53,instock,yes,^POLY EP 710D WQD MD HEADSET TAA,HP POLY
85Q40AA,,6.45,90,instock,yes,POLY 3.5MM TO QD CABLE (3M),HP POLY
85Q51AA,,4.84,62,instock,yes,POLY VOY FOCUS EARCUSHIONS (2),HP POLY
85Q97AA,,11.91,8,instock,yes,POLY CS510/520/710/720 BATTERY,HP POLY
85R61AA,,9.65,40,instock,yes,POLY SAVI OFFICE PSU+PLUG -9V 500MA,HP POLY
9T9J6AA#AC3,,117.74,954,instock,yes,POLY VOYFOCUS2-M USB-C/A+CHARGESTAND,HP POLY
8X215AA,0197498428987,18.64,70,instock,yes,POLY BW3310 MONAURAL USB-C/A,HP POLY
8X230AA,0197498429427,45.96,223,instock,yes,POLY BW5210 MONAURAL USB-C/A,HP POLY
76U48AA,,73.82,8,instock,yes,POLY VOY  4310 USB-A + BT700,HP POLY
77Y92AA,,81.34,1,instock,yes,POLY VOY4310 BT700+USB-A+CHSTAND,HP POLY
77Y96AA,,81.34,7,instock,yes,POLY VOY4310USB-C+BT700+CHARGE STAND,HP POLY
9T9J5AA#AC3,,117.74,195,instock,yes,POLY VOYFOCUS2 USB-C/A+CHARGE STAND,HP POLY
77Y94AA,,73.82,44,instock,yes,POLY VOY  4310 USB-C + BT700,HP POLY
8X228AA,0197498429373,20.27,833,instock,yes,POLY BW3220 STEREO USB-C/A,HP POLY
77Y98AA,,77.64,706,instock,yes,POLY VOY 4320-M USB-A HEADSET+BT700,HP POLY
8X222AA,0197498429168,36.39,597,instock,yes,POLY BW3325-M USB-C/A HEADSET,HP POLY
C92SBA6,,96.33,10,instock,yes,POLY BW 8225 USB-C HS USB-C/A BULK,HP POLY
76U50AA,,81.34,59,instock,yes,POLY VOY  4320 USB-C + BT700,HP POLY
8X228A6,,20.27,2157,instock,yes,POLY BW3220 STEREO USB-C/A (BULK),HP POLY
8X2J8A6,,19.45,100,instock,yes,POLY BW3210 MONAURAL USB-C/A (BULK),HP POLY
77Z00AA,,83.97,372,instock,yes,POLY VOY4320-M BT700+CHARGING STAND,HP POLY
8X218AA,0197498429052,32.85,24,instock,yes,POLY BW3315-M MONAURAL USB-C/A,HP POLY
8X214AA,0197498428970,16.77,126,instock,yes,POLY BW3210 MONAURAL USB-C/A,HP POLY
C01C6AA#AC3,,65.1,142,instock,yes,HP POLY MISSION 625 USB HS WW,HEWLETT PACKARD INCORPORATED
783P7AA#ABB,,50.62,391,instock,yes,POLY ENP 520 BINAURAL WITH QD,HP POLY
8X231AA,0197498429441,49.94,547,instock,yes,POLY BW5220 STEREO USB-C/A,HP POLY
8X214A6,,16.77,500,instock,yes,POLY BW3210 MONAURAL USB-C/A (BULK),HP POLY
C01B3AA#AC3,,28.91,44,instock,yes,HP POLY MISSION 425 USB HS CL WW,HEWLETT PACKARD INCORPORATED
C01C3AA#AC3,,60.27,19,instock,yes,HP POLY MISSION 615 USB HS WW,HEWLETT PACKARD INCORPORATED
76U49AA,,77.64,1637,instock,yes,POLY VOY 4320 USB-A HS,HP POLY
8X231A6,,47.67,5139,instock,yes,POLY BW5220 STEREO USB-C/A (BULK),HP POLY
9T9J4AA#AC3,,110.98,929,instock,yes,POLY VOYFOCUS2-M USB-C/A,HP POLY
77Y93AA,,81.34,130,instock,yes,POLY VOY4310-M BT700+CHARGING STAND,HP POLY
77Z32AA,,83.97,151,instock,yes,POLY VOY 4320-M BT700+CHARGING STAND,HP POLY
8X229AA,0197498429410,34.25,100,instock,yes,POLY BW3225 STEREO USB-C/A,HP POLY
77Y95AA,,73.82,1,instock,yes,POLY VOY  4310-M USB-C+BT700,HP POLY
77Y99AA,,87.97,133,instock,yes,POLY VOY 4320 HEADSET+BT700+STAND,HP POLY
8X223AA,0197498429205,83.11,954,instock,yes,POLY BW8225 STEREO USB-C/A,HP POLY
C92SCA6,,96.33,50,instock,yes,POLY BW 8225 -M USBC HS USB-C/A BULK,HP POLY
8X221AA,0197498429144,36.39,112,instock,yes,POLY BW3325 STEREO USB-C/A,HP POLY
9T9J3AA#AC3,,110.98,79,instock,yes,POLY VOYFOCUS2 USB-C/A,HP POLY
8X2J9A6,,20.27,344,instock,yes,POLY BW3220 STEREO USB-C/A (BULK),HP POLY
8G0Z9AA#ABB,,228.4,12,instock,yes,POLY CS540A+HANDSET LIFTER CS1,HP POLY
8G0Y4AA,,245.42,11,instock,yes,^POLY VFREE 60+ CB EARBUDS +BT700C,HP POLY
7Y8M1AA,,171.06,7,instock,yes,^POLY VFREE 60 BLK EARBUDS +BCHC CS1,HP POLY
8G0Y3AA#ABU,,547.31,8,instock,yes,^POLY UVB CS1 UNITED KINGDOM,HP POLY
7Y211AA,,169.27,14,instock,yes,POLY VOY4320-M USB-A/C CABLE+BT700,HP POLY
93S87AA,,41.48,51,instock,yes,POLY BW3220 STEREO USB-C/A,HP POLY
7S4C1AA,,103.88,2,instock,yes,^POLY SYNC 20 SP CS1,HP POLY
7Y8H1AA,,245.42,9,instock,yes,^POLY FREE 60+ BLKEBUDS+BT700C+TSCHC,HP POLY
7S4M6AA,,92.23,5,instock,yes,POLY SYNC10 SPEAKERPHONE USB-A/C CBL,HP POLY
8G0Y1AA#ABU,,482.81,10,instock,yes,POLY STU R30 USB VIDEO BAR CS1,HP POLY
8G0Z7AA#ABB,,206.9,13,instock,yes,POLY CS540A DECT CS1,HP POLY
AV4P2AA#ABB,,153.15,40,instock,yes,POLY VOY  LEGEND 50-M,HP POLY
784Q4AA,,12.25,40,instock,yes,POLY VOYLEGENDCHARGECASE+USB-A CABLE,HP POLY
9P7X5AA,,93.13,1,instock,yes,POLY BW 5210 USB-C HS CS1,HP POLY
VRTX5000ADASB,3536403396459,2897.93,1,instock,yes,PNY RTX5000 ADA LOVELACE GPU,PNY
6N4E8AA#ABU,,90.91,325,instock,yes,HP E22 G5 FHD MONITOR,HEWLETT PACKARD INCORPORATED
B0BN7UT#ABU,,68.59,267,instock,yes,HP S3 PRO 322PH FHD MONITOR,HEWLETT PACKARD INCORPORATED
9D9V7AA#ABU,,145.99,583,instock,yes,HP S5 PRO 524PU FHD USB-C MONITOR,HEWLETT PACKARD INCORPORATED
9U5A2AA#ABU,,60.61,187,instock,yes,HP S3 PRO 322PV FHD MONITOR,HEWLETT PACKARD INCORPORATED
9D9L6UT#ABU,,101.01,1701,instock,yes,HP S5 PRO 524PF FHD MONITOR,HEWLETT PACKARD INCORPORATED
169L0AA#ABU,,146.46,197,instock,yes,HP E24MV G4 FHD CONFERENCE MONITOR,HEWLETT PACKARD INCORPORATED
9E0Y9UT#ABU,,259.65,448,instock,yes,HP S5 PRO 527PM QHD USB-C CONF MNTR,HEWLETT PACKARD INCORPORATED
9U5J5UT#ABU,,74.75,33,instock,yes,HP S3 PRO 324PF FHD MONITOR,HEWLETT PACKARD INCORPORATED
B0CG3UT#ABU,,101.01,68,instock,yes,HP S3 PRO 327PF FHD MONITOR,HEWLETT PACKARD INCORPORATED
9D9A7AA#ABU,,117.17,544,instock,yes,HP S5 PRO 524PN WUXGA MONITOR,HEWLETT PACKARD INCORPORATED
9E0G5E9#ABU,,284.55,1,instock,yes,HP S5 PRO 527PU QHD USB-C MNTR,HEWLETT PACKARD INCORPORATED
9U5C1AA#ABU,,66.67,266,instock,yes,HP S3 PRO 324PV FHD MONITOR,HEWLETT PACKARD INCORPORATED
9E0G9UT#ABU,,227.27,146,instock,yes,HP S5 PRO 524PM FHD USBC CONF MNTR,HEWLETT PACKARD INCORPORATED
1B065AA#ABB,0195122635008,243.64,2,instock,yes,HP E14 G4 PORTABLE MONITOR,HEWLETT PACKARD INCORPORATED
9D9S0UT#ABU,,162.63,12,instock,yes,HP S5 PRO 527PQ QHD MONITOR,HEWLETT PACKARD INCORPORATED
B88JWAA#ABB,,189.1,8,instock,yes,*Non Cancellable/Non Returnable (NCNR)* HP S5PRO 514PN WQXGA PORT MNTR USB-C,HEWLETT PACKARD INCORPORATED
6N4D6AA#ABU,,353.54,31,instock,yes,HP E32K G5 4K USB-C MONITOR,HEWLETT PACKARD INCORPORATED
B28F5UT#ABU,,122.47,281,instock,yes,HP S5 PRO 527PF FHD MONITOR,HEWLETT PACKARD INCORPORATED
6N4D6E9#ABU,,252.53,1,instock,yes,^HP E32K G5 4K USB-C MONITOR,HEWLETT PACKARD INCORPORATED
B0CG8UT#ABU,,105.82,1082,instock,yes,HP S3 PRO 327PH FHD MONITOR,HEWLETT PACKARD INCORPORATED
9U5B0UT#ABU,,69.7,414,instock,yes,HP S3 PRO 322PF FHD MONITOR,HEWLETT PACKARD INCORPORATED
9E0G5AA#ABU,,195.96,156,instock,yes,HP S5 PRO 527PU QHD USB-C MONITOR,HEWLETT PACKARD INCORPORATED
5P9N5EA#ABU,,310.91,3,instock,yes,^HP FORTIS14G11 CELN100 4/32 CHR,HEWLETT PACKARD INCORPORATED
5P9S0EA#ABU,,320.91,139,instock,yes,HP FORTG1 M11 MT8186 4/32 CHR,HEWLETT PACKARD INCORPORATED
5P9R5EA#ABU,,333.33,436,instock,yes,HP FORTG1I CELN150 8/64 CHR,HEWLETT PACKARD INCORPORATED
5P9S9EA#ABU,,407.27,151,instock,yes,HP FLIP G1M 11C MT8186 8/64 CHR,HEWLETT PACKARD INCORPORATED
4L1L2EA#ABU,0197192972601,320.91,1,instock,yes,^HP CB11G9 CELN5100 8/64 CHR,HEWLETT PACKARD INCORPORATED
5P9R6EA#ABU,,272.73,1529,instock,yes,HP FORTG1I CELN150 4/32 CHR,HEWLETT PACKARD INCORPORATED
5P9R7EA#ABU,,287.88,96,instock,yes,HP FORTIS G1I 14 CELN150 4/32 CHR,HEWLETT PACKARD INCORPORATED
5P9S1EA#ABU,,303.03,1687,instock,yes,^HP FORTG1 M11 MT8186 8/64 CHR,HEWLETT PACKARD INCORPORATED
5P9R9EA#ABU,,232.32,6348,instock,yes,HP FORTG1 M11 MT8186 4/32 CHR,HEWLETT PACKARD INCORPORATED
5P9U4EA#ABU,,415.45,1,instock,yes,HP FORTIS G1I 14 N150 8/128 CHR,HEWLETT PACKARD INCORPORATED
763U8AA,,26.67,93,instock,yes,HP B560 PC MOUNTING BRACKET,HEWLETT PACKARD INCORPORATED
6KD15AA,0193808434716,9.13,1,instock,yes,HP QUICK RELEASE BRACKET 2,HEWLETT PACKARD INCORPORATED
53X27AA,,15.25,447,instock,yes,HP 325 FHD USB-A WEBCAM,HEWLETT PACKARD INCORPORATED
6Y7L1AA#ABB,,59.6,891,instock,yes,HP 625 FHD USB IR WEBCAM,HEWLETT PACKARD INCORPORATED
428K6AA,0195908812531,14.85,171,instock,yes,HP STEREO USB HEADSET G2,HEWLETT PACKARD INCORPORATED
762T5AA,0197029374738,25.05,14,instock,yes,HP B200 PC MOUNTING BRACKET,HEWLETT PACKARD INCORPORATED
77B10AA#ABB,,24.46,43,instock,yes,HP 435 FHD WEBCAM,HEWLETT PACKARD INCORPORATED
8RA46AA,0194441689624,16.87,47,instock,yes,HP B250 PC MOUNTING BRACKET,HEWLETT PACKARD INCORPORATED
LS27D406GAUXXU,8806095821863,100.51,148,instock,yes,SAMSUNG 27 S40GD FULL HD MONITOR,SAMSUNG
LS32D800UAUXXU,8806095543291,293.8,38,instock,yes,32IN S80UD UHD USB-C VIEWFINITY,SAMSUNG
LS24F430UAUXXU,8806097198963,146.9,2196,instock,yes,SAMSUNG 24 S43UF FHD USB-C,SAMSUNG
LS34C652VAUXXU,8806094974843,340.2,329,instock,yes,SAM 34 VIEWFINITY UWQHD MON WEBCAM,SAMSUNG
LF32TU870VPXXU,8806094771886,309.27,188,instock,yes,SAMSUNG 32IN TU87F MONITOR,SAMSUNG
LS34C650TAUXXU,8806095213286,386.59,35,instock,yes,SAMSUNG 34 S65TC UWQHD THUNDERBOLT 4,SAMSUNG
LS22D400GAUXXU,8806095819174,69.58,356,instock,yes,22IN FULLHD IPS MONITOR,SAMSUNG
LS24D400GAUXXU,8806095821955,69.58,550,instock,yes,24IN FULLHD IPS MONITOR,SAMSUNG
LS27D800UAUXXU,8806095541952,255.14,623,instock,yes,27IN S80UD UHD USB-C VIEWFINITY,SAMSUNG
LS27D600UAUXXU,8806095524665,224.22,141,instock,yes,27IN S60UD QHD USB-C VIEWFINITY,SAMSUNG
LS27F430UAUXXU,8806097199120,162.36,378,instock,yes,SAMSUNG 27 S43UF FHD USB-C,SAMSUNG
LS49F950UAUXXU,8806097655602,695.87,85,instock,yes,49? S95UF USB-C DQHD MONITOR,SAMSUNG
LS34C652UAUXXU,8806094974836,255.15,881,instock,yes,34 S65UC VIEWFINITY MON KVM SWITCH,SAMSUNG
LS37D800UAUXXU,8806095988252,347.93,76,instock,yes,SAM 37IN S80UD UDH USBC MON,SAMSUNG
LS32D600UAUXXU,8806095524696,255.14,128,instock,yes,32IN S60UD QHD USB-C VIEWFINITY,SAMSUNG
LS27B800PXPXXU,8806094926354,309.27,169,instock,yes,SAMSUNG 27IN VIEWFINITY S80PB USBC,SAMSUNG
LS34C654UAUXXU,8806094974836,309.27,438,instock,yes,SAMSUNG S65UC 34IN CURVED USB-C,SAMSUNG
LS27F610EAUXXU,8806095899220,139.16,647,instock,yes,SAMSUNG 27 S61F QHD VIEWFINITY MON,SAMSUNG
LS37D702EAUXXU,8806097418818,332.46,149,instock,yes,SAMSUNG MONITOR S37D702EAU,SAMSUNG
LU32J590UQPXXU,8806094771978,231.95,13,instock,yes,SAMSUNG 32IN UJ590 MONITOR,SAMSUNG
LS22D300GAUXXU,8806095816890,61.85,19,instock,yes,SAMSUNG 22IN FHD S30GD MONITOR,SAMSUNG
LS32D701EAUXXU,8806095543222,231.95,169,instock,yes,SAM 32IN S70D UHD WHITE VIEWFINITY,SAMSUNG
LS27D360GAUXXU,8806095585352,85.04,122,instock,yes,SAMSUNG 27IN S36D FHD CURVED MONITOR,SAMSUNG
LS24D406GAUXXU,8806095821962,92.77,11,instock,yes,SAMSUNG MONITOR S24D406GAU,SAMSUNG
LS24D300GAUXXU,8806095816906,69.58,74,instock,yes,SAMSUNG 24IN FHD S30GD MONITOR,SAMSUNG
BD-LS57CG952,8806094972306,1469.06,1,instock,yes,BOX DAMAGED 57IN NEO G9 GAME MONITOR,SAMSUNG
LS27FG606EUXXU,8806097655596,231.95,37,instock,yes,SAMSUNG 27 ODYSSEY G6 G60F QHD 350HZ,SAMSUNG
LS27FG702EUXXU,8806097683407,332.46,38,instock,yes,SAMSUNG 27 ODYSSEY G7 G70F 4K UHD 36,SAMSUNG
LS24DG302EUXXU,8806095541754,100.51,1023,instock,yes,SAMSUNG 24IN G30D FHD 180HZ ODYSSEY,SAMSUNG
LC34G55TWWPXXU,8806094862195,231.95,125,instock,yes,34INCH CURVED GAMING MONITOR,SAMSUNG
LS27BG650EUXXU,8806094203417,309.27,78,instock,yes,27IN ODYSSEY CURVED GAMING MONITOR,SAMSUNG
LS34DG850SUXXU,8806095688008,603.08,20,instock,yes,SAMSUNG 34IN ODYSSEY OLED G85SD,SAMSUNG
LS27FG502SUXXU,8806097696971,340.2,172,instock,yes,27 ODYSSEY OLED G5 G50SF QHD,SAMSUNG
LS27FG602SUXXU,8806097455912,618.55,63,instock,yes,ODYSSEY GAMING OLED G6,SAMSUNG
LS27CG552EUXXU,8806095337227,139.16,527,instock,yes,SAMSUNG 27 G55C QHD 165HZ ODYSSEY GA,SAMSUNG
LS27DG302EUXXU,8806095541716,123.7,486,instock,yes,SAMSUNG 27IN G30D FHD 180HZ ODYSSEY,SAMSUNG
LS27DG702EUXXU,8806095724898,332.46,7,instock,yes,SAMSUNG 27 G70D ODYSSEY GAME MON,SAMSUNG
LS49DG934SUXXU,8806095723976,1005.14,8,instock,yes,SAMSUNG 49 G93SD ODYSSEY GAME MON,SAMSUNG
LS27FG530EUXXU,8806097683391,154.63,398,instock,yes,SAMSUNG 27 ODYSSEY G5 G53F QHD 200HZ,SAMSUNG
LS32BG850NUXXU,8806094344561,1005.14,60,instock,yes,32 NEO G8 MINI LED ODYSSEY GAME MON,SAMSUNG
LS32CG552EUXXU,8806095337258,170.09,237,instock,yes,SAMSUNG 32IN G55C ODYSSEY,SAMSUNG
LS32FM902SUXXU,8806097484073,927.82,64,instock,yes,SAMSUNG 32 SMART MONITOR M9 M90SF UH,SAMSUNG
LS32FM801UUXXU,,371.12,67,instock,yes,SAMSUNG 32 M80F SMART MONITOR,SAMSUNG
LS32FM500EUXXU,,170.09,171,instock,yes,32IN FULL HD SMART MON WITH SPEAKERS,SAMSUNG
STKL5000400,3660619040179,151.29,107,instock,yes,5TB FIRECUDA GAMING HDD,SEAGATE
STKM5000400,3660619040261,143.12,120,instock,yes,5TB EXPANSION PORTABLE,SEAGATE
STKY1000400,3660619041589,75.24,11,instock,yes,1TB ONETOUCHPORTABLE WITH PP,SEAGATE
STKP28000400,8719706046008,631.37,6,instock,yes,28TB EXPANSION DESKTOP EXTERNAL 28TB,SEAGATE
STKP10000400,3660619040438,249.43,167,instock,yes,10TB EXPANSION DESKTOP,SEAGATE
STKP20000400,8719706043700,511.14,50,instock,yes,20TB EXPANSION DESKTOP,SEAGATE
STKP8000400,3660619040421,204.46,19,instock,yes,8TB EXPANSION DESKTOP,SEAGATE
STKY2000400,3660619041596,95.68,100,instock,yes,2TB ONETOUCHPORTABLE WITH PP,SEAGATE
STKM1000400,3660619040148,71.97,125,instock,yes,1TB EXPANSION PORTABLE,SEAGATE
STKP6000400,0763649160640,157.02,47,instock,yes,6TB EXPANSION DESKTOP,SEAGATE
STKX5000403,8719706045452,158.66,93,instock,yes,GAME DRIVE FOR XBOX 5TB USB 3.0,SEAGATE
STKM2000400,4069743789111,92.41,577,instock,yes,2TB EXPANSION PORTABLE,SEAGATE
STKZ4000400,3660619041800,133.32,75,instock,yes,4TB ONETOUCHPORTABLE WITH PP,SEAGATE
STKX4000402,3660619041251,155.39,18,instock,yes,4TB GAME DRIVE FOR XBOX,SEAGATE
STKM4000400,3660619040254,129.22,27,instock,yes,4TB EXPANSION PORTABLE,SEAGATE
STKP16000400,3660619040469,386.84,16,instock,yes,16TB EXPANSION DESKTOP,SEAGATE
ST24000NM005H,8719706431149,618.42,1,instock,yes,24TB EXOS X24 HDD 512E/4KN SAS SED,SEAGATE
ST32000VE000,,979.87,40,instock,yes,SKYHAWK AI 32TB 3.5  512MB CACHE,SEAGATE
ST28000NT000,8719706438667,857.38,10,instock,yes,28TB IRONWOLF PRO,SEAGATE
ST10000NM019B,8719706028608,301.84,60,instock,yes,10TB EXOS 7E10 10TB? 512E/4KN SATA,SEAGATE
ST24000NT002,8719706437073,736.66,3,instock,yes,24000 GB IRONWOLF PRO NAS,SEAGATE
STFR10008000,,94.87,246,instock,yes,1TB LACIE RUGGED USB-C,SEAGATE
STNC64000400,,5624.21,2,instock,yes,8BIG PRO5 64TB 3.5E THUNDERBOLT,SEAGATE
STLR5000400,8719706043601,177.47,27,instock,yes,5TB MOBILE DRIVE USB 3.1-C GREY,SEAGATE
STHA8000800,3660619405695,284.61,54,instock,yes,8TB D2 PROFESSIONAL DESKTOP DRIVE,SEAGATE
STLG48000400,8719706045087,1714.99,6,instock,yes,48TB 2BIG DOCK,SEAGATE
STLP5000400,8719706043571,166.84,48,instock,yes,5TB MOBILE PORTABLE,SEAGATE
STHA10000800,3660619403974,318.95,30,instock,yes,10TB D2 PROFESSIONAL DESKTOP DRIVE,SEAGATE
STHT8000800,3660619406784,440.82,29,instock,yes,8TB RUGGED RAID SHUTTLE,SEAGATE
STFR20008000,,121.03,200,instock,yes,2TB LACIE RUGGED USB-C,SEAGATE
STLP1000400,8719706043540,81.78,40,instock,yes,1TB MOBILE PORTABLE,SEAGATE
STHS8000800,3660619406609,475.98,16,instock,yes,8TB 1BIG DOCK,SEAGATE
STJJ5000400,3660619407927,175.01,7,instock,yes,5TB RUGGED MINI,SEAGATE
STNC32000400,,4642.82,2,instock,yes,8BIG PRO5 32TB 3.5E THUNDERBOLT,SEAGATE
STLR2000400,8719706043588,113.68,63,instock,yes,2TB MOBILE DRIVE SECURE,SEAGATE
STNC128000400,,6940.92,1,instock,yes,8BIG PRO5 128TB 3.5E THUNDERBOLT,SEAGATE
STLP4000400,8719706043564,144.75,40,instock,yes,4TB MOBILE PORTABLE,SEAGATE
STHJ8000800,3660619405329,492.34,35,instock,yes,8TB 2BIG RAID,SEAGATE
STHA24000800,8719706045063,695.16,5,instock,yes,24TB D2 PROFESSIONAL DESKTOP DRIVE,SEAGATE
STLR4000400,8719706043595,152.93,18,instock,yes,4TB MOBILE DRIVE SECURE,SEAGATE
STLG20000400,8719706042444,1185.85,6,instock,yes,20TB 2BIG THUNDERBOLT 3,SEAGATE
STLG40000400,8719706043236,1536.71,2,instock,yes,40TB 2BIG THUNDERBOLT 3,SEAGATE
STHA4000800,3660619403950,184.01,24,instock,yes,4TB D2 PROFESSIONAL DESKTOP DRIVE,SEAGATE
STHS10000800,3660619410231,519.33,47,instock,yes,10TB 1BIG DOCK,SEAGATE
STHJ40000800,8719706043250,1431.21,2,instock,yes,40TB 2BIG RAID,SEAGATE
STLG16000400,8719706042437,920.87,20,instock,yes,16TB 2BIG THUNDERBOLT 3,SEAGATE
STHA16000800,3660619409051,498.88,47,instock,yes,16TB D2 PROFESSIONAL DESKTOP DRIVE,SEAGATE
STJR1000400,8719706023757,425.2,67,instock,yes,1TB XBOXSERIES X/S,SEAGATE
STHS20000800,8719706043212,752.41,4,instock,yes,20TB 1BIG DOCK,SEAGATE
STKY1000401,3660619041602,55.12,15,instock,yes,1TB ONETOUCHPORTABLE WITH PP,SEAGATE
1000704,5714708005056,17.16,43,instock,yes,UNI PS UK 01,EPOS
1000822,,23.1,6,instock,yes,USB-ED 01,EPOS
1000824,5714708006251,49.49,12,instock,yes,USB-ED CC 01 MS,EPOS
1000702,,25.74,4,instock,yes,CH 30,EPOS
1001230,5714708010371,11.88,13,instock,yes,IMPACT 700 EAR PADS,EPOS
1000937,5714708007388,151.12,131,instock,yes,EXPAND 40T,EPOS
1001109,,86.55,1,instock,yes,EDU 10,EPSON
1000840,5714708006411,15.84,4,instock,yes,^CLS 01,EPOS
1001137,,99.95,18,instock,yes,IMPACT 1030T,EPOS
1000202,,254.06,3,instock,yes,EXPAND 80,EPOS
1000203,,254.06,1,instock,yes,EXPAND 80T,EPOS
1000445,,8.34,16,instock,yes,PC 5 CHAT,EPOS
1001139,,36.29,2,instock,yes,^IMPACT CH 40,EPOS
1000687,5714708004882,3.96,19,instock,yes,HZP SDW 10,EPOS
1001138,,111.12,164,instock,yes,IMPACT 1060T,EPOS
1001254,5714708010630,44.11,373,instock,yes,IMPACT 430T,EPOS
1001375,5714708012054,68.63,10,instock,yes,IMPACT 500 MS UC ANC WL,EPOS
1001132,,99.95,2,instock,yes,IMPACT 1030,EPOS
1001253,5714708010623,44.11,2314,instock,yes,IMPACT 460T,EPOS
1001134,,111.12,1,instock,yes,IMPACT 1060,EPOS
1001419,5714708012405,25.13,876,instock,yes,IMPACT 100 MS MONO USB-C+A,EPOS
1000723,5714708005247,3.96,77,instock,yes,HZP 25 DW 10,EPOS
1000206,,49.49,26,instock,yes,BTD 800 USB-C,EPOS
1001131,,175.89,21,instock,yes,IMPACT 1061 ANC,EPOS
1001494,5714708013150,64.21,31,instock,yes,IMPACT 400 MS UC ANC USB-C+A,EPOS
1001251,5714708010609,44.11,4,instock,yes,IMPACT 460,EPOS
1001490,5714708013112,80.81,14,instock,yes,IMPACT 500 MS UC ANC WL USB-C+A,EPOS
1000432,,13.92,12,instock,yes,PC 8 USB,EPOS
1000554,5714708003533,72.59,6,instock,yes,SC 630,EPOS
1000792,5714708005933,7.26,124,instock,yes,HZP 34,EPOS
1000550,5714708003519,19.54,595,instock,yes,SC 30 USB ML,EPOS
1000431,,12.05,15,instock,yes,PC 7 USB,EPOS
1000836,5714708006374,11.22,8,instock,yes,CSTD 01,EPOS
1000832,5714708006336,6.6,10,instock,yes,USB-A TO USB-C,EPOS
1001008,5714708008101,122.28,8,instock,yes,ADAPT 361,EPOS
1000708,5714708005094,7.26,16,instock,yes,USB CABLE - DW,EPOS
1000982,5714708007845,25.74,8,instock,yes,SDW D1 ACCESSORY PACK,EPOS
1001433,5714708012542,153.55,19,instock,yes,IMPACT 5000 GO MS MONO,EPOS
1000225,,89.09,47,instock,yes,SP 30T,EPOS
1001436,5714708012573,166.95,13,instock,yes,IMPACT 5000 GO MS WL USB-A,EPOS
1001023,5714708008255,220.56,12,instock,yes,SDW 5065 - EU/UK/AUS,EPOS
1001025,5714708008279,226.14,2,instock,yes,SDW 5036 - EU/UK/AUS,EPOS
1001421,5714708012429,25.13,615,instock,yes,IMPACT 100 MS STEREO USB-C+A,EPOS
1001420,5714708012412,25.13,42,instock,yes,IMPACT 100 UC STEREO USB-C+A,EPOS
1000737,5714708005384,3.3,149,instock,yes,EH DW 10 B,EPOS
1000579,5714708003205,67.01,60,instock,yes,SC 260 USB MS II,EPOS
1001261,5714708010708,97.72,25,instock,yes,ADAPT E1 NORDIC WHITE,EPOS
1001262,5714708010715,97.72,56,instock,yes,ADAPT E1 SCANDINAVIAN BLACK,EPOS
1001214,5714708010197,72.03,42,instock,yes,IMPACT 760T,EPOS
1001213,5714708010180,72.03,12,instock,yes,IMPACT 760,EPOS
1001176,5714708009801,72.03,60,instock,yes,IMPACT 860,EPOS
1000761,5714708005629,25.74,7,instock,yes,ATC 02,EPOS
1000882,5714708006848,86.55,237,instock,yes,ADAPT 260,EPOS
1001212,5714708010173,72.03,401,instock,yes,IMPACT 730T,EPOS
1000645,5714708004448,100.51,6,instock,yes,SC 665 USB,EPOS
1001173,,127.87,24,instock,yes,IMPACT 1061T,EPOS
1001174,5714708009788,86.55,154,instock,yes,IMPACT 860 ANC,EPOS
1000631,5714708004820,108.88,10,instock,yes,SDW 10 HS,EPOS
1000633,5714708004325,128.68,11,instock,yes,SDW 60 HS,EPOS
1000632,5714708004837,115.48,18,instock,yes,SDW 30 HS,EPOS
1001289,5714708011194,11.88,15,instock,yes,IMPACT 800/1000 EAR PADS,EPOS
1000991,5714708007944,133.45,1,instock,yes,D 30 USB ML - EU,EPOS
1000515,,55.84,20,instock,yes,SC 260,EPOS
1001160,5714708009627,125.63,109,instock,yes,ADAPT 560 II,EPOS
1000300,5714708001010,144.62,3,instock,yes,SDW 5011 - EU,EPOS
1000301,5714708001027,150.2,15,instock,yes,SDW 5031 - EU,EPOS
1001026,5714708008286,237.31,8,instock,yes,SDW 5066 - EU/UK/AUS,EPOS
1001136,,159.14,194,instock,yes,IMPACT 1060T ANC,EPOS
1000555,5714708003540,92.13,15,instock,yes,SC 660,EPOS
1000721,,29.7,2,instock,yes,^CH 10,EPOS
1000897,5714708006985,86.55,132,instock,yes,ADAPT 261,EPOS
1001177,5714708009818,86.55,4198,instock,yes,IMPACT 860T ANC,EPOS
1000221,,69.8,71,instock,yes,ADAPT 160T ANC USB-C,EPOS
1001179,5714708009832,72.03,217,instock,yes,IMPACT 860T,EPOS
1000650,5714708004455,122.28,6,instock,yes,SC 660 ANC USB,EPOS
1000209,5714708000105,122.28,2,instock,yes,ADAPT 360,EPOS
1000903,,27.36,19,instock,yes,^ADAPT 130T USB-C II,EPOS
1000904,,39.09,1,instock,yes,^ADAPT 135T USB-C II,EPOS
1000635,,39.09,64,instock,yes,SC 75 USB MS,EPOS
1000901,,33.5,117,instock,yes,ADAPT 160T USB II,EPOS
1000906,,44.11,1647,instock,yes,ADAPT 165T USB-C II,EPOS
1001171,,175.89,12,instock,yes,IMPACT 1061T ANC,EPOS
1001170,5714708009740,125.63,5,instock,yes,ADAPT 561 II,EPOS
EF-UA566CTEGWW,8806100000000,6.79,3,instock,yes,^SCREEN PROTECTOR FOR GALAXY A56,SAMSUNG
EF-PS938CBEGWW,8806095879482,16.74,11,instock,yes,^S25 ULTRA SILICONE CASE BLK,SAMSUNG
GP-FPS942AEABW,8800339652916,1.96,500,instock,yes,BLACK CASE FOR S26 BULK,SAMSUNG
EP-DG930DWEGWW,8806088571447,7.83,3,instock,yes,USB COMBO CABLEWHITE,SAMSUNG
EF-RX510CBEGWW,8806095196503,31.33,2,instock,yes,OUTDOOR PROTECTIVE CASE FOR TAB S10,SAMSUNG
EF-BX230PBEGWW,8806097850359,24.54,1,instock,yes,BOOK COVER FOR GALAXY TAB A11+,SAMSUNG
EP-P6300TWEGGB,8806090701498,47.0,2,instock,yes,TRIO WIRELESS CHARGERWHITE,SAMSUNG
GP-TOU024SAGBW,8809894146670,15.67,2,instock,yes,^MAGNETIC CARD WALLET ACCESSORY,SAMSUNG
EF-DX930BBEGGB,8806097735199,95.73,6,instock,yes,S11 ULTRA BOOK COVER KEYBOARD SLIM B,SAMSUNG
EF-RS948CBEGWW,8806097880080,32.54,30,instock,yes,RUGGED MAGNET CASE FOR GALAXY S26 UL,SAMSUNG
EP-P2400TWEGGB,8806092978669,27.68,1,instock,yes,15W WIRELESS CHARGER PAD WHITE,SAMSUNG
EF-QS948CTEGWW,8806097887041,11.97,5,instock,yes,CLEAR CASE FOR GALAXY S26 ULTRA,SAMSUNG
SM-S947BZKDEUB,8806097828372,878.45,1,instock,yes,GALAXY S26+ BLACK 256GB,SAMSUNG
SM-S931BLBDEUB,8806095851143,638.65,1,instock,yes,^S25 ICYBLUE 128GB,SAMSUNG
SM-S947BZWGEUB,8806097828129,1014.34,4,instock,yes,GALAXY S26+ WHITE 512GB,SAMSUNG
SM-S931BDBDEUB,8806095852393,638.65,1,instock,yes,^S25 NAVY 128GB,SAMSUNG
SM-A276BZKBEUB,8806099353476,257.56,1,instock,yes,GALAXY A27 5G BLACK 128GB  6GB,SAMSUNG
SM-A376BZAGEUB,8806099035211,366.89,31,instock,yes,A37 AWESOME CHARCOAL 256GB 8GB 5G,SAMSUNG
SM-S942BLBGEUB,8806097827634,702.6,1,instock,yes,GALAXY S26 SKY BLUE 256GB,SAMSUNG
SM-A376BZABEEB,8806099113469,318.99,520,instock,yes,GALAXY A37 ENTERPRISE EDITION 128GB,SAMSUNG
SM-A576BZABEEB,8806099105273,382.94,375,instock,yes,GALAXY A57 ENTERPRISE EDITION 128GB,SAMSUNG
SM-A276BZKBEEB,8806099353445,255.04,385,instock,yes,GALAXY A27 5G BLACK 128GB  6GB ENTER,SAMSUNG
SM-S942BZKGEEB,8806099108816,702.66,17,instock,yes,GALAXY S26 BLACK 256GB ENTERPRISE,SAMSUNG
SM-A266BZKBEEB,8806097330523,202.09,46,instock,yes,^A26 128GB BLACK ENTERPRISE EDITION,SAMSUNG
SM-A176BZKAEEB,8806097784487,142.91,1520,instock,yes,SAMSUNG GALAXY A17 5G EE BLACK 128G,SAMSUNG
NP750XGK-KG3UK,8806095497334,586.71,199,instock,yes,"BOOK4  WIFI 15.6"" CORE 5 8GB 256GB",SAMSUNG
NP750XGK-KG4UK,8806095497327,508.39,223,instock,yes,"BOOK4  WIFI 15.6"" CORE 3 8GB 256GB",SAMSUNG
SM-X130NZAAEUB,8806097781950,133.82,1035,instock,yes,GXY TAB A11 WIFI 64GB GRAY,SAMSUNG
SM-X236BZAPEUB,8806097854906,323.86,82,instock,yes,GXY TAB A11+ 5G 256GB GRAY,SAMSUNG
SM-X230NZAREUB,8806097855040,228.84,334,instock,yes,GXY TAB A11+ WIFI 128GB GRAY,SAMSUNG
SM-X936BZSREUB,8806097710929,1123.61,1,instock,yes,GXY TAB S11 ULTRA 5G 256GB SILVER,SAMSUNG
SM-X236BZAREUB,8806097854845,268.43,484,instock,yes,GXY TAB A11+ 5G 128GB GRAY 6GB,SAMSUNG
SM-X135FZAAEUB,8806097744245,173.41,546,instock,yes,GXY TAB A11 LTE 64GB GRAY,SAMSUNG
SM-X130NZAEEUB,8806097781936,189.24,212,instock,yes,GXY TAB A11 WIFI 128GB GRAY,SAMSUNG
SM-X406BZSPEUB,8806100000000,403.04,1,instock,yes,GXY TAB S10 LITE 5G 256GB SILVER,SAMSUNG
SM-X520NLBPEUB,,505.98,1,instock,yes,GXY TAB S10 FE WIFI 256GB BLUE,SAMSUNG
SM-X135FZAEEUB,8806097744443,228.84,478,instock,yes,GXY TAB A11 LTE 128GB GRAY,SAMSUNG
XE550XGA-KC1UK,8806100000000,599.2,46,instock,yes,CHROMEBOOK PLUS WIFI 15 I3 8GB 256GB,SAMSUNG
BX8071514900F,5032037279208,401.04,2,instock,yes,INTEL CORE I9-14900F CPU,INTEL
BX80701G6405,5032037215497,53.06,4,instock,yes,INTEL PENTIUM GOLD G6405 CPU,INTEL
ST122HD4KU,0065030858465,33.68,20,instock,yes,STARTECH VIDEO SPLITTER,STARTECH
J8177CST,0065030865234,27.2,3,instock,yes,HP COMPATIBLE J8177C 1000BASE-T RJ45,STARTECH
LAPTOP-TOOL-KIT,0065030920933,33.61,4,instock,yes,40-PIECE REPAIR TOOLKIT SET,STARTECH
J9151E-ST,0065030886345,122.39,5,instock,yes,J9151E COMPATIBLE,STARTECH
SFPCAP10,0065030875950,9.4,3,instock,yes,SFP DUST COVERS - 10 PACK,STARTECH
TRM2REMVBLEPCIE,0065030900393,22.7,6,instock,yes,M.2 NVME DRIVE TRAY,STARTECH
J9150D-ST,0065030886093,95.24,8,instock,yes,J9150D COMPATIBLE,STARTECH
N2M2SSDDUPLICTR,0065030904728,41.97,4,instock,yes,NVME TO 2.5 3.5 SATA CLONER,STARTECH
USB31000S,0065030848404,18.39,92,instock,yes,STARTECH.COM USB 3.0 TO GIGABIT ETHE,STARTECH
US1GC30B2,0065030895804,11.78,281,instock,yes,USB-C TO ETHERNET ADAPTER,STARTECH
USB31CAADP,0065030860789,6.14,185,instock,yes,USB-C TO USB-A ADAPTER CABLE M/F,STARTECH
DKT30CHSDPD1,0065030891790,27.82,84,instock,yes,USB-C MULTIPORT ADAPTER 4K,STARTECH
ICUSB232DB25,0065030840453,11.66,21,instock,yes,USB TO RS232 DB9/DB25 SERIAL ADAPTER,STARTECH
2GPD3USBCENET,0065030904742,22.65,5,instock,yes,USB TYPE-C ETHERNET ADAPTER,STARTECH
HDMIDISPLAYPT,0065030897143,34.65,10,instock,yes,HDMI TO DISPLAYPORT ADAPTER,STARTECH
FCREADMICRO3V2,0065030899178,14.66,8,instock,yes,USB MULTI-MEDIA CARD READER,STARTECH
USBABLTOOTHV5C2,0065030894951,9.44,18,instock,yes,USB BLUETOOTH 5.0 ADAPTER,STARTECH
ST10GSPEXNDP2,0065030897693,109.53,5,instock,yes,10G PCIE NETWORK ADAPTER CARD,STARTECH
AV53C1USBBTOOTH,0065030906197,15.22,7,instock,yes,USB BLUETOOTH 5.3 ADAPTER,STARTECH
ICUSB232V2,0065030852609,12.82,98,instock,yes,STARTECH.COM 1 PORT USB TO RS232,STARTECH
I13PSERIALENET,0065030906005,144.38,5,instock,yes,POE SERIAL TO ETHERNET ADAPTER,STARTECH
DKT30CSDHPD3,0065030880022,53.45,76,instock,yes,USB-C MULTIPORT ADAPTER HDMI SD READ,STARTECH
ICUSB2324I,0065030848343,78.09,5,instock,yes,STARTECH.COM 4 PORT USB,STARTECH
ICUSB232FTN,0065030846837,22.95,25,instock,yes,1 PORT USB TO NULL MODEM RS232 DB9 S,STARTECH
NOTECONS02,0065030854382,336.21,1,instock,yes,KVM CONSOLE - LAPTOP USB 2.0 PORTABL,STARTECH
U2GAUSBCENET,0065030905176,19.05,13,instock,yes,USB TYPE-C ETHERNET ADAPTER,STARTECH
USB433ACD1X1,0065030863773,16.79,20,instock,yes,USB WI-FI ADAPTER - AC600,STARTECH
109B-USBC-HDMI,0065030894579,76.2,5,instock,yes,USB-C TO DUAL-HDMI ADAPTER,STARTECH
112BUSBCHDMI21,0065030895095,20.81,10,instock,yes,USB-C TO HDMI ADAPTER 8K 60HZ,STARTECH
HDMI2HDMIMFDN,0065030903899,2.84,40,instock,yes,UP ANGLE HDMI ADAPTER M F,STARTECH
USB31000S2,0065030893664,16.14,25,instock,yes,USB TO ETHERNET ADAPTER - 1GB,STARTECH
DP2VGA2,0065030836883,14.38,76,instock,yes,STARTECH DISPLAYPORT TO VGA ADAPTER,STARTECH
DP2VGA3,0065030848701,12.35,132,instock,yes,DISPLAY PORT 1.2 VGA ADAPTER,STARTECH
SM2DUPE11,0065030891608,623.07,6,instock,yes,M.2 SATA & M.2 NVME DUPLICATOR,STARTECH
USBCHDMICDP2HD,0065030893787,9.69,204,instock,yes,USB-C TO HDMI ADAPTER 4K 60HZ,STARTECH
US1GC30W,0065030862974,19.38,65,instock,yes,USB-C TO GIGABIT ETHERNET ADAPTER,STARTECH
DP2DVI2,0065030836869,6.12,78,instock,yes,STARTECH DISPLAYPORT TO DVI VIDEO,STARTECH
DKT31CMDPHPD,0065030892025,55.8,32,instock,yes,USB-C MULTIPORT ADAPTER,STARTECH
C21GAUSBENET,0065030907842,19.31,10,instock,yes,USB-C TO ETHERNET ADAPTER,STARTECH
CDP2DPEC,0065030888851,11.66,5,instock,yes,USB C TO DP ADAPTER - 8K 4K,STARTECH
ICUSB232PRO,0065030820080,19.15,10,instock,yes,STARTECH USB TO RS-232 ADAPTER WITH,STARTECH
DP2HD4K60H,0065030879729,22.43,30,instock,yes,DP TO HDMI ADAPTER WITH HDR,STARTECH
C22GUSBETHERNET,0065030910415,18.77,3,instock,yes,USB TYPE-C ETHERNET ADAPTER,STARTECH
ST10GSPEXNB2,0065030897549,116.67,3,instock,yes,10G PCIE NETWORK ADAPTER CARD,STARTECH
167BUSBCMULTIPT,0065030901260,46.6,7,instock,yes,USB-C USB-A MULTIPORT ADAPTER,STARTECH
102BUSBCMULTIPT,0065030893961,72.96,19,instock,yes,USB C MULTIPORT ADAPTER,STARTECH
HD2VGAE3,0065030907729,8.09,1,instock,yes,HDMI TO VGA ADAPTER 1080P,STARTECH
154BUSBCMULTIPT,0065030899499,80.87,6,instock,yes,USB-C TRIPLE-MONITOR ADAPTER,STARTECH
115BUSBCMULTIPT,0065030895552,29.18,12,instock,yes,USBC MULTIPORT ADAPTER 4K 60HZ,STARTECH
HDDVIMF8IN,0065030848589,6.44,62,instock,yes,8IN HDMI TO DVI-D VIDEOCABLEADAPTER,STARTECH
1P1FFCUSBSERIAL,0065030898300,20.07,10,instock,yes,1FT 30CM USB TO SERIAL ADAPTER,STARTECH
USB31CAADGCPRA,0065030911542,2.94,53,instock,yes,USB-C TO USB-A ADAPTER 5GBPS,STARTECH
117BUSBCMULTIPT,0065030896078,77.23,5,instock,yes,USB-C TRIPLE-MONITOR ADAPTER,STARTECH
120BUSBCMULTIPT,0065030895576,57.18,50,instock,yes,USB C MULTIPORT ADAPTER 2 HDMI,STARTECH
127BUSBCMULTIPT,0065030897372,26.53,9,instock,yes,USBC MULTIPORT ADAPTER 4K 60HZ,STARTECH
RDA1U,0065030865432,17.21,23,instock,yes,SERVER RACK RAIL DEPTH ADAPTER KIT -,STARTECH
CDP2DP,0065030862622,19.03,40,instock,yes,DISPLAYPORT OVER TYPE C TO DISPLAYPO,STARTECH
ST1000SPEX2,0065030849265,15.3,98,instock,yes,1PORT PCI EXPRESS GIGABIT SRVR,STARTECH
4PSATAM2ADAPTER,0065030903745,24.44,5,instock,yes,4-PORT M.2 TO SATA ADAPTER,STARTECH
USB31CAADGCP,0065030907071,2.84,30,instock,yes,USB-C TO USB-A ADAPTER 5GBPS,STARTECH
USB32HD2,0065030868952,31.27,12,instock,yes,USB 3.0 - TYPE A TO DUAL HDMI DISPLA,STARTECH
NTBKBAG173,0065030880893,94.79,5,instock,yes,17.3 LAPTOP BACKPACK W  CASE,STARTECH
142USBCDP8K10F,0065030901291,16.66,8,instock,yes,10FT USB-C TO DP ADAPTER CABLE,STARTECH
S2CEPR2MUSBCAB,0065030919975,8.39,10,instock,yes,USB-C CHARGING CABLE 240W PD,STARTECH
USB2EPR4M,0065030909198,10.56,17,instock,yes,USB-C CHARGING CABLE 240W PD,STARTECH
LTLOCK4D,0065030880862,13.62,75,instock,yes,LAPTOP CABLE LOCK - 4-DIGIT,STARTECH
USB31CCV50CM,0065030893305,9.3,10,instock,yes,20 USB C CABLE 10GBPS GEN2,STARTECH
USB2CC3MBKE,0065030909587,4.87,65,instock,yes,3M USB-C CHARGING CABLE,STARTECH
HDMI21CBL8K605M,0065030923989,25.29,10,instock,yes,5M ULTRA HIGH SPEED HDMI 2.1,STARTECH
HDMM21V3M,0065030892636,16.23,10,instock,yes,10FT ULTRA HIGH SPEED HDMI 2.1,STARTECH
HDMISPLIT4K60UP,0065030897556,42.14,4,instock,yes,2-PORT HDMI SPLITTER 4K 60HZ,STARTECH
HDMI2CAB4K6050C,0065030910491,2.78,32,instock,yes,PREMIUM CERTIFIED HDMI CABLE,STARTECH
DP211MDP80CABLE,0065030908931,13.17,10,instock,yes,VESA-CERTIFIED DP 2.1 CABLE,STARTECH
USB2EPR2MW,0065030910194,7.47,280,instock,yes,USB-C CHARGING CABLE 240W PD,STARTECH
NLAQ7MCAT6APTC,0065030898119,5.1,22,instock,yes,7M CAT6A ETHERNET CABLE LSZH,STARTECH
SNBLKLAPTOPLOCK,0065030900737,12.98,10,instock,yes,NOBLE WEDGE? CABLE LOCK 5FT,STARTECH
DP14MM3M,0065030880541,15.61,30,instock,yes,3M 9.8FT DISPLAYPORT 1.4 CABLE,STARTECH
N6PAT200CMBKS,0065030882774,2.84,16,instock,yes,CAT6 CABLE - 2 M - BLACK,STARTECH
USB2CC1MNCWHE,0065030911863,2.84,21,instock,yes,1M WHITE USB-C CHARGING CABLE,STARTECH
RUSB2CC1MB,0065030886611,6.29,19,instock,yes,1 M USB C CABLE - BLACK,STARTECH
N6LPATCH3MGR,0065030892407,3.84,14,instock,yes,LSZH CAT6 ETHERNET CABLE UTP,STARTECH
HDMI2CAB4K601M,0065030910514,3.24,18,instock,yes,PREMIUM CERTIFIED HDMI CABLE,STARTECH
HDMM2M,0065030848893,4.9,239,instock,yes,2M HIGH SPEED HDMI CABLE - HDMI - M,STARTECH
NLAQ5MCAT6APTC,0065030896146,10.94,10,instock,yes,5M CAT6A ETHERNET CABLE LSZH,STARTECH
DP14MM2M,0065030880534,7.79,766,instock,yes,2M 6.6FT DISPLAYPORT 1.4 CABLE,STARTECH
S2CEPR2MUSBSLCB,0065030916790,11.01,20,instock,yes,6FT USB-C CHARGING CABLE 240W,STARTECH
UDCMTRAY,0065030888233,18.49,14,instock,yes,CABLE MANAGEMENT TRAY,STARTECH
USB2EPR2M,0065030909167,7.47,122,instock,yes,USB-C CHARGING CABLE 240W PD,STARTECH
USB31AC1M,0065030860758,4.64,55,instock,yes,USB-C TO USB-A CABLE - M/M - 1M (3FT,STARTECH
DP2HDMM2MB,0065030861182,11.31,81,instock,yes,6 FEET/2M DISPLAYPORT TO HDMI CONVE,STARTECH
USB2CC2MNCWHE,0065030911818,4.05,11,instock,yes,2M WHITE USB-C CHARGING CABLE,STARTECH
N6PAT200CMGRS,0065030882750,2.81,6,instock,yes,CAT6 CABLE - 2 M - GREY,STARTECH
HDMM21V5M,0065030892643,26.59,6,instock,yes,16FT ULTRA HIGH SPEED HDMI 2.1,STARTECH
RUSB31CC50CMBR,0065030898218,18.3,10,instock,yes,RUGGED RIGHT ANGLE USB-C CABLE,STARTECH
HDMI2CAB4K602M,0065030910477,3.62,237,instock,yes,PREMIUM CERTIFIED HDMI CABLE,STARTECH
USB2EPR3MW,0065030910217,9.68,6,instock,yes,USB-C CHARGING CABLE 240W PD,STARTECH
USB2EPR3M,0065030909181,9.68,19,instock,yes,USB-C CHARGING CABLE 240W PD,STARTECH
DP14MM1M,0065030879248,4.53,26,instock,yes,1M 3.3FT DISPLAYPORT 1.4 CABLE,STARTECH
CC1M40GUSBCABLE,0065030897068,14.63,74,instock,yes,3FT USB4 CABLE USB-C 40 GBPS,STARTECH
3FDPHDMI4K60HDR,0065030901840,16.5,3,instock,yes,DP TO HDMI ADAPTER CABLE 4K,STARTECH
CABLESTRIPCUT,0065030902731,7.41,35,instock,yes,NETWORK CABLE STRIPPER CUTTER,STARTECH
N6PAT5MBKS,0065030918824,4.9,29,instock,yes,5M BLACK SLIM CAT6 CABLE,STARTECH
USB2CC4MBKE,0065030917414,7.8,15,instock,yes,13FT USB-C CHARGING CABLE,STARTECH
HDMI2CAB4K60150,0065030910446,3.44,65,instock,yes,PREMIUM CERTIFIED HDMI CABLE,STARTECH
ICUSB2321F,0065030843485,21.68,21,instock,yes,6FT 1-PORT FTDI USB TO SERIAL ADAPTR,STARTECH
USB31CC50CM,0065030865654,9.17,9,instock,yes,50CM SUPERSPEED USB 3.1 10GBPS C TO,STARTECH
DP2HDMM1MB,0065030861199,9.97,11,instock,yes,1M DISPLAYPORT TO HDMI CABLE,STARTECH
USB3S2SAT3CB,0065030854696,6.49,38,instock,yes,1USB 3.0 TO 2.5 SATA III HARD DRIVE,STARTECH
1P6FFCNUSBSRL,0065030903240,22.7,5,instock,yes,USB SERIAL DCE ADAPTER CABLE,STARTECH
6FDPHDMI4K60HDR,0065030901857,18.06,7,instock,yes,DP TO HDMI ADAPTER CABLE 4K,STARTECH
HDMI21CBL8K601M,0065030920230,7.55,20,instock,yes,1M ULTRA HIGH SPEED HDMI 2.1,STARTECH
N6PAT5MBLS,0065030918831,4.9,29,instock,yes,5M BLUE SLIM CAT6 CABLE,STARTECH
USB2EPR4MW,0065030910231,10.56,20,instock,yes,USB-C CHARGING CABLE 240W PD,STARTECH
USB2AC30CMBK,0065030922449,2.57,4,instock,yes,30CM USB-A TO USB-C CABLE,STARTECH
DB9CONCABL6,0065030833660,12.06,20,instock,yes,STARTECH 6 FT CISCO CONSOLE CABLE,STARTECH
50C40GUSB4CABLE,0065030901673,13.71,10,instock,yes,1.6FT USB4 CABLE USB-C 40GBPS,STARTECH
USB2AC1MNC,0065030911788,2.88,45,instock,yes,1M USB-A TO USB-C CABLE,STARTECH
USB31AC50CM,0065030867016,5.94,1,instock,yes,0.5M USB TO USB-C CABLE 10GBPS,STARTECH
NLBK7MCAT6APTC,0065030896214,5.14,18,instock,yes,7M CAT6A ETHERNET CABLE LSZH,STARTECH
NLBL50CCAT8PTC,0065030908573,7.02,20,instock,yes,50CM CAT8 ETHERNET CABLE LSZH,STARTECH
DISPL2M,0065030844215,6.19,238,instock,yes,DISPLAYPORT 1.2 CABLE WITH LATCHES,STARTECH
DP211MDP40CABLE,0065030908948,8.33,8,instock,yes,VESA-CERTIFIED DP 2.1 CABLE,STARTECH
FOCLEANER,0065030906029,34.65,9,instock,yes,FIBER OPTIC CABLE CLEANER,STARTECH
HDMI21CBL8K602M,0065030920247,10.12,20,instock,yes,2M ULTRA HIGH SPEED HDMI 2.1,STARTECH
HDMI2CAB4K6015M,0065030910651,42.1,6,instock,yes,ACTIVE HIGH SPEED HDMI CABLE,STARTECH
USB3AAEXT5M,0065030846301,60.09,3,instock,yes,5M USB 3.0 ACTIVE EXTENSION CABLE,STARTECH
DPHDMI4K60HDR,0065030901864,19.11,15,instock,yes,DP TO HDMI ADAPTER CABLE 4K,STARTECH
N6PAT10MWHS,0065030919012,7.1,10,instock,yes,10M WHITE SLIM CAT6 CABLE,STARTECH
1P3FPCUSBSERIAL,0065030894593,20.16,10,instock,yes,USB TO SERIAL CABLE - WIN MAC,STARTECH
NLBL7MCAT6APTC,0065030896221,5.26,25,instock,yes,7M CAT6A ETHERNET CABLE LSZH,STARTECH
1M40GUSB4CABLE,0065030899635,14.51,40,instock,yes,1M USB4 CABLE USB-C 40 GBPS,STARTECH
USB3AAEXT10M,0065030846318,81.1,6,instock,yes,10 M USB 3.0 ACTIVE EXTENSION CABLE,STARTECH
N6LPATCH7MGR,0065030892827,5.83,4,instock,yes,LSZH CAT6 ETHERNET CABLE UTP,STARTECH
R2CCR1MUSBCABLE,0065030893572,6.03,9,instock,yes,3FT USB C CHARGING CABLE,STARTECH
TBLT5MM50CM240W,0065030920360,20.72,4,instock,yes,1.5FT 50CM THUNDERBOLT 5 CABLE,STARTECH
DP14VMM1M,0065030889216,9.46,16,instock,yes,3FT DISPLAYPORT 1.4 8K 60HZ,STARTECH
HDMM21V1M,0065030892612,10.83,18,instock,yes,3FT ULTRA HIGH SPEED HDMI 2.1,STARTECH
USB2AC4MBKE,0065030917391,7.54,26,instock,yes,4M USB-A TO USB-C CABLE,STARTECH
USB31CCV1M,0065030893312,10.91,138,instock,yes,3FT USB C CABLE 10GBPS GEN2,STARTECH
R2ACR1MUSBCABLE,0065030893824,4.91,25,instock,yes,USB A TO USB C CHARGING CABLE,STARTECH
HDMMV1M,0065030888561,7.21,16,instock,yes,3FT PREMIUM CERTIFIED HDMI 2.0,STARTECH
TBLT3MM2M,0065030864084,28.7,104,instock,yes,THUNDERBOLT320GBPS USB-C CABLE 2.,STARTECH
HDMI21CBL8K603M,0065030920261,13.1,9,instock,yes,3M ULTRA HIGH SPEED HDMI 2.1,STARTECH
N6PAT5MWHS,0065030918862,4.9,10,instock,yes,5M WHITE SLIM CAT6 CABLE,STARTECH
DP14MM5M,0065030880558,19.94,59,instock,yes,5M DISPLAYPORT 1.4 CABLE,STARTECH
CDP2HDMM1MH,0065030888950,13.74,124,instock,yes,10097 STARTECH 3FT (1M) USB C TOHDMI,STARTECH
N6LPATCH3MBK,0065030892391,3.5,54,instock,yes,LSZH CAT6 ETHERNET CABLE UTP,STARTECH
N6PAT100CMBKS,0065030882705,2.01,29,instock,yes,CAT6 CABLE - 1 M - BLACK,STARTECH
NLWH12MCAT8PTC,0065030898669,45.79,10,instock,yes,12M CAT8 ETHERNET CABLE LSZH,STARTECH
HDMM21V2M,0065030892629,14.0,9,instock,yes,6FT ULTRA HIGH SPEED HDMI 2.1,STARTECH
RUSB2CC2MB,0065030886635,7.68,13,instock,yes,2 M USB C CABLE - BLACK,STARTECH
N6PAT300CMWHS,0065030918695,3.94,9,instock,yes,3M WHITE SLIM CAT6 CABLE,STARTECH
NLBL150CAT6APTC,0065030895934,4.98,21,instock,yes,1.5M CAT6A ETHERNET CABLE LSZH,STARTECH
TBLT3MM1M,0065030864077,23.98,43,instock,yes,STARTECH 1M THUNDERBOLT TO USB-C,STARTECH
MDP2HD4K60S,0065030865838,18.82,11,instock,yes,MINI DISPLAYPORT TO HDMI 2.0,STARTECH
N6PAT250CMWHS,0065030918596,3.69,25,instock,yes,2.5M WHITE SLIM CAT6 CABLE,STARTECH
HDMI21CBL8K604M,0065030920353,21.19,10,instock,yes,4M ULTRA HIGH SPEED HDMI 2.1,STARTECH
HDMI2CAB4K607M,0065030910569,11.51,10,instock,yes,PREMIUM CERTIFIED HDMI CABLE,STARTECH
HDMI2CAB4K6010M,0065030910644,25.55,7,instock,yes,ACTIVE HIGH SPEED HDMI CABLE,STARTECH
UCC3M10GUSBCAB,0065030895842,34.38,38,instock,yes,3M ACTIVE USB-C CABLE USB 3.2,STARTECH
S2CEPR3MUSBSLCB,0065030916806,12.15,10,instock,yes,10FT USB-C CHARGING CABLE,STARTECH
NLWH1MCAT6APTC,0065030896795,4.44,28,instock,yes,1M CAT6A ETHERNET CABLE LSZH,STARTECH
S2CEPR1MUSBCAB,0065030919968,8.02,20,instock,yes,USB-C CHARGING CABLE 240W PD,STARTECH
12SCABLACINGBAR,0065030901680,11.52,8,instock,yes,1U RACK-MOUNT CABLE LACING BAR,STARTECH
USB2AC2MNC,0065030911849,4.5,35,instock,yes,2M USB-A TO USB-C CABLE,STARTECH
N6LPATCH5MGR,0065030892230,4.71,21,instock,yes,LSZH CAT6 ETHERNET CABLE UTP,STARTECH
NLBK3MCAT6APTC,0065030896016,7.07,30,instock,yes,3M CAT6A ETHERNET CABLE LSZH,STARTECH
NLWH10MCAT8PTC,0065030898676,35.47,4,instock,yes,10M CAT8 ETHERNET CABLE LSZH,STARTECH
DP14VMM3M,0065030889087,13.85,10,instock,yes,10FT DISPLAYPORT 1.4 8K 60HZ,STARTECH
DISPLPORT6L,0065030827812,7.71,143,instock,yes,6 FT DISPLAYPORT VIDEO CABLE,STARTECH
DP2HDMI2,0065030836876,9.48,63,instock,yes,DISPLAYPORT TO HDMI VIDEO ADAPTER CO,STARTECH
RUSB2AC1MB,0065030886666,6.12,13,instock,yes,1 M USB 2.0 TO USB C CABLE,STARTECH
NLAQ750CAT6APTC,0065030896177,5.57,29,instock,yes,7.5M CAT6A ETHERNET CABLE LSZH,STARTECH
USB2AC2MNCWHE,0065030911856,4.5,43,instock,yes,6FT USB-A TO USB-C CABLE,STARTECH
CDP2HDMM2MH,0065030888844,14.8,38,instock,yes,6FT USB C TO HDMI CABLE 4K HDR,STARTECH
USB315AC1M,0065030872621,5.91,58,instock,yes,USB TO USB-C CABLE M/M 1M,STARTECH
DP14VMM2M,0065030888578,9.84,22,instock,yes,6FT DISPLAYPORT 1.4 8K 60HZ,STARTECH
N6LPATCH10MBK,0065030892797,7.48,14,instock,yes,LSZH CAT6 ETHERNET CABLE UTP,STARTECH
CDP2DP146B,0065030880350,15.2,39,instock,yes,6' USB C TO DP 1.4 CABLE,STARTECH
NLBK10MCAT6APTC,0065030895897,21.03,10,instock,yes,10M CAT6A ETHERNET CABLE LSZH,STARTECH
DP14MDPMM2MB,0065030892032,13.84,5,instock,yes,MINIDP - DISPLAYPORT 1.4 CABLE,STARTECH
HDMMV2M,0065030889056,8.53,24,instock,yes,6FT PREMIUM CERTIFIED HDMI 2.0,STARTECH
EXTHDMI4K40C6P1,0065030895156,79.52,3,instock,yes,HDMI EXTENDER OVER CAT6 4K POC,STARTECH
NLBL1MCAT6APTC,0065030895965,4.45,30,instock,yes,1M CAT6A ETHERNET CABLE LSZH,STARTECH
N6LPATCH15MBL,0065030892698,6.09,17,instock,yes,LSZH CAT6 ETHERNET CABLE UTP,STARTECH
CABLMANAGERH,0065030872898,25.24,10,instock,yes,CABLE MANAGEMENT PANEL WITH HOLES- D,STARTECH
TBLT4MM50CM,0065030893466,25.18,9,instock,yes,1.6FT 50CM THUNDERBOLT CABLE,STARTECH
USB31C5C1M,0065030863933,18.59,25,instock,yes,1M SUPERSPEED POWER DELIVERY5A USB,STARTECH
N6PAT100CMGRS,0065030882699,1.16,108,instock,yes,CAT6 CABLE - 1 M - GREY,STARTECH
NLBK50CCAT6APTC,0065030896047,3.78,30,instock,yes,50CM CAT6A ETHERNET CABLE LSZH,STARTECH
CMLB102,0065030869027,46.56,4,instock,yes,CABLE LACING BAR - 75 DEGREES - 2 IN,STARTECH
DP14VMM5M,0065030889285,23.6,5,instock,yes,16FT DISPLAYPORT 1.4 8K 60HZ,STARTECH
ICUSBROLLOVR,0065030880459,15.35,40,instock,yes,CISCO USB CONSOLE CABLE,STARTECH
CDP2DP2MBD,0065030886802,14.12,15,instock,yes,6.6 FT. USB C TO DP 1.2 CABLE,STARTECH
CDP2HDMM3MH,0065030888776,17.19,10,instock,yes,10FT USB C TO HDMI CABLE HDR,STARTECH
USB315CCV2M,0065030893534,12.46,104,instock,yes,6FT USB C CABLE 5GBPS GEN1,STARTECH
N6PAT50CMBKS,0065030882675,1.69,24,instock,yes,CAT6 CABLE - 0.5 M - BLACK,STARTECH
N6PAT300CMBKS,0065030882804,3.31,16,instock,yes,CAT6 CABLE - 3 M - BLACK,STARTECH
USB315C5C6,0065030879941,17.9,71,instock,yes,6FT 1.8M USB C CABLE W  5A PD,STARTECH
NLBK5MCAT6APTC,0065030896153,10.93,8,instock,yes,5M CAT6A ETHERNET CABLE LSZH,STARTECH
R2ACR30CUSBCAB,0065030893817,4.63,30,instock,yes,USB A TO USB C CHARGING CABLE,STARTECH
133DSPYPTHDMI21,0065030897358,27.13,3,instock,yes,DISPLAYPORT TO HDMI CABLE,STARTECH
HDMI2CAB4K603M,0065030910521,6.01,11,instock,yes,PREMIUM CERTIFIED HDMI CABLE,STARTECH
R2ACR2MUSBCABLE,0065030895866,5.52,20,instock,yes,USB A TO USB C CHARGING CABLE,STARTECH
1P3FPUSBSERIAL,0065030894586,13.52,8,instock,yes,USB TO SERIAL CABLE - WIN MAC,STARTECH
USB2AC1MNCWHE,0065030911870,2.88,21,instock,yes,3FT USB-A TO USB-C CABLE,STARTECH
R2CCR2MUSBCABLE,0065030893848,7.0,11,instock,yes,6FT USB C CHARGING CABLE,STARTECH
RK1536BKF,0065030887151,411.06,2,instock,yes,15U SERVER RACK CABINET,STARTECH
DP212MDP40CABLE,0065030908955,9.29,15,instock,yes,VESA-CERTIFIED DP 2.1 CABLE,STARTECH
SFP10GLRST,0065030864275,190.85,5,instock,yes,CISCO COMPATIBLE SFP-10G-LR 10GBASE-,STARTECH
RUSB315CC2MBR,0065030889933,18.01,10,instock,yes,RUGGED RIGHT ANGLE USB-C CABLE,STARTECH
NLWH10MCAT6APTC,0065030896771,21.05,10,instock,yes,10M CAT6A ETHERNET CABLE LSZH,STARTECH
CABLMANAGER2,0065030783248,19.54,9,instock,yes,1U METAL RACK PATCH CABLE MANAGER,STARTECH
TBLT5MM1M240W,0065030910026,23.0,5,instock,yes,3FT 1M THUNDERBOLT 5 CABLE,STARTECH
HDMI2CAB4K604M,0065030910545,6.4,13,instock,yes,PREMIUM CERTIFIED HDMI CABLE,STARTECH
USB2CC1MNC,0065030907187,2.84,77,instock,yes,1M USB-C CHARGING CABLE,STARTECH
USB31CC1M,0065030860741,10.32,68,instock,yes,3FT USB-C CABLE - USB 10GBPS,STARTECH
USB2AAEXT15M,0065030846974,43.53,22,instock,yes,15MTR USB 2.0 ACTIVE EXT.CABLE,STARTECH
HDMI21CBL50CM,0065030920216,6.44,20,instock,yes,50CM ULTRA HIGH SPEED HDMI 2.1,STARTECH
HDMI2CAB4K605M,0065030910583,7.06,37,instock,yes,PREMIUM CERTIFIED HDMI CABLE,STARTECH
USB2AC15CMBK,0065030922456,2.38,39,instock,yes,6IN USB-A TO USB-C CABLE,STARTECH
RK1233BKM,0065030870252,391.71,2,instock,yes,12U  33 INCH DEEP ENCLOSURE - ASSEMB,STARTECH
LTULOCK4D,0065030882897,19.98,14,instock,yes,2M 6.6FT LAPTOP CABLE LOCK,STARTECH
1P3FFCNBUSBSRL,0065030900362,20.32,10,instock,yes,USB SERIAL DCE ADAPTER CABLE,STARTECH
RUSB31CC1MBR,0065030891271,20.27,15,instock,yes,RUGGED RIGHT ANGLE USB-C CABLE,STARTECH
USB2CC2MNC,0065030907194,4.05,114,instock,yes,2M USB-C CHARGING CABLE,STARTECH
USB315CC2M,0065030869928,10.32,52,instock,yes,2M SUPERSPEED USB 3.1 5 GBPS GEN1,STARTECH
SFPCMM2M,0065030849609,22.9,10,instock,yes,2M SFP+ 10-GIGABIT ETHERNET 10GBE,STARTECH
N6PAT200CMBLS,0065030882767,1.35,78,instock,yes,CAT6 CABLE - 2 M - BLUE,STARTECH
USB2AC3MNC,0065030917360,5.36,18,instock,yes,3M USB-A TO USB-C CABLE,STARTECH
136BUSBCHDMI213,0065030897433,27.51,4,instock,yes,USB-C TO HDMI ADAPTER CABLE,STARTECH
N6PAT300CMGRS,0065030882798,3.33,130,instock,yes,CAT6 CABLE - 3 M - GREY,STARTECH
134BUSBCHDMI211,0065030897426,22.07,1,instock,yes,USB-C TO HDMI ADAPTER CABLE,STARTECH
ST121HDBTE,0065030851107,154.27,11,instock,yes,HDMI EXTENDER 70M HDBASE-T POWER FRO,STARTECH
USB2EPR1MW,0065030910170,6.62,14,instock,yes,USB-C CHARGING CABLE 240W PD,STARTECH
NLWH5MCAT6APTC,0065030896832,10.93,10,instock,yes,5M CAT6A ETHERNET CABLE LSZH,STARTECH
RUSB2AC2MB,0065030886642,7.14,12,instock,yes,1 M USB 2.0 TO USB C CABLE,STARTECH
450FBLCLC2,0065030870818,10.51,54,instock,yes,2M LC-LC 50/125 OM4 DUPLEX MULTIMODE,STARTECH
450FBLCLC1,0065030870832,9.8,6,instock,yes,1M LC TO LC OM4 MULTIMODE,STARTECH
NLWH150CAT6APTC,0065030896788,4.97,30,instock,yes,1.5M CAT6A ETHERNET CABLE LSZH,STARTECH
USB315CC1M,0065030874007,7.97,48,instock,yes,1M SUPERSPEED USB 3.1 5GBPS C TO C C,STARTECH
450FBLCLC3,0065030870825,12.24,25,instock,yes,3M LC-LC 50/125 OM4 DUPLEX MULTIMODE,STARTECH
CDP2DP142MBD,0065030887922,8.53,24,instock,yes,6.6 FT. USB C TO DP 1.4 CABLE,STARTECH
DP213MDP40CABLE,0065030920568,17.6,10,instock,yes,VESA-CERTIFIED DP 2.1 CABLE,STARTECH
SFPCMM3M,0065030849593,26.11,5,instock,yes,3M CISCO COMPATIBLE SFP 10,STARTECH
USB2AC3MNCWHE,0065030917377,5.36,23,instock,yes,3M USB-A TO USB-C CABLE,STARTECH
4K70ICEXHDMI,0065030899208,136.0,5,instock,yes,4K HDMI EXTENDER 4K 60HZ HDR,STARTECH
CDP2HDMM5MH,0065030889001,20.77,10,instock,yes,16FT USB C TO HDMI CABLE HDR,STARTECH
CMBRUSH1U,0065030852845,31.69,7,instock,yes,1U BRUSH HORIZONTAL CABLE MANAGEMENT,STARTECH
DK30A2DHUUE,0065030891615,72.17,41,instock,yes,HYBRID USB-C USB-A DOCK,STARTECH
DK31C2DHSPDUE,0065030891639,102.93,20,instock,yes,TRIPLE 4K USB C DOCK -100W PD,STARTECH
DK31C3HDPDUE,0065030881944,151.07,12,instock,yes,USB-C USB-A DOCK,STARTECH
116U-USBC-DOCK,0065030900096,129.04,18,instock,yes,TRIPLE MONITOR DOCKING STATION,STARTECH
150UEUSB4DCKTRP,0065030902885,170.95,4,instock,yes,3X MONITOR USB4 DOCK 100W PD,STARTECH
TB3CDK2DHUE,0065030880992,128.06,21,instock,yes,TB3 USB-C DOCK - 2XDP HDMI,STARTECH
DK30CH2DEPUE,0065030880015,89.6,16,instock,yes,10097 STARTECH TRIPLE MONITOR 4K DOC,STARTECH
DK30C2DPEPRUE,0065030912945,142.55,5,instock,yes,3X MONITOR DOCKING STATION,STARTECH
USB3DOCKHDPC,0065030859233,74.17,25,instock,yes,USB 3.0 DOCKING STATION DUAL MONITOR,STARTECH
132UETB4USB4DCK,0065030899680,187.29,5,instock,yes,THUNDERBOLT 4 DOCK 2X HDMI DP,STARTECH
155UE-USB4-DOCK,0065030902878,130.41,4,instock,yes,USB4 DOCKING STATION DUAL 4K,STARTECH
USB3SDOCKHDV,0065030851299,56.24,74,instock,yes,STARTECH UNIVERSAL USB 3.0 DOCKING,STARTECH
USB3DOCKH2DP,0065030860918,80.69,30,instock,yes,TRIPLE-VIDEO DOCKING STATION FOR LAP,STARTECH
DK30C2DPEPUE,0065030879989,168.09,47,instock,yes,UNIVERSAL DOCK USB-C & USB-A,STARTECH
M2HDDDPLICATRN1,0065030898003,100.5,8,instock,yes,M.2 NVME DUPLICATOR DOCK,STARTECH
DK31C4DPPDUE,0065030876278,149.43,11,instock,yes,QUAD MONITOR USB-C DOCK 4K60,STARTECH
TB4CDOCKUE,0065030895064,130.41,8,instock,yes,THUNDERBOLT 4 DOCK 96W PD,STARTECH
FPWARTB1M,0065030870375,54.26,7,instock,yes,FULL MOTION TV WALL MOUNT - 32-55IN,STARTECH
ARMDUAL30,0065030863759,188.79,4,instock,yes,DUAL 30IN  MONITOR ARM,STARTECH
ARMDUAL,0065030858571,120.73,4,instock,yes,STARTECH DUAL MONITOR MOUNT WITH ART,STARTECH
KBTRAYADJ,0065030875158,47.03,1,instock,yes,UNDER DESK KEYBOARD TRAY,STARTECH
ARMDUALSS,0065030881227,118.84,11,instock,yes,DUAL MONITOR STAND,STARTECH
LAPTOPRISERBAR,0065030895798,24.91,88,instock,yes,LAPTOP RISER STAND ERGONOMIC,STARTECH
CABSHELFV,0065030848084,30.21,13,instock,yes,2U 16IN UNIV VTED RK MNT CANTILEVER,STARTECH
CPUWALLMNT,0065030870207,28.91,8,instock,yes,CPU WALL MOUNT,STARTECH
FPWARTS1,0065030870337,108.94,1,instock,yes,FULL MOTION TV WALL MOUNT,STARTECH
RK219WALLV,0065030834391,33.36,4,instock,yes,STARTECH 2U 19IN DEEP VERTICAL WALL,STARTECH
ACCSMNT,0065030867320,19.99,34,instock,yes,THIN CLIENT MOUNT - VESA MOUNT,STARTECH
FPWARTS2,0065030870344,150.52,2,instock,yes,TV WALL MOUNT - FULL MOTION,STARTECH
MBLTVSTNDEC,0065030891455,258.94,5,instock,yes,MOBILE TV CART FOR 37-70 TVS,STARTECH
WALLSTS1,0065030870139,285.5,1,instock,yes,WALL MOUNTED SIT STAND DESK,STARTECH
FPWARTB2,0065030870368,125.62,3,instock,yes,FLAT PANEL WALL MOUNT - ARTICULATING,STARTECH
LTRISERP,0065030875981,14.14,35,instock,yes,PORTABLE LAPTOP STAND,STARTECH
LTOPSTANDSILVER,0065030895132,31.59,71,instock,yes,LAPTOP STAND FOR DESK 5KG 11LB,STARTECH
1110CMBILETVCRT,0065030906302,378.33,1,instock,yes,ROLLING TV CART PORTABLE MOUNT,STARTECH
3M1A3SGMONARM,0065030902052,149.03,2,instock,yes,TRIPLE MONITOR DESK MOUNT,STARTECH
ARMPIVWALL,0065030865067,74.29,4,instock,yes,WALL MOUNTABLE ARTICULATING SINGLE M,STARTECH
FPPNEUSTND,0065030891868,47.49,15,instock,yes,SINGLE MONITOR STAND,STARTECH
FLATPNLWALL,0065030865487,45.49,16,instock,yes,FLAT PANEL WALL MOUNT WITH TILT,STARTECH
MONSTND,0065030867030,36.83,4,instock,yes,MONITOR RISER STAND,STARTECH
USPTLSTNDB,0065030888028,18.88,6,instock,yes,PHONE   TABLET STAND,STARTECH
ARMDUAL2,0065030884150,87.14,19,instock,yes,DESK MOUNT DUAL MONITOR ARM,STARTECH
ARMDUAL3,0065030887533,86.35,20,instock,yes,DESK MOUNT DUAL MONITOR ARM,STARTECH
ARMWALL,0065030870290,14.63,11,instock,yes,MONITOR WALL MOUNT - ALUMINUM,STARTECH
ARMPIVOTHD,0065030868204,84.16,4,instock,yes,SINGLE-MONITOR ARM - ONE-TOUCH HEIGH,STARTECH
ARMPIVOTHDB,0065030880510,87.15,28,instock,yes,MONITOR ARM - HEAVY DUTY,STARTECH
ARMBARTRIO2,0065030874670,149.24,2,instock,yes,TRIPLE MONITOR STAND - STEEL,STARTECH
ADJLAPTOPRISER,0065030895781,57.79,9,instock,yes,LAPTOP STAND FOR DESK,STARTECH
TVWALLMOUNT65FS,0065030897983,214.93,2,instock,yes,ARTICULATING TV WALL MOUNT,STARTECH
ARMBARDUOV,0065030870153,70.87,6,instock,yes,DUAL MONITOR STAND - VERTICAL,STARTECH
ARMBARDUO,0065030864022,72.38,12,instock,yes,STARTECH.COM DUAL MONITOR STAND,STARTECH
2MC1SMONSTAND,0065030902069,76.09,3,instock,yes,CROSSBAR DUAL MONITOR STAND,STARTECH
KBDTRAYCLAMP1,0065030895408,45.46,2,instock,yes,UNDER-DESK TRAY,STARTECH
ARMDUALPIVOT,0065030892537,138.56,9,instock,yes,DESK MOUNT DUAL MONITOR ARM,STARTECH
SFPGLCLHSMST,0065030850643,28.32,5,instock,yes,CISCO COMPATIBLE GIGABIT FIBER SINGL,STARTECH
MCMGBSCSM10,0065030878241,60.21,8,instock,yes,FIBER MEDIA CONVERTER - SM,STARTECH
SFP10GLRSTTA,0065030867733,64.66,5,instock,yes,10G FIBER SFP+ - SM - TAA,STARTECH
MCM1110MMLC,0065030861465,56.16,30,instock,yes,MULTI-MODE LC FIBER MEDIA CONVERTER,STARTECH
MCMGBSCMM055,0065030878227,48.22,5,instock,yes,FIBER MEDIA CONVERTER - MM,STARTECH
SFPGLCSXMMST,0065030849692,19.99,18,instock,yes,STARTECH1.25GBPS850NM MM LC FIBER,STARTECH
US1GC30SFP,0065030875042,170.87,10,instock,yes,USB C TO FIBER OPTIC CONVERTER,STARTECH
MCM1110SFP,0065030861472,35.95,18,instock,yes,UNMANAGED GIGABIT FIBER MEDIA CONVER,STARTECH
ST4300PBU3,0065030851084,16.11,59,instock,yes,4 PORT PORTABLE USB 3.0 HUB-CABLE,STARTECH
ST7300USB3B,0065030855594,37.59,5,instock,yes,7-PORT USB 3.0 HUB 5GBPS - DESKTOP,STARTECH
5G2A2CPDBUSBCHB,0065030894807,31.37,5,instock,yes,4-PORT USB-C HUB 5GBPS PD,STARTECH
H5C4A-USB-HUB,0065030912136,8.1,7,instock,yes,4-PORT USB-C HUB COMPACT,STARTECH
5G4AB-USB-C-HUB,0065030893251,23.0,49,instock,yes,4-PORT USB-C HUB 5GBPS,STARTECH
ST1030USBM,0065030863001,117.05,3,instock,yes,10 PORT METAL INDUSTRIAL SUPERSPEED,STARTECH
ST4300USBM,0065030841603,79.91,3,instock,yes,MOUNTABLE 4-PORT RUGGED INDUSTRIAL U,STARTECH
S5G16AINSUSBAHB,0065030905381,248.23,4,instock,yes,INDUSTRIAL USB 5GBPS HUB,STARTECH
ST4200USBM,0065030831024,47.64,25,instock,yes,STARTECH 4 PORT INDUSTRIAL USB HUB W,STARTECH
5G4AB-USB-A-HUB,0065030893220,20.54,6,instock,yes,4-PORT USB HUB 5GBPS PORTABLE,STARTECH
ST4200MN2USBHUB,0065030911238,4.86,54,instock,yes,4-PORT USB 2.0 HUB COMPACT,STARTECH
ST7300USBME,0065030860352,85.57,4,instock,yes,7 PORT RUGGED MOUNTABLE INDUSTRIAL U,STARTECH
ST4200MINI2,0065030868280,6.64,158,instock,yes,4 PORT USB 2 MINI HUB,STARTECH
USB210AINUSBAHB,0065030894616,33.46,4,instock,yes,INDUSTRIAL USB 2.0 HUB,STARTECH
ST7200USBM,0065030837910,67.01,4,instock,yes,STARTECH MOUNTABLE 7 PORT RUGGED IND,STARTECH
ST103008U2C,0065030861731,49.82,7,instock,yes,10-PORT USB 3.0 HUB WITH CHARGE AND,STARTECH
MST14DP122DP,0065030884044,24.56,1,instock,yes,2-PORT DISPLAYPORT MST HUB,STARTECH
H5A4A-USB-HUB,0065030912143,8.1,23,instock,yes,4-PORT USB-A HUB 5GBPS,STARTECH
ST7300U3M,0065030859776,49.09,5,instock,yes,7 PORT USB 3.0 HUB,STARTECH
SV231DPDDUA,0065030839266,259.83,6,instock,yes,2 PORT DUAL DISPLAYPORT USB KVM SWI,STARTECH
RKCONS1716K,0065030872546,979.1,2,instock,yes,16 PORT KVM VGA CONSOLE,STARTECH
RKCONS1708K,0065030872485,880.85,3,instock,yes,1U 8 PORT KVM CONSOLE,STARTECH
SV211DPUA4K,0065030882156,77.78,5,instock,yes,2 PORT DISPLAYPORT KVM SWITCH,STARTECH
P2AD122KVMSTH,0065030906548,283.49,6,instock,yes,2-PORT DISPLAYPORT KVM SWITCH,STARTECH
SV431DPU3A2,0065030863728,309.39,6,instock,yes,REPLACEMENT 4 PORT USB 3.0 DISPLAYPO,STARTECH
SV431DPUA,0065030837545,216.96,1,instock,yes,STARTECH 4 PORT DISPLAYPORT KVM SWIT,STARTECH
SV231DHU34K6,0065030881999,277.12,7,instock,yes,2 PT HDMI KVM SWITCH,STARTECH
SV231DPU34K,0065030880121,259.48,6,instock,yes,2 PT DISPLAYPORT KVM,STARTECH
SV231DPUCA,0065030872201,199.69,6,instock,yes,2 PORT DP USB C KVM SWITCH,STARTECH
SV211HDUC,0065030882170,77.44,5,instock,yes,2 PORT USB C KVM SWITCH,STARTECH
SV231DPDDUA2,0065030867177,222.1,10,instock,yes,2 PORT DUAL MONITOR DP 1.2 KVM,STARTECH
SV231TDPU34K,0065030881784,317.88,6,instock,yes,2 PT DP KVM SWITCH,STARTECH
RKCONS1908K,0065030872508,1000.95,4,instock,yes,8 PORT KVM CONSOLE - 19IN,STARTECH
RKCONS1916K,0065030872539,1163.97,1,instock,yes,16 PORT KVM VGA CONSOLE - 19,STARTECH
SV231QDPU34K,0065030881777,406.71,2,instock,yes,2 PT DP KVM SWITCH,STARTECH
SV231HU34K6,0065030882002,211.91,6,instock,yes,2 PT KVM SWITCH,STARTECH
SV431HU34K6,0065030882019,285.28,6,instock,yes,4 PT HDMI KVM SWITCH,STARTECH
SV431DPUA2,0065030826372,296.54,6,instock,yes,4 PORT DISPLAYPORT KVM SWITCH,STARTECH
RKCONS1901,0065030872492,644.76,1,instock,yes,SINGLE SERVER KVM CONSOLE -19,STARTECH
SV231DPUA,0065030839952,171.2,6,instock,yes,STARTECH 2 PORT PROFESSIONAL USB DIS,STARTECH
129UEUSBCKVMDCK,0065030898492,209.87,6,instock,yes,USB-C KVM DOCKING STATION,STARTECH
RKCONS17HD,0065030872478,708.19,2,instock,yes,1U HD SINGLE SERVER KVM,STARTECH
NOTECONS02X,0065030862240,381.87,5,instock,yes,STARTECH NEW RUGGED CASE CRASH CART,STARTECH
C2DD46UA2CBLKVM,0065030899215,139.49,6,instock,yes,2-PORT DUAL MONITOR KVM SWITCH,STARTECH
SV431HDU3A2,0065030863735,276.18,11,instock,yes,STARTECH.COM 4-PORT HDMI KVM SWITCH,STARTECH
SV211HDUA4K,0065030882163,70.81,3,instock,yes,2 PORT HDMI KVM SWITCH - 4K60,STARTECH
SV431DPDDUA2,0065030867863,514.01,6,instock,yes,4PT DUAL DP KVM SWITCH 4K60,STARTECH
UNIVKLAPTOPLOCK,0065030899802,26.76,5,instock,yes,UNIVERSAL LAPTOP LOCK 3-IN-1,STARTECH
UNIVMK25LTOPLCK,0065030909990,552.97,2,instock,yes,25-PACK UNIVERSAL LAPTOP LOCK,STARTECH
UNIVKMKOLTOPLCK,0065030908429,23.86,10,instock,yes,3-IN-1 UNIVERSAL LAPTOP LOCK,STARTECH
UNIVCS25LTOPLCK,0065030908436,499.04,2,instock,yes,25-PACK UNIVERSAL LAPTOP LOCK,STARTECH
SFPC1110,0065030846202,31.2,12,instock,yes,STARTECH 1GBE ETHERNET SFP TRANSCEIV,STARTECH
PEX2S953,0065030888332,31.78,5,instock,yes,2 PORT PCI EXPRESS RS232 CARD,STARTECH
MASFP1GBSXST,0065030868655,19.67,18,instock,yes,CISCO MERAKI MA-SFP-1GB-SX COMPATIBL,STARTECH
PR12GINWORKCARD,0065030906203,29.52,5,instock,yes,1-PORT 2.5G PCIE NETWORK CARD,STARTECH
USB31000SPTB,0065030851893,24.49,20,instock,yes,USB 3.0 10/100/1000GIGABIT LAN,STARTECH
USB32HDES,0065030854887,20.09,36,instock,yes,STARTECH.COM SLIM USB 3.0 TO HDMI,STARTECH
ST2GPEX,0065030882040,20.64,5,instock,yes,1 PORT PCIE NETWORK CARD,STARTECH
ST1000SPEXD4,0065030859356,65.46,44,instock,yes,2 PORT PCIE GIGABIT NETWORK CARD,STARTECH
ST4000SPEXI,0065030861045,138.54,4,instock,yes,4 PORT GIGABIT ETHERNET PCI EXPRESS,STARTECH
PEX2S953LP,0065030881166,31.78,8,instock,yes,2 PORT RS232 SERIAL PCIE CARD,STARTECH
PR22GINWORKCARD,0065030898140,103.21,5,instock,yes,2-PORT 2.5G PCIE NETWORK CARD,STARTECH
11050PCSRLCARD,0065030894777,32.6,5,instock,yes,1-PRT PCI EXPRESS SERIAL CARD,STARTECH
ST1000PEXPSE,0065030893107,69.28,5,instock,yes,1 PORT 2.5G POE NETWORK CARD,STARTECH
TB31PCIEX16,0065030868440,213.44,6,instock,yes,STARTECH THUNDERBOLT3PCIE EXPCHASSIS,STARTECH
MASFP10GBSR,0065030869966,29.29,8,instock,yes,CISCO MERAKI MA-SFP-10GB-SR COMPATIB,STARTECH
ST2000SPEXI,0065030852739,115.73,5,instock,yes,2 PORT PCI EXPRESS GIGABIT ETHERNET,STARTECH
ST1000SPEXD4T,0065030911047,68.31,5,instock,yes,2-PORT NETWORK CARD TAA,STARTECH
PR42GINWORKCARD,0065030898157,144.46,5,instock,yes,4-PORT 2.5G PCIE NETWORK CARD,STARTECH
PEX2S1050,0065030868297,35.04,2,instock,yes,2-PORT PCI EXPRESS SERIAL CARD,STARTECH
SFP10GBLRST,0065030873437,45.74,5,instock,yes,MSA COMPLIANT 10GBASE-LR SFP+ TRANSC,STARTECH
USB2100,0065030856645,11.47,76,instock,yes,STARTECH USB 2.0 TO 10/100 MBPS ETHE,STARTECH
MASFP1GBTXST,0065030869461,30.98,4,instock,yes,CISCO MERAKI MA-SFP-1GB-TX COMPATIBL,STARTECH
PEXUSB3S44V,0065030854627,70.99,1,instock,yes,4 PORT QUAD BUS PCIE USB 3.0 ADAPTER,STARTECH
PEXUSB3S4V,0065030848961,30.39,28,instock,yes,4 PORT PCI EXPRESS USB 3.0 CARD,STARTECH
SFP1000LXST,0065030873420,32.63,5,instock,yes,MSA COMPLIANT 1000BASE-LX SFP TRANSC,STARTECH
PEXUSB312C3,0065030887434,34.5,2,instock,yes,2 PORT PCIE USB 3.1 CARD,STARTECH
J4858CST,0065030865289,29.99,4,instock,yes,HP COMPATIBLE J4858C 1000BASE-SX MM,STARTECH
PEXUSB321C,0065030891264,35.82,4,instock,yes,USB 3.2 GEN 2X2 PCIE CARD,STARTECH
SFP10GSRSST,0065030868594,29.29,18,instock,yes,CISCO SFP-10G-SR-S COMPATIBLE SFP+ T,STARTECH
PEX1S953LP,0065030881159,30.14,20,instock,yes,1 PORT RS232 SERIAL PCIE CARD,STARTECH
ET91000SFP2,0065030852517,109.46,5,instock,yes,FIBER MEDIA CONVERTER GIGABIT 1000MB,STARTECH
GLCSXMMDST,0065030868587,30.99,1,instock,yes,CISCO GLC-SX-MMD COMPATIBLE SFP TRAN,STARTECH
SFP1000SXST,0065030873352,19.04,8,instock,yes,MSA COMPLIANT GIGABIT FIBER SFP TRAN,STARTECH
PEX4S953LP,0065030887052,70.86,15,instock,yes,4 PORT PCIE RS232 SERIAL CARD,STARTECH
ST1000SPEX2LT,0065030911030,17.37,8,instock,yes,1-PORT NETWORK CARD TAA,STARTECH
SFP10GBTST,0065030873376,142.05,5,instock,yes,MSA COMPLIANT 10GBASE-T SFP+ TRANSCE,STARTECH
SFP10GLRSST,0065030868600,192.71,5,instock,yes,CISCO SFP-10G-LR-S COMPATIBLE SFP+ T,STARTECH
813874B21ST,0065030880305,137.93,5,instock,yes,HP 813874-B21 COMPATIBLE SFP,STARTECH
PEXUSB3S7,0065030860345,47.05,2,instock,yes,7 PORT PCI EXPRESS SUPERSPEED USB 3.,STARTECH
ST4000PEXPSE,0065030855150,217.17,5,instock,yes,4 PORT PCI EXPRESS GIGABIT ETHERNET,STARTECH
P5Q4A-USB-CARD,0065030912761,70.99,10,instock,yes,4-PORT USB-A PCIE CARD 5GBPS,STARTECH
SFP10GSRST,0065030850797,29.38,15,instock,yes,SFP-10G-SR COMPATIBLE SFP+ MODULE,STARTECH
ST1000SPEX2T,0065030911023,17.37,8,instock,yes,1-PORT NETWORK CARD TAA,STARTECH
ST10GPEXNDPI,0065030879538,304.47,4,instock,yes,2 PORT 10G NBASE-T 2.5/5GBPS ETHERNE,STARTECH
M2USBCNVMESATA,0065030894975,37.4,8,instock,yes,USB PCIE SATA M.2 ENCLOSURE,STARTECH
SFP10GBTCST,0065030880206,141.78,5,instock,yes,COPPER 10GBASE-T SFP,STARTECH
ST1000SPEX2L,0065030852265,15.3,34,instock,yes,1 PORT PCI EXPRESS GIGABIT SVR ADPT,STARTECH
161LMPRIVSCREEN,0065030916837,42.85,5,instock,yes,PRIVACY SCREEN FOR 16 LAPTOP,STARTECH
156LPRIVSCREEN,0065030900454,25.85,3,instock,yes,15.6 LAPTOP PRIVACY FILTER,STARTECH
133LPRIVSCREEN,0065030899253,7.83,24,instock,yes,13.3IN LAPTOP PRIVACY SCREEN,STARTECH
13MAMPRIVSCREEN,0065030906500,25.11,19,instock,yes,13IN MACBOOK PRIVACY SCREEN,STARTECH
13SPPRIVSCREEN,0065030901581,17.37,17,instock,yes,13 SURFACE PRO PRIVACY SCREEN,STARTECH
14LT6PRIVSCREEN,0065030908979,26.5,46,instock,yes,14IN LAPTOP PRIVACY SCREEN,STARTECH
16LT6PRIVSCREEN,0065030909044,27.65,15,instock,yes,16IN LAPTOP PRIVACY SCREEN,STARTECH
14GPRIVSCREEN,0065030901970,28.14,5,instock,yes,14IN LAPTOP PRIVACY SCREEN,STARTECH
141T6PRIVSCREEN,0065030910309,25.99,5,instock,yes,14.1IN LAPTOP PRIVACY SCREEN,STARTECH
2461ANTIBLLIGHT,0065030902014,33.88,5,instock,yes,24-INCH ANTI-BLUE LIGHT FILTER,STARTECH
142MMPRIVSCREEN,0065030901956,30.94,9,instock,yes,14IN MACBOOK PRIVACY SCREEN,STARTECH
15MAMPRIVSCREEN,0065030906517,25.87,8,instock,yes,15IN MACBOOK PRIVACY SCREEN,STARTECH
2469ANTIBLLIGHT,0065030902007,33.06,7,instock,yes,24-INCH ANTI-BLUE LIGHT FILTER,STARTECH
14M21PRIVSCREEN,0065030900461,27.56,10,instock,yes,14IN MACBOOK PRIVACY SCREEN,STARTECH
PRIVSCNMON34W,0065030892582,107.49,8,instock,yes,34IN. MONITOR PRIVACY SCREEN,STARTECH
PRIVSCREEN238M,0065030894210,51.54,4,instock,yes,23.8IN. MONITOR PRIVACY SCREEN,STARTECH
14LTPRIVSCREEN,0065030908993,26.03,15,instock,yes,14IN LAPTOP PRIVACY SCREEN,STARTECH
14LMPRIVSCREEN,0065030912181,28.76,9,instock,yes,PRIVACY SCREEN FOR 14 LAPTOP,STARTECH
14L61PRIVSCREEN,0065030909013,26.61,10,instock,yes,14IN LAPTOP PRIVACY SCREEN,STARTECH
PRIVSCNMON32,0065030892506,102.55,4,instock,yes,32IN. MONITOR PRIVACY SCREEN,STARTECH
14LPRIVSCREEN,0065030899246,26.3,25,instock,yes,14IN LAPTOP PRIVACY SCREEN,STARTECH
PRIVSCNMON27,0065030886710,68.34,20,instock,yes,27IN. MONITOR PRIVACY SCREEN,STARTECH
162MMPRIVSCREEN,0065030901963,31.06,10,instock,yes,16IN MACBOOK PRIVACY SCREEN,STARTECH
135SPRIVSCREEN,0065030900447,26.31,10,instock,yes,13.5IN LAPTOP PRIVACY SCREEN,STARTECH
PRIVSCNMON24,0065030886703,53.03,72,instock,yes,24IN. MONITOR PRIVACY SCREEN,STARTECH
PRIVSCNMON21,0065030886697,47.32,9,instock,yes,21.5IN. MONITOR PRIVACY SCREEN,STARTECH
173LPRIVSCREEN,0065030900560,28.71,5,instock,yes,17.3 LAPTOP PRIVACY FILTER,STARTECH
34C29PRIVSCREEN,0065030912440,107.61,5,instock,yes,PRIVACY SCREEN DELL P3424WE,STARTECH
PRIVSCREEN24MB,0065030894227,57.68,10,instock,yes,24IN. MONITOR PRIVACY SCREEN,STARTECH
PRIVSCREEN22MB,0065030894197,51.23,3,instock,yes,22IN. MONITOR PRIVACY SCREEN,STARTECH
USB2PACBK,0065030859677,12.33,19,instock,yes,STARTECH DUALPORT USB TRAVEL ADP BL,STARTECH
WCH1CUK,0065030883771,27.17,27,instock,yes,1 PORT USB-C WALL CHARGER 60W,STARTECH
3114GCUWALLCRGR,0065030911696,57.94,4,instock,yes,140W USB-C WALL CHARGER GAN,STARTECH
USBC-PWRTESTER,0065030904469,13.97,10,instock,yes,USB-C POWER TESTER 240W,STARTECH
T21-10538,5056586725894,7.94,9,instock,yes,^T21 -  IGLASS+CAM BUNDLE IPHONE 15,TECH 21
T21-10758,5056586732199,7.94,3,instock,yes,^T21 - IGLASS IP14+IP13 - 2 PACK,TECH 21
T21-9393,,7.68,34,instock,yes,^T21 - EVOLITE FOR A33 5G - CLEAR,TECH 21
T21-10911,,6.68,70,instock,yes,^EVOLITE FOR IPHONE 16 PLUS-BLACK,TECH 21
T21-9503,5056234797594,14.12,23,instock,yes,^TECH21 EVOFOLIO FOR IPAD 10.2 - BLK,TECH 21
T21-10196,,11.91,9,instock,yes,^T21 EVOLITECASEBDL A54 - BLK,TECH 21
T21-10283,,7.68,2,instock,yes,^T21 EVOLITE IPHONE 15 PRO - CLEAR,TECH 21
T21-10580,5056586727157,7.94,6,instock,yes,^T21 -  IGLASS+CAM BDL IP15 PRO MAX,TECH 21
T21-9543,5056234799659,11.27,5,instock,yes,^T21 PURE CLEAR FOR IPHONE SE 22+20,TECH 21
T21-10552,5056586726310,7.94,10,instock,yes,^T21 -  IGLASS+CAM BDL FOR IP15 PRO,TECH 21
T21-10335,5056586719893,11.27,20,instock,yes,^T21 - EVOCLEAR FOR PIXEL 8 - CLEAR,TECH 21
T21-11340,0840459607432,7.97,120,instock,yes,^IPHONE 17 PRO MX EVOLITE MGSAFE-CLR,TECH 21
T21-11561,0840459609795,7.97,117,instock,yes,^EVOLITE + MAGNET S26 ULTRA BLK,TECH 21
T21-11562,0840459609801,7.97,102,instock,yes,^EVOLITE + MAGNET S26 ULTRA CLR,TECH 21
T21-11446,,25.52,11,instock,yes,^T21 MACBOOK AIR 15 EVOSHELL - TINT,TECH 21
T21-11523,,21.8,30,instock,yes,^TECH21 IPAD PRO 13IN EVOFOLIO CLEAR,TECH 21
T21-11567,0840459609870,6.95,24,instock,yes,^EVOLITE GOOGLE PIXEL 10A - CL,TECH 21
T21-11326,0840459607289,6.95,120,instock,yes,^APPLE IPHONE 17 PRO EVOLITE-BLACK,TECH 21
T21-11524,,21.8,28,instock,yes,^TECH21 IPAD PRO 13IN EVOFOLIO TINT,TECH 21
T21-11568,0840459609887,17.55,120,instock,yes,^EVOGUARD+ MAGNET FOR S26 - BLK,TECH 21
T21-11327,0840459607296,6.95,120,instock,yes,^APPLE IPHONE 17 PRO EVOLITE-CLEAR,TECH 21
T21-11569,0840459609894,13.29,113,instock,yes,^EVOGUARD MAGNET S26 ULTRA BLK,TECH 21
T21-11306,0840459607067,6.95,102,instock,yes,^APPLE IPHONE 17 EVOLITE-BLACK,TECH 21
T21-11328,0840459607302,7.97,120,instock,yes,^IPHONE 17 PRO EVOLITE MGSAFE-BLK,TECH 21
T21-11520,,21.8,32,instock,yes,^TECH21 IPAD AIR 13IN EVOFOLIO TINT,TECH 21
T21-11586,0840459610081,6.95,120,instock,yes,^SAMSUNG GALAXY A37 5G EVOLITE CLEAR,TECH 21
T21-11521,,21.8,30,instock,yes,^TECH21 IPAD PRO 11IN EVOFOLIO CLEAR,TECH 21
T21-11587,0840459610098,6.95,120,instock,yes,^SAMSUNG GALAXY A57 5G EVOLITE CL,TECH 21
T21-11522,,21.8,25,instock,yes,^TECH21 IPAD PRO 11IN EVOFOLIO TINT,TECH 21
T21-11318,0840459607197,7.97,48,instock,yes,^IPHONE 17 AIR EVOLITE MGSAFE-CLR,TECH 21
T21-11516,,21.8,18,instock,yes,^TECH21 IPAD A16 EVOFOLIO TINT,TECH 21
T21-11517,,21.8,28,instock,yes,^TECH21 IPAD AIR 11IN EVOFOLIO CLEAR,TECH 21
T21-11518,,21.8,30,instock,yes,^TECH21 IPAD AIR 11IN EVOFOLIO TINT,TECH 21
T21-11519,,21.8,30,instock,yes,^TECH21 IPAD AIR 13IN EVOFOLIO CLEAR,TECH 21
T21-11315,0840459607166,6.95,48,instock,yes,^APPLE IPHONE 17 AIR EVOLITE-BLACK,TECH 21
T21-11337,0840459607401,6.95,120,instock,yes,^IPHONE 17 PRO MAX EVOLITE-BLACK,TECH 21
T21-11557,0840459609757,7.97,120,instock,yes,^EVOLITE + MAGNET SAMSUNG S26+ BLK,TECH 21
T21-11316,0840459607173,6.95,48,instock,yes,^APPLE IPHONE 17 AIR EVOLITE-CLEAR,TECH 21
T21-11338,0840459607418,6.95,120,instock,yes,^IPHONE 17 PRO MAX EVOLITE-CLEAR,TECH 21
T21-11558,0840459609764,7.97,119,instock,yes,^EVOLITE + MAGNET SAMSUNG S26+ CLR,TECH 21
T21-11317,0840459607180,7.97,48,instock,yes,^IPHONE 17 AIR EVOLITE MGSAFE-BLK,TECH 21
T21-11339,0840459607425,7.97,120,instock,yes,^IPHONE 17 PRO MX EVOLITE MGSAFE-BLK,TECH 21
T21-11515,,21.8,28,instock,yes,^TECH21 IPAD A16 EVOFOLIO CLEAR,TECH 21
T21-11553,0840459609719,7.97,108,instock,yes,^EVOLITE + MAGNET FOR S26 - BLK,TECH 21
T21-11554,0840459609726,7.97,111,instock,yes,^EVOLITE + MAGNET FOR S26 - CLR,TECH 21
T21-11307,0840459607074,6.95,43,instock,yes,^APPLE IPHONE 17 EVOLITE-CLEAR,TECH 21
T21-11329,0840459607319,7.97,120,instock,yes,^IPHONE 17 PRO EVOLITE MGSAFE-CLR,TECH 21
T21-11308,0840459607081,8.07,119,instock,yes,^IPHONE 17 EVOLITE MGSAFE-BLK,TECH 21
T21-11309,0840459607098,7.97,38,instock,yes,^IPHONE 17 EVOLITE MGSAFE-CLR,TECH 21
T21-10718,,7.68,16,instock,yes,^T21 - EVOLITE FOR A15 - BLK,TECH 21
T21-10644,,7.68,35,instock,yes,^T21 - EVOLITE FOR S24 - BLK,TECH 21
T21-10665,,7.68,25,instock,yes,^T21 - EVOLITE FOR S24+ - BLK,TECH 21
T21-9483,,28.24,8,instock,yes,^TECH21 EVOCLEAR MACBOOK PRO 16 CL,TECH 21
T21-11220,,11.27,22,instock,yes,^T21 EVOCLEAR SAMSUNG GALAXY S25,TECH 21
T21-9644,5056586702611,7.68,8,instock,yes,EVOLITE IPHONE 14 PLUS CLEAR,TECH 21
T21-11222,,7.68,36,instock,yes,^TECH21 EVOLITE FOR SHAW-BLACK,TECH 21
THZ867GL,5051794033960,42.09,8,instock,yes,^CASE IP AIR 10.9IN/PRO 11IN?BLACK,TARGUS
TBB635GL,,27.78,18,instock,yes,TARGUS 15.6 SAGANO COMMUTER BACKPACK,TARGUS
THA100GLZ,5051794023190,6.82,20,instock,yes,THD135GLZ HAND STRAP,TARGUS
ACH114EU,5051794004489,7.57,39,instock,yes,TARGUS 4-PORT MOBILE USB HUB,TARGUS
AWE55GL,5051794027297,22.21,9,instock,yes,LAP CHILL MAT GREY,TARGUS
AMU81AMGL,,5.62,8,instock,yes,TARGUS ANTIMICROBIAL USB WIRED MOUSE,TARGUS
ACH226EU,5051794030341,20.18,19,instock,yes,USB-C 4 PORT HUB AL CASE,TARGUS
AMB582GL,,14.14,28,instock,yes,TARGUSANTIMICROBIAL MID-SIZE DUAL MO,TARGUS
AEM350UKZ,5051794042481,240.28,205,instock,yes,ALL-IN-ONE4K CONFERENCE SYSTEM,TARGUS
TBB634GL,,33.33,6,instock,yes,TARGUS 15.6 SAGANO TRAVEL BACKPACK G,TARGUS
AWE810GL,5051794033984,16.82,66,instock,yes,ADJUSTABLE PORTABLE ERGOSTAND,TARGUS
AKB862UK,5051794036763,17.35,5,instock,yes,MULTI-DEVICE COMPACT BT KEYBOARD UK,TARGUS
AMB581GL,,12.11,29,instock,yes,TARGUS ANTIMICROBIAL COMPACT DUAL OP,TARGUS
HD575-GRY-GL,,65.78,10,instock,yes,HYPERDRIVE DUO PRO 7IN2 USB-C HUB,TARGUS
800-0452-001B,,40.37,29,instock,yes,RPLCMNT AC ADAPTER FOR DOCK190,TARGUS
AEH102GL,,20.6,25,instock,yes,TARGUS WIRED STEREO HEADSET,TARGUS
AEH104GL,,40.88,5,instock,yes,TARGUS WIRELESS STEREO HEADSET,TARGUS
511-0311-001A,,5.12,3,instock,yes,TARGUS DOCK RPLCMNT UK AC CABLE,TARGUS
APA108EU,,33.38,31,instock,yes,USB-C 100W PD CHARGER,TARGUS
APA107EU,,29.32,3,instock,yes,USB-C 65W PD CHARGER,TARGUS
HJ4002BKGL,,16.44,1,instock,yes,2M SILICONE 240W USB-C - BLACK,TARGUS
ACC1122GLX,5051794028935,19.73,37,instock,yes,1.8 M USB-C - USB-C DOCK CABLE,TARGUS
ACC1121GLX,5051794028799,12.27,4,instock,yes,1M USB-C SCREW-IN 5A 10G,TARGUS
HJ4001BKGL,,9.66,1,instock,yes,1M SILICONE 240W USB-C - BLACK,TARGUS
AVC045GL,5063194001029,55.01,24,instock,yes,2K WEBCAM WITH AUTO FOCUS,TARGUS
THZ984GL,,20.42,110,instock,yes,PRO-TEK CLEAR CASE IPAD PRO 11-M4,TARGUS
TBB618GL,5051794034837,39.35,5,instock,yes,15.6 MOBILE ELITE BACKPACK,TARGUS
THZ982GL,,25.23,2,instock,yes,VERASVU CLEAR CASE IPAD PRO 13-M4,TARGUS
THZ93211GL,5051790000000,16.82,425,instock,yes,CLICK IN IPAD 2022 SILVER,TARGUS
AKF003NO,,24.22,15,instock,yes,FOLDING ERGONOMIC TABLET KB - NO,TARGUS
THZ989UK,5063194002835,64.42,7,instock,yes,VERSAVU BLUETOOTH KEYBOARD CASE,TARGUS
THZ912GL,5051794036374,14.41,55,instock,yes,CLICK-IN CS IPAD MINI6 BLACK,TARGUS
THZ93208GL,5051794042542,16.82,539,instock,yes,CLICK IN IPAD 2022 R.GOLD,TARGUS
THZ985GL,,21.63,20,instock,yes,VERSAVU CLEAR CASE IPAD PRO 11-M4,TARGUS
THZ903GL,,23.86,10,instock,yes,^CLICK IN CASE FOR TAB A7 LITE,TARGUS
THZ919GL,,21.61,790,instock,yes,CLICK IN CASE FOR SAMSUNG TABA810.5,TARGUS
THZ93502GL,5051790000000,37.38,6,instock,yes,VERSAVU SLIM IPAD 2022 BLUE,TARGUS
THZ988UK,5063194002880,59.46,6,instock,yes,VERSAVU BLUETOOTH KEYBOARD CASE,TARGUS
THZ967UK,5063194002736,54.52,30,instock,yes,VERSAVU BT KEYBOARD IPAD AIR 11INCH,TARGUS
AKF003UK,,24.22,19,instock,yes,FOLDING ERGONOMIC TABLET KB - UK,TARGUS
THZ953GL,5063194001111,21.63,1,instock,yes,VERSAVU CLEAR CASE FOR IPAD AIR,TARGUS
THD965GLZ,,14.14,168,instock,yes,TABLET CASE GALAXY TAB ACTIVE3 5,TARGUS
THZ934GL,5051790000000,30.59,6,instock,yes,PRO-TEK IPAD 2022 BLACK,TARGUS
THZ999GL,5063194004259,29.82,248,instock,yes,CLICK IN CASE FOR TAB A11PLUS,TARGUS
DOCK423EU,5051794035124,55.51,143,instock,yes,^USB-C UNIV DUAL HDMI 4K DOCK 100W,TARGUS
DOCK419EUZ,,38.36,750,instock,yes,USBC VIDEO 4K HDMI/VGA DOCK 100W,TARGUS
AWU100205GL,,22.02,11,instock,yes,PORTABLE STAND AND USB-A HUB,TARGUS
DOCK430EUZ,5051794028843,76.89,5,instock,yes,USB-C MULTI-FUN DISPLAYPRT 85W POWER,TARGUS
DOCK427GL,5063194003481,45.85,71,instock,yes,USB-C DUAL HDMI 4K DOCKING STATION,TARGUS
DOCK116GLZ,5051794037098,76.89,26,instock,yes,DUAL FHD HDMI DISPLAYLINK TRAVEL DOC,TARGUS
DOCK310EUZ,,76.89,265,instock,yes,USB-C DUAL 4K DOCK WITH 65PD,TARGUS
DOCK182EUZ,5051794040241,166.51,49,instock,yes,USB-C DUAL 4K DOCK 100W,TARGUS
DOCK570EUZ,5051794028362,240.28,5,instock,yes,USB-C UNI QUAD 4K DOCK ST 100W POWER,TARGUS
HJ1002WHWWGL,,48.05,15,instock,yes,HYPER HJ 100W USBC TRAVL CHRGE - WHT,HYPER
HJ1003BKWWGL,,29.43,43,instock,yes,HYPER HJ 70W USBC TRAVL CHRGE - BLK,HYPER
HD4006GL,,62.46,17,instock,yes,HYPER? HYPERDRIVE ECOSMART? GEN.2 DU,HYPER
HS5910GL,1220000630161,21.59,14,instock,yes,HYPER MACBOOK PRO CABLE LOCK,HYPER
HJ1001WHWWGL,6941921148935,62.46,80,instock,yes,HYPERJUICE 145W GAN CHARGER - WHITE,HYPER
HS2310UK,1220000630437,41.65,170,instock,yes,HYPERSPACE NEXT WIRELESS KEYBOARD,HYPER
HJ1002BKWWGL,,42.04,13,instock,yes,HYPER HJ 100W USBC TRAVL CHRGE - BLK,HYPER
HS5115GL,1220000630055,37.47,12,instock,yes,HYPERSHIELD PRIVACY FILTER,HYPER
HS1110GYGL,1220000630017,19.21,5,instock,yes,HYPERSPACE LAPTOP STAND - GREY,HYPER
HJ4011BKGL,,6.31,4,instock,yes,HYPER 1.5M SILICONE USBC TO USBC - B,HYPER
HD4003GL,,40.85,49,instock,yes,HYPER? HYPERDRIVE ECOSMART? GEN.2 UN,HYPER
HJ1001BKWWGL,6941921148874,78.94,25,instock,yes,HYPERJUICE 145W GAN CHARGER - BLACK,HYPER
HJ1003WHWWGL,,33.63,22,instock,yes,HYPER HJ 70W USBC TRAVL CHRGE - WHT,HYPER
HS5113GL,1220000630048,31.24,18,instock,yes,HYPERSHIELD PRIVACY FILTER,HYPER
HS5214GL,1220000630079,29.16,10,instock,yes,HYPERSHIELD PRIVACY FILTER,HYPER
HS2100GL,1220000630185,13.45,46,instock,yes,HYPERSPACE NEXT WIRELESS MOUSE,HYPER
HJ3004WHGL,6941921149345,76.88,8,instock,yes,HYPERJUICE 4 IN 1 CHARGE STAND WHITE,HYPER
AKP13GL,,13.16,59,instock,yes,USB WIRED KEYPAD,TARGUS
AKB868UK,5051794042788,43.16,25,instock,yes,ULTRA-COMPACT FOLDING ERGO BTOOTH,TARGUS
AKB873UK,5063194001388,30.0,6,instock,yes,MULTI-DEVICE COMPACT BT KEYBOARD UK,TARGUS
AKM610UK,5063194001814,12.37,37,instock,yes,FULL SIZE WIRELESS KEYBOARD + MOUSE,TARGUS
AKM622UK,5063194001944,13.11,192,instock,yes,TARGUS WIRED KEYBOARD AND MOUSE,TARGUS
AKB874UK,5063194001456,26.05,17,instock,yes,ECOSMART FULL SIZE WIRED KEYBOARD,TARGUS
AMB586GL,,24.07,11,instock,yes,TARGUS ECOSMART? SUSTAINABLE ERGONOM,TARGUS
AMW50EU,5051794003543,7.88,11,instock,yes,BLUE TRACE WIRELESS MOUSE,TARGUS
AMW584GL,,23.46,59,instock,yes,ERGONOMIC BLUETRACE MOUSE,TARGUS
AWE81EU,5051794009002,24.67,3,instock,yes,CHILL MAT/ WITH 4-PORT HUB,TARGUS
ASM156W1GL,5063194003849,26.49,49,instock,yes,MAG PRIVACY FILTER 15.6 - 16:10,TARGUS
ASF141WEU,5024442896408,21.86,55,instock,yes,"PRIVACY SCREEN 14.1"" WIDESCREEN",TARGUS
ASF14W9EU,5051794014471,21.86,5,instock,yes,PRIVACY SCREEN 14.0 16:9,TARGUS
ASF238W9EU,5051794017380,37.47,49,instock,yes,PRIVACY SCREEN FOR 23.8IN (W),TARGUS
AST025EUZ,5051794019858,37.05,6,instock,yes,PRIVACY SCREEN MICROSOFT PRO4 12.3IN,TARGUS
ASF23W9EU,5051794004915,37.47,4,instock,yes,"PRIVACY SCREEN 23"" WIDESCREEN",TARGUS
ASF27W9EU,5051794008999,48.41,5,instock,yes,PRIVACY SCREEN 27IN WS,TARGUS
ASM160W1GL,5063194003856,28.53,48,instock,yes,MAG PRIVACY FILTER 16 - 16:10,TARGUS
ASF215W9EU,5051794018929,59.86,1,instock,yes,PRIVACY SCREEN 21.5IN W 16:9,TARGUS
ASM133W1GL,5063194003801,21.39,27,instock,yes,MAGNETIC PRIVACY FILTER 13.3 - 16:10,TARGUS
ASF24WEU,5051794008982,39.04,6,instock,yes,PRIVACY SCREEN 24IN WS,TARGUS
ASF133WEU,5024442896309,18.73,8,instock,yes,"PRIVACY SCREEN 13.3"" WIDESCREEN",TARGUS
ASF156W9EU,5051794003963,24.99,40,instock,yes,"PRIVACYSCREEN 15.6"" WIDESCREEN",TARGUS
ASM140W1GL,5063194003825,22.42,20,instock,yes,MAG PRIVACY FILTER 14 - 16:10,TARGUS
THZ850GL,5051794029369,21.66,1,instock,yes,^IP 10.2IN AIR 10.5IN PRO 10.5IN BLK,TARGUS
TBS64902GL,5051794029987,11.91,54,instock,yes,CYPRESS ECO SLEEVE 11-12 GREY,TARGUS
TSB911GL,5051794021929,30.28,9,instock,yes,CITYSMART 12.5-15.6 BKPACK BLK,TARGUS
THZ749GL,5051794025637,28.25,8,instock,yes,VERSAVU CASE IPAD PRO 12.9 BLACK,TARGUS
TSB912GL,5051794021936,36.33,10,instock,yes,CITYSMART 12.5-15.6 LAPTOP BKPK BLK,TARGUS
TBS64602GL,5051794029949,12.72,77,instock,yes,CYPRESS ECO SLEEVE 13-14IN GREY,TARGUS
TBS97004GL,5063194003061,11.72,35,instock,yes,PULSE 13-14 SLEEVE - CHARCOAL,TARGUS
TBS97005GL,5063194003078,11.72,8,instock,yes,PULSE 13-14 SLEEVE - GREEN,TARGUS
TCG455GL,5051794028386,32.81,3,instock,yes,CITYGEAR 14 TOPLOAD BLACK,TARGUS
TSS930GL,5051794027846,8.64,24,instock,yes,CITYGEAR 13.3 L/TOPSLEEVE BLK,TARGUS
TSS931GL,5051794027174,9.18,174,instock,yes,CITYGEAR 14 LAPTOP SLEEVE BLK,TARGUS
CN414EU,5051794008098,14.45,381,instock,yes,CLASSIC+ 13-14.1IN CLAMSHELL,TARGUS
TCG655GL,5051794028393,36.33,111,instock,yes,CITYGEAR 14 BACKPACK BLACK,TARGUS
CN414GL,,15.33,26,instock,yes,CLASSIC 13-14 BRIEFCASE BLK,TARGUS
TBB656GL,5063194002453,126.51,3,instock,yes,HERITAGELUXE 15-16 BACKPK BLK,TARGUS
TBS92502GL,5051794029864,22.21,2,instock,yes,CYPRESS ECO SLIPCASE 15.6 GREY,TARGUS
CN31,5024442931703,13.63,11,instock,yes,^CLASSIC 15.4 CLAMSHELL NYLON,TARGUS
TBB65302GL,,24.07,8,instock,yes,OCTAVE III 15.6 LAPTOP BKPK - BLUFOG,TARGUS
TBS97105GL,5063194003108,13.11,1,instock,yes,^PULSE 15-16 SLEEVE -GREEN,TARGUS
TBB649GL,,30.97,13,instock,yes,TARGUS 15-16 TERRA BKPCK - BLACK,TARGUS
TBB65002GL,5063194002927,42.16,16,instock,yes,AVILA 15-16 BACKPACK - MIDNIGHT NAVY,TARGUS
TBB643GL,,51.31,4,instock,yes,COASTLINE 15-16 LAPTOP BACKPACK BLK,TARGUS
CUCT02BEU,5024442900600,52.47,122,instock,yes,EXECUTIVE 15IN BACKPACK NYLON,TARGUS
TSS994GL,,10.57,7,instock,yes,CITY GEAR 15.6 LAPTOP SLEEVE,TARGUS
TBB65102GL,5063194002941,42.16,16,instock,yes,AVILA 15-16 2-IN-1 MIDNIGHT NAVY,TARGUS
TBB64904GL,,30.97,1,instock,yes,TARGUS 15-16 TERRA BKPK - SILVER,TARGUS
TBB657GL,5063194002644,42.16,28,instock,yes,WORK+ 15-16 BACKPACK BLACK,TARGUS
TBB65013GL,5063194002934,42.16,8,instock,yes,AVILA 15-16 BACKPACK - FRENCH OAK,TARGUS
TBT238EU,5053118136678,10.93,201,instock,yes,INTELLECT 15.6IN TOPLOAD BLACK,TARGUS
TBB58602GL,5051794029710,42.89,68,instock,yes,CYPRESS ECO BACKPACK 15.6 GREY,TARGUS
TBB65113GL,5063194002958,42.16,4,instock,yes,AVILA 15-16 2-IN-1 FRENCH OAK,TARGUS
TBT914GL,5051794021967,22.42,8,instock,yes,CITYSMART ADVANCED MULTI-FIT 14-15.6,TARGUS
TAR300,5024442914706,11.61,578,instock,yes,CLASSIC 15.6IN CLAMSHELL NYLON,TARGUS
TSB700EU,5024442852305,52.47,40,instock,yes,SPORT ROLL 15-15.6 LAPTOP BACKPACK,TARGUS
TBA00102GL,5063194002972,37.48,43,instock,yes,AVILA 15-16 TOTE - MIDNIGHT NAVY,TARGUS
TBB58702GL,5051794029741,36.04,351,instock,yes,CYPRESS CONVERT BACKPACK 15.6IN GREY,TARGUS
TBB565GL,5051794025422,15.74,415,instock,yes,^INTELLECT 15.6IN BACKPACK,TARGUS
TBT915EU,5051794021974,34.2,1,instock,yes,^MULTI-FIT 14-15.6 LAP TOPL BLKGREY,TARGUS
TSB96002GL,5063194003047,18.32,7,instock,yes,15.6 GEOLITE ECOSMART BKPK BLUE,TARGUS
TSB962GL,,22.91,94,instock,yes,15.6 GEOLITE ECOSMART ADV BACKPACK,TARGUS
TBB65313GL,,24.07,10,instock,yes,OCTAVE III 15.6 LAPTOP BACKPK - PAP,TARGUS
TBB65602GL,5063194002750,126.51,7,instock,yes,HERITAGELUXE 15-16 BACKPK BLUE,TARGUS
TBB013EU,5051794007473,34.61,134,instock,yes,ECOSPRUCE 15.6IN BACKPACK,TARGUS
TBT92602GL,5051794029833,29.28,26,instock,yes,CYPRESS ECO TOPLOAD 15.6 GREY,TARGUS
TCG661GL,5051794027990,34.32,38,instock,yes,CITYGEAR CONV 15.6 MULTI FIT,TARGUS
TSB238EU,5051794007220,39.56,64,instock,yes,DRIFTER 16IN BACKPACK POLYESTER & TA,TARGUS
TBB943GL,5051794042665,20.69,27,instock,yes,TARGUS 15.6 CLASSIC BACKPACK,TARGUS
TEB01,5024442956409,38.36,18,instock,yes,CAMPUS 15-16IN BACKPACK BLACK,TARGUS
CN01,0222222222222,17.16,3,instock,yes,CLASSIC 15.4 CLAMSHELL NYLON,TARGUS
TBR003EU,5051794004984,37.85,92,instock,yes,EXECUTIVE 16IN  ROLLER NYLON,TARGUS
TCG460GL,5051794027976,31.54,6,instock,yes,CITYGEAR 15.6 TOPLOAD BLACK,TARGUS
CN600GL,,24.72,904,instock,yes,TARGUS CLASSIC 16INCH BACKPACK,TARGUS
TCG470GL,5051794027983,38.36,3,instock,yes,CITYGEAR 15-17.3 TOPLOAD BLK,TARGUS
CN418GL,,19.36,34,instock,yes,CLASSIC 17-18 BRIEFCASE BLK,TARGUS
TSS991GL,,13.73,10,instock,yes,17.3 GEOLITE ECOSMART  LAPTOP CASE,TARGUS
TBB639GL,5051794042122,45.95,10,instock,yes,17.3 STRIKE2 GAMING BACKPACK,TARGUS
TCG670GL,5051794028010,45.04,97,instock,yes,CITYGEAR 17.3 BACKPACK BLK,TARGUS
CN418EU,5051794008111,18.26,12,instock,yes,^CLASSIC+ 17-18IN CLAMSHELL,TARGUS
TBB652GL,,49.45,47,instock,yes,TARGUS COMMUTER BACKPACK,TARGUS
PA410E,5024442711206,15.14,4,instock,yes,DEFCON  CL - COMBINATION SECURITY LO,TARGUS
ASP96RGLX,5051794035728,44.73,49,instock,yes,G2 ULTIMATE RESETTABLE COMBO LOCK,TARGUS
AMM174AMGL,,28.25,1,instock,yes,IOS ACTIVE STYLUS AM COATING,TARGUS
AMM163AMGL,,5.56,165,instock,yes,AM STYLUS PEN EMBEDDED CLIP,TARGUS
T807D1-2CLCA112,4894461948010,198.0,20,instock,yes,TCL NXTPAPER 70 PRO - (256G) BLUE,ALCATEL
T517H-2ALCA112,4894461787961,116.0,3,instock,yes,TCL 60 SE 4G BLACK,TCL
A1SL5F-3ALCGB11,4894461807461,273.0,47,instock,yes,TCL SMART PROJECTOR A1S BLUE,ALCATEL
T771K3-2ALCA112,4894461975443,130.0,62,instock,yes,TCL 40 NXTPAPER 5G BLACK,TCL
P30D8F-2ALCGB11,4894461807409,546.0,23,instock,yes,TCL PLAYCUBE GREEN,ALCATEL
T453D-2ALCA112,4894461955711,75.0,56,instock,yes,TCL K70 SE,ALCATEL
T312D1-3ALCA112,4894461972954,27.0,27,instock,yes,4042S (W CHARGING CRADLE) NEW,ALCATEL
T522A-2CLCA112,4894461952154,89.0,52,instock,yes,TCL K70 4G - (4+128GB) BLACK,ALCATEL
T522E1-2ALCA112,4894461951119,109.0,13,instock,yes,TCL K70 POWER 4G 4 256GB SPACE G,ALCATEL
T523H-2BLCA112,4894461979151,106.0,112,instock,yes,TCL K70 5G BLACK,ALCATEL
T517D-2ALCA112,4894461787985,68.0,56,instock,yes,TCL 605 4G BLACK,TCL
T522A-2ALCA112,4894461952130,89.0,331,instock,yes,TCL K70 4G 4 128GB STARDUST BLUE,ALCATEL
T522E-2ALCA112,4894461950723,123.0,53,instock,yes,TCL K70 POWER 4G - (8+256GB),ALCATEL
T807D-2CLCA112,4894461947686,219.0,13,instock,yes,TCL NXTPAPER 70 PRO 512G  STELLAR BL,ALCATEL
C10L3F-2ALCGB11,4894461807843,171.0,104,instock,yes,TCL SMART PROJECTOR C1 GREY,ALCATEL
8188G1-2ALCGB21,,95.0,23,instock,yes,TCL TAB 8 GEN 2,TCL
9445X1-2ALCA11,4894461958446,171.0,3,instock,yes,TCL TAB A1 PLUS SPACE BLUE,TCL
9469X2-2CLCGB11,4894461775685,157.0,2,instock,yes,TCL NXTPAPER 11 PLUS GREY,TCL
8483A1-2ALCA111,4894461847771,82.0,1695,instock,yes,TCL TAB 10L GEN 4 (64GB),TCL
9465G2-2CLCGB11,4894461852812,116.0,18,instock,yes,TCL TAB 11 FE LTE,TCL
9566X-2BLCA111,4894461957265,369.0,32,instock,yes,TCL NOTE A1 NXTPAPER GRAY,TCL
TX2MAX31TBT01,4711430805955,92.08,10,instock,yes,TEAM 1TB X2 MAX USB-A USB-C 3.2,TEAM
TEAUSDX64IV3A13,0765441645356,6.79,173,instock,yes,TEAM 64GB ELITE A1 MICROSDXC CARD,TEAM
TAPMDE256IV3A12,4711430807836,32.22,34,instock,yes,TEAM 256GB APEX MICROSDXC CARD,TEAM
TUSDX128CL10U03,0843367128884,10.39,56,instock,yes,TEAM 128G MICRODXC UHS-I U1 C10 CARD,TEAM
TX13256GC01,4711430803753,25.16,10,instock,yes,TEAM 256GB X1 USB-A USB-C USB PEN,TEAM
TX2MAX32TBT01,4711430805979,158.94,10,instock,yes,TEAM 2TB X2 MAX USB-A USB-C 3.2,TEAM
TX1MAX3512GB01,4711430803623,66.21,4,instock,yes,TEAM 512G X1 USB-A USB-C USB PEN,TEAM
TAPMDE512IV3A12,4711430807843,67.04,22,instock,yes,TEAM 512GB APEX MICROSDXC CARD,TEAM
TEAUDX512IV3A13,0765441061163,50.0,3,instock,yes,TEAM 512GB ELITE A1 MICROSDXC CARD,TEAM
TF3D4163216FD1,0765441654617,113.28,87,instock,yes,TEAM T-FORCE DELTA RGB 16GB 3200,TEAM
TF4D416G3200HC1,0765441654587,113.28,37,instock,yes,DELTA RGB DDR4 WHT 16GB(2X8GB) 3200,TEAM
TLZD4323216FD1,0765441654204,189.01,23,instock,yes,TEAM T-FORCE VULCAN Z 32GB 3200,TEAM
TF3D4323216FD1,0765441654600,188.47,40,instock,yes,T-FORCE DELTA RGB 32GB (2X16GB) 3200,TEAM
TED41632C22S01,0765441651715,86.82,26,instock,yes,TEAM ELITE 16GB DDR4 3200,TEAM
CTCED56464HC34B,0765441664432,737.81,31,instock,yes,EXPERT DDR5 BLK 64GB(2X32GB) 6400,TEAM
FF4D5328C38DDC1,0765441865990,360.82,33,instock,yes,TEAM T-FORCE DELTA RGB 32GB 8000,TEAM
CTCWD53272HC34A,0765441766440,404.31,24,instock,yes,EXPERT DDR5 WHT 32GB(2X16GB) 7200,TEAM
4D564G6000HC38A,0765441664142,639.18,21,instock,yes,DELTA 2X32GB DDR5 6000 CL383838 WT,TEAM
F3D53272C34ADC1,0765441663442,350.52,99,instock,yes,TEAM T-FORCE DELTA RGB 32GB 7200,TEAM
FF3D5646C38ADC1,0765441664173,628.87,48,instock,yes,TEAM T-FORCE DELTA RGB 64GB 6000,TEAM
F4D53272C34ADC1,0765441663480,350.52,104,instock,yes,TEAM T-FORCE DELTA RGB 32GB 7200,TEAM
CTCWD53264HC32,0765441866942,404.31,14,instock,yes,EXPERT DDR5 WHT 32GB(2X16GB) 6400,TEAM
FF4D532G6400HC3,0765441868489,437.71,50,instock,yes,DELTA RGB DDR5 WHT 32GB(2X16GB) 6400,TEAM
FF3D532G6400HC3,0765441868496,329.9,360,instock,yes,TFORCE DELTA RGB 2X16GB 6400MHZ BK,TEAM
FF3D56464C4BDC1,0765441777316,639.18,8,instock,yes,TEAM T-FORCE DELTA RGB 64GB 6400,TEAM
CTCED532G6HC30D,0765441766457,388.79,73,instock,yes,T-CREATE EXPERT DDR5 32GB(2X16GB) 6K,TEAM
CTCWD548G64C32A,0765441867147,450.85,21,instock,yes,T-CREATE 6400 C32 24GBX2 (WHITE),TEAM
FXD54876C36EDC1,4711430800868,464.05,10,instock,yes,TEAM T-FORCE XTREEM 48GB 7600,TEAM
CTCWD56464HC34B,0765441765986,737.81,12,instock,yes,EXPERT DDR5 WHT 64GB(2X32GB) 6400,TEAM
FLBD5326C38ADC1,0765441664043,373.36,19,instock,yes,TEAM T-FORCE VULCAN 32GB 6000,TEAM
FFXD5328C38DDC1,4711430800882,371.13,17,instock,yes,TEAM T-FORCE XTREEM 32GB 8000,TEAM
FLBD53264C4BDC1,0765441665835,373.36,18,instock,yes,TEAM T-FORCE VULCAN 32GB 6400,TEAM
FXD53276C36FDC1,4711430800899,339.96,10,instock,yes,TEAM T-FORCE XTREEM 32GB 7600,TEAM
CTCED53272HC34A,0765441766426,404.31,34,instock,yes,EXPERT DDR5 BLK 32GB(2X16GB) 7200,TEAM
CTCED53264HC32,0765441866935,404.31,24,instock,yes,EXPERT DDR5 BLK 32GB(2X16GB) 6400,TEAM
CTCED548G64C32A,0765441867123,450.85,31,instock,yes,T-CREATE 6400 C32 24GBX2 (BLACK),TEAM
CTCWD532G6HC30D,0765441766433,388.79,42,instock,yes,T-CREATE EXPERT DDR5 32GB(2X16GB) WH,TEAM
FF3D564G6400HC3,0765441779747,639.18,68,instock,yes,T-FORCE DELTA RGB 2X32GB 6400MHZ C30,TEAM
FF4D5326HC3DC1,0765441661660,340.21,184,instock,yes,TEAM T-FORCE DELTA RGB 32GB 6000,TEAM
TED516G5600C460,0765441661837,168.25,2,instock,yes,TEAM ELITE DDR5 16GB 5600MHZ CL46,TEAM
TM8FFD001T0C101,4711430802824,114.58,23,instock,yes,SSD 1TB MP44Q PCIE GEN4X4 NVME,TEAM
TM8PS7002T0C101,0765441047242,153.24,10,instock,yes,2TB MS30 M.2 SATA SSD,TEAM
T253X7512G0C101,0765441065703,43.75,200,instock,yes,512GB QX SSD 2.5 SATA3,TEAM
TM8FFD004T0C101,4711430802756,333.65,6,instock,yes,SSD 4TB MP44Q PCIE GEN4X4 NVME,TEAM
TM8FP6002T0C101,0765441049116,180.79,15,instock,yes,2TB MP33 M.2 NVME GEN3 SSD,TEAM
TM8FFD002T0C101,0765441065185,227.73,5,instock,yes,SSD 2TB MP44Q PCIE GEN4X4 NVME,TEAM
TM8FFH004T0C129,4711430802114,318.13,6,instock,yes,TEAM 4TB T-FORCE G70 PRO GEN4 SSD,TEAM
T253X6256G0C101,0765441051928,29.6,7,instock,yes,256GB CX2 SSD 2.5 SATA3,TEAM
TM8FFH002T0C129,4711430800905,209.89,20,instock,yes,TEAM 2TB T-FORCE G70 PRO GEN4 SSD,TEAM
TAPOC710APT-BUN,,75.45,120,instock,yes,TAPO C710 + CA320 DC ADAPTER BUNDLE,TPLINK
TAPOL530B2P-BUN,,25.61,211,instock,yes,WI-FI LIGHT BULB B22 2PK (X2 BUNDLE),TPLINK
DECOBE22-BUN,5025813029623,326.77,3,instock,yes,DECO BE22 (1-PACK) + (3-PACK) BUNDLE,TPLINK
TAPOL530E2P-BUN,,25.61,362,instock,yes,WI-FI LIGHT BULB E27 2PK (X2 BUNDLE),TPLINK
TC9350H200TDBUN,,285.19,14,instock,yes,TC93D K + TC50K + H200 + TD20 BUNDLE,TPLINK
POE10R,1210002618700,7.45,6,instock,yes,TP-LINK POE10R OMADA POE SPLITTER,TPLINK
POE370S,1210002604932,37.23,12,instock,yes,TP-LINK POE370S 10G POE INJECTOR,TPLINK
POE150S,6935364030506,10.64,5,instock,yes,TP-LINK TL-POE150S POE INJECTOR,TPLINK
POE160S,1210002617291,12.77,455,instock,yes,TP-LINK TL-POE160S POE INJECTOR,TPLINK
POE10E,4895252501902,10.64,1,instock,yes,TP-LINK POE10E POE EXTENDER,TPLINK
POE2412G,1210002611145,7.45,48,instock,yes,TP-LINK POE2412G OMADA POE ADAPTER,TPLINK
INSIHTS45528MM,1210002604468,153.65,47,instock,yes,TP-LINK INSIGHT S455 2.8MM CAMERA,TPLINK
INIHT34544MM,1210002619516,337.35,1,instock,yes,TP-LINK INSIGHT S345-4G 4MM CAMERA,TPLINK
VIGINVR4032H,4895252500769,618.41,3,instock,yes,TP-LINK VIGI NVR4032H 32-CHANNEL NVR,TPLINK
VIGINVR4064H,1210002608763,974.39,2,instock,yes,TP-LINK VIGI NVR4064H 64-CHANNEL NVR,TPLINK
INSIHTS48528MM,1210002605663,191.11,46,instock,yes,TP-LINK INSIGHT S485 2.8MM CAMERA,TPLINK
INSIGHTS345ZI,1210002606387,269.84,12,instock,yes,TP-LINK INSIGHT S345ZI CAMERA,TPLINK
VIGINVR2008H8MP,1210002619523,446.03,9,instock,yes,TP-LINK VIGI NVR2008H-8MP,TPLINK
VIINVR1004H4P,4897098688755,183.6,23,instock,yes,TP-LINK VIGI NVR1004H-4P,TPLINK
INSIGHTS3554MM,1210002606370,157.46,5,instock,yes,TP-LINK INSIGHT S355 4MM CAMERA,TPLINK
VIINVR2016H16MP,1210002606417,569.63,2,instock,yes,TP-LINK VIGI NVR2016H-16MP,TPLINK
INSIHTS24528MM,1210002619530,153.65,2,instock,yes,TP-LINK INSIGHT S245 2.8MM CAMERA,TPLINK
OJB-100,1210002602310,4.76,50,instock,yes,OMADA WALL PLATE ACCESS POINT BOX,TPLINK
VJB-300,1210002606431,32.17,49,instock,yes,TP-LINK VJB-300 VIGI JUNCTION BOX,TPLINK
INSIHTS4854MM,1210002605656,191.11,21,instock,yes,TP-LINK INSIGHT S485 4MM CAMERA,TPLINK
INSIHTS38528MM,1210002606349,191.11,3,instock,yes,TP-LINK INSIGHT S385 2.8MM NW CAM,TPLINK
INSIGHTS655I,1210002610209,225.4,8,instock,yes,INSIGHT S655I 5MP IRFISHEYE SEC CAM,TPLINK
VIGINVR2016H,1210002606424,374.81,3,instock,yes,TP-LINK VIGI NVR2016H,TPLINK
INSIGHTS445ZI,1210002606318,251.11,11,instock,yes,TP-LINK INSIGHT S445ZI CAMERA,TPLINK
INSIHTS44528MM,1210002606325,149.95,18,instock,yes,TP-LINK INSIGHT S445 2.8MM CAMERA,TPLINK
INSIHTS4554MM,1210002606301,153.65,14,instock,yes,TP-LINK INSIGHT S455 4MM CAMERA,TPLINK
VJB-240,1210002603065,25.71,10,instock,yes,TP-LINK VJB-240 VIGI JUNCTION BOX,TPLINK
VIGINVR1008H,1210002618601,153.65,6,instock,yes,TP-LINK VIGI NVR1008H 8-CHANNEL NVR,TPLINK
VIINVR1008H8MP,4897098688779,269.84,13,instock,yes,TP-LINK VIGI NVR1008H-8MP,TPLINK
VIGINVR1016H,4897098683255,164.87,2,instock,yes,TP-LINK VIGI NVR1016H 16-CHANNEL NVR,TPLINK
FC111B-20,6935364010973,12.77,4,instock,yes,TP-LINK TL-FC111B-20 CONVERTER,TPLINK
MC220L,1210002611084,12.77,18,instock,yes,TP-LINK GIGABIT SFP MEDIA CONVERTER,TPLINK
UH7020C,8885020625301,22.65,16,instock,yes,TP-LINK USB TYPE-C 7-PORT HUB,TPLINK
UH3020C,1210002600064,15.03,29,instock,yes,TP-LINK USB TYPE-C 3-PORT HUB,TPLINK
UH400,1210002607032,6.77,563,instock,yes,TP-LINK PORTABLE 4-PORT USB 3.0 HUB,TPLINK
TAPOP110M,4895252503999,9.21,296,instock,yes,MINI WI-FI PLUG ENERGY MON MATTER,TPLINK
TAPOL6104PK,4897098685761,20.74,33,instock,yes,SMART WI-FI SPOTLIGHT DIMMABLE 4PK,TPLINK
TAPOL900-5,4897098682593,16.72,51,instock,yes,TAPO SMART LIGHT STRIP MULTICOLOR 5M,TPLINK
TAPOH500,1210002609692,117.25,213,instock,yes,SMART HOMEBASE,TPLINK
TAPOT300,4897098682371,14.92,421,instock,yes,SMART WATER LEAK SENSOR,TPLINK
TAPOT100,4897098682708,12.38,720,instock,yes,SMART MOTION SENSOR,TPLINK
KE100,4897098683194,24.87,137,instock,yes,KASA THERMOSTATIC RADIATOR VALVE,TPLINK
TAPOP1004PK,6935364052959,27.62,53,instock,yes,MINI SMART WI-FI SOCKET 4 PACK,TPLINK
KE100KIT,4897098688595,33.12,205,instock,yes,KASA THERMOSTATIC RADIATOR VALVE KIT,TPLINK
TAPOP1001PK,4897098680452,7.51,54,instock,yes,MINI SMART WI-FI SOCKET 1 PACK,TPLINK
TAPOL6304PK,4897098685723,24.87,64,instock,yes,SMART WI-FI SPOTLIGHT DIMMABLE 4PK,TPLINK
TAPOA201,8885020626285,12.91,158,instock,yes,TAPOA201,TPLINK
TAPOL430C2PK,1210002607483,14.29,883,instock,yes,SMART LIGHT BULB MULTICOLOR,TPLINK
TAPOL6302PK,4897098685709,12.59,71,instock,yes,SMART WI-FI SPOTLIGHT DIMMABLE 2PK,TPLINK
TAPOT310,4897098682395,13.23,608,instock,yes,TEMPERATURE AND HUMIDITY SENSOR,TPLINK
TAPOH200,4897098689554,24.34,14,instock,yes,SMART HUB,TPLINK
TAPOL535B,4895252502817,8.99,1386,instock,yes,SMART WIFI LIGHT BULB MULTICOLOR B22,TPLINK
TAPOL535E,4895252502770,8.99,565,instock,yes,SMART WIFI LIGHT BULB MULTICOLOR E27,TPLINK
TAPOL530E2PK,1210002613101,12.8,724,instock,yes,WI-FI LIGHT BULB MULTICOLOR E27 2PK,TPLINK
TAPOD130,1210002615624,48.68,33,instock,yes,SMART VIDEO DOORBELL WIRED,TPLINK
TAPOP110M4PK,1210002605991,33.12,66,instock,yes,MINI WI-FI PLUG ENERGY MON MATTER,TPLINK
TC93DKIT,1210002610773,108.89,98,instock,yes,SOLAR DUAL LENS PAN/TILT SEC CAM KIT,TPLINK
TAPOS200B,4897098682692,9.74,421,instock,yes,SMART BUTTON,TPLINK
HB6101-PACK,8885020623192,118.52,1,instock,yes,TP-LINK AGINET HB610 MESH SYSTEM,TPLINK
EX820V,4895252501971,84.66,12,instock,yes,TP-LINK AGINET EX820V AX6000 ROUTER,TPLINK
HC220-G5-1PK,4897098685891,29.63,26,instock,yes,TP-LINK AGINET HC220-G5 MESH SYSTEM,TPLINK
CPE510,6935364070939,37.67,68,instock,yes,TP-LINK CPE510 AP,TPLINK
EAP625OUTDOORHD,4895252506334,119.58,12,instock,yes,TP-LINK EAP625-OUTDOOR HD AP,TPLINK
EAP660HD,4895252506174,169.31,1,instock,yes,TP-LINK EAP660 HD AP,TPLINK
EAP211BRIDEKIT,1210002620055,71.96,98,instock,yes,TP-LINK EAP211-BRIDGE KIT AP,TPLINK
EAP653UR,8885020620573,63.49,14,instock,yes,TP-LINK EAP653 UR AP,TPLINK
EAP650-DESKTOP,1210002605939,74.07,30,instock,yes,TP-LINK EAP650-DESKTOP AP,TPLINK
EAP670NEW,4895252506198,101.16,8,instock,yes,TP-LINK EAP670 NEW AP,TPLINK
EAP115,6935364096946,31.75,45,instock,yes,TP-LINK EAP115 AP,TPLINK
EAP610GP-DESK,1210002606974,95.24,12,instock,yes,TP-LINK OMADA EAP610GP-DESKTOP AP,TPLINK
EAP625GP-WALL,1210002607841,95.24,31,instock,yes,TP-LINK EAP625GP-WALL AP,TPLINK
OC400,8885020620030,529.1,3,instock,yes,TP-LINK OC400 HARDWARE CONTROLLER,TPLINK
EAP65D3OUTDOOR,1210002612739,158.73,2,instock,yes,TP-LINK EAP650 D30-OUTDOOR AP,TPLINK
EAP650-WALL,4897098682104,68.78,11,instock,yes,TP-LINK EAP650-WALL AP,TPLINK
EAP225V4,6935364096922,48.68,235,instock,yes,TP-LINK EAP225 AP,TPLINK
CPE605,1210002611497,33.86,5,instock,yes,TP-LINK CPE605 AP,TPLINK
EAP620HDNEW,4897098680315,95.24,52,instock,yes,TP-LINK EAP620 HD NEW AP,TPLINK
EAP773,4895252506518,146.03,37,instock,yes,TP-LINK EAP773 AP,TPLINK
EAP673,4895252506495,93.65,24,instock,yes,TP-LINK EAP673 AP,TPLINK
FLEXBRIDGE5,1210002610957,74.92,60,instock,yes,TP-LINK 5GHZ FLEX BRIDGE 5 AP,TPLINK
UE300,6935364091750,8.36,29,instock,yes,USB 3.0 TO GIGABIT ETHERNET ADAPTER,TPLINK
EAP215BRIDEKIT,1210002603751,81.48,43,instock,yes,TP-LINK EAP215-BRIDGE KIT AP,TPLINK
EAP65D12OUTDOOR,1210002612722,158.73,2,instock,yes,TP-LINK EAP650 D120-OUTDOOR AP,TPLINK
EAP100BRIDGEKIT,1210002603775,38.1,16,instock,yes,TP-LINK EAP100-BRIDGE KIT AP,TPLINK
EAP655-WALL,4897098682111,74.07,1,instock,yes,TP-LINK EAP655-WALL AP,TPLINK
BEAMBRIDGE5URKI,1210002603799,112.17,4,instock,yes,TP-LINK BEAM BRIDGE 5 UR KIT,TPLINK
DECOBE852PACK,4897098686935,628.25,5,instock,yes,TP-LINK DECO BE85 MESH SYSTEM,TPLINK
TL-MR3020,6935364082352,16.61,5,instock,yes,MINI WIRELESS N ROUTER,TPLINK
TL-WR902AC,6935364095673,33.54,9,instock,yes,TP-LINK DUAL-BAND ROUTER,TPLINK
DR3220V-4G,1210002608411,216.93,2,instock,yes,TP-LINK DR3220V-4G DSL GATEWAY,TPLINK
DECOS73-PACK,4897098681480,105.5,4,instock,yes,TP-LINK DECO S7 MESH WI-FI SYSTEM,TPLINK
TL-WR802N,6935364071721,25.08,81,instock,yes,TP-LINK TL-WR802N FAST ETHERNET BLUE,TPLINK
ER703WP4OUTDOOR,1210002608442,190.48,1,instock,yes,TP-LINK ER703WP-4G-OUTDOOR,TPLINK
TL-SG1008D,1210002616652,12.06,46,instock,yes,8 PORT DESKTOP SWITCH,TPLINK
SG5452XMPP,1210002611169,809.52,2,instock,yes,TP-LINK SG5452XMPP 48-PORT SWITCH,TPLINK
TL-SG1016D,6935364020613,44.66,17,instock,yes,TP-LINK 16-PORT GIGABIT DESKTOP,TPLINK
SG2210XMP-M2,4895252504781,187.3,2,instock,yes,TP-LINK SG2210XMP-M2 8-PORT SWITCH,TPLINK
SM5310-T,4897098681084,29.63,1,instock,yes,TP-LINK SM5310-T SFP MODULE,TPLINK
IES208G,1210002602105,84.66,8,instock,yes,TP-LINK IES208G 8-PORT SWITCH,TPLINK
SG3428XMPP,8885020620863,423.28,1,instock,yes,TP-LINK SG3428XMPP SWITCH,TPLINK
RP108GE,6935364052713,22.22,12,instock,yes,TP-LINK RP108GE 8-PORT SWITCH,TPLINK
ES210GMP,8885020620962,74.92,25,instock,yes,TP-LINK ES210GMP 10-PORT SWITCH,TPLINK
SG2218,1210002611831,100.53,18,instock,yes,TP-LINK SG2218 16-PORT SWITCH,TPLINK
SG3428,1210002611893,131.22,26,instock,yes,TP-LINK SG3428 24-PORT SWITCH,TPLINK
SM6110-LR,8885020622362,52.91,21,instock,yes,TP-LINK SM6110-LR,TPLINK
SG3218XP-M2,4897098689752,301.59,5,instock,yes,TP-LINK SG3218XP-M2 16-PORT SWITCH,TPLINK
SG3210,1210002611879,74.07,8,instock,yes,TP-LINK SG3210 8-PORT GB SWITCH,TPLINK
SG3452,1210002611930,238.1,4,instock,yes,TP-LINK SG3452 48-PORT SWITCH,TPLINK
SG3452X,1210002611640,314.29,1,instock,yes,TP-LINK SG3452X 48-PORT SWITCH,TPLINK
SG2008,4897098682517,52.91,15,instock,yes,TP-LINK SG2008 8-PORT SWITCH,TPLINK
SG3428XF,4897098688229,358.73,4,instock,yes,TP-LINK SG3428XF 24-PORT SWITCH,TPLINK
SG2428LP,8885020620849,176.19,2,instock,yes,TP-LINK SG2428LP 28-PORT SWITCH,TPLINK
SG3428X,1210002611602,190.48,1,instock,yes,TP-LINK SG3428X 24-PORT SWITCH,TPLINK
SG3452P,1210002611954,389.42,2,instock,yes,TP-LINK SG3452P 52-PORT SWITCH,TPLINK
SM311LM,1210002619295,12.7,68,instock,yes,TP-LINK SM311LM SFP FIBER MODULE,TPLINK
SX3016F,6935364006440,370.37,3,instock,yes,TP-LINK SX3016F 16-PORT SWITCH,TPLINK
SG2008P,1210002611763,63.49,4,instock,yes,TP-LINK SG2008P 8-PORT SWITCH,TPLINK
SG2428P,1210002611855,187.3,5,instock,yes,TP-LINK SG2428P 28-PORT SWITCH,TPLINK
SG3452XP,1210002611664,529.1,13,instock,yes,TP-LINK SG3452XP MANAGED SWITCH,TPLINK
SG2016P,4897098689349,121.69,31,instock,yes,TP-LINK SG2016P 16-PORT SWITCH,TPLINK
ES228GMP,1210002600996,205.29,7,instock,yes,TP-LINK ES228GMP 28-PORT SWITCH,TPLINK
ES220GMP,1210002607858,158.73,6,instock,yes,TP-LINK ES220GMP 20-PORT SWITCH,TPLINK
SM5110-SR,1210002612128,20.11,64,instock,yes,TP-LINK SM5110-SR SFP LC TRANSCEIVER,TPLINK
SM321B-2,6935364010614,10.58,23,instock,yes,TP-LINK SM321B-2 SFP MODULE,TPLINK
ES205GP,8885020620948,37.04,46,instock,yes,TP-LINK ES205GP 5-PORT SWITCH,TPLINK
ES205G,8885020620924,18.52,28,instock,yes,TP-LINK ES205G 5-PORT SWITCH,TPLINK
ES228GP,1210002609777,164.02,4,instock,yes,TP-LINK ES228GP 28-PORT SWITCH GB,TPLINK
MB235-4G,6957939004187,79.9,4,instock,yes,MB235-4GAC1200 WLESS DUALBND ROUTER,TPLINK
HALOH50G3PK,6957939005849,84.18,215,instock,yes,AC1900 WHOLE HOME WI-FI 3-PACK,TPLINK
MA310E,6957939003296,11.74,66,instock,yes,2.5 GIGABIT PCIE NETWORK ADAPTER,TPLINK
ME12,6957939004156,9.55,28,instock,yes,ME12 WIFI RANGE EXTENDER,TPLINK
MA550H,6957939002183,6.91,103,instock,yes,LONG-RANGE BLUETOOTH USB ADAPTER,TPLINK
MS110P,6957939001179,23.6,13,instock,yes,MS110P DESKTOP SWITCH,TPLINK
MT115,6957939004064,33.7,52,instock,yes,150MBPS WRLS 4G LTE MOBILE ROUTER,TPLINK
MA32H,6957939002282,7.57,82,instock,yes,MA32H WIRELESS USB ADPT,TPLINK
MB135-4G,6957939004187,37.87,4,instock,yes,MB135-4GAC1200 WLESS DUALBND ROUTER,TPLINK
MB520-5G,6957939004033,176.71,10,instock,yes,AX3000 5G WIRELESS DUAL BAND ROUTER,TPLINK
MS105GS-M2,6957939004873,31.94,6,instock,yes,5-PORT 2.5G MULTI-GIGABIT SWITCH,TPLINK
MA37BEH,6957939003531,42.04,96,instock,yes,MA37BEH AXE5400 WIFI 6E HG USB ADPT,TPLINK
MS106LP,6957939001155,16.02,9,instock,yes,MS106LP DESKTOP SWITCH,TPLINK
ARCHERT3UNANO,6935364072674,11.32,2,instock,yes,AC1300 NANO DUAL BAND WI-FI USB ADP,TPLINK
TL-WPA4220,1210002614825,31.53,16,instock,yes,AV600 PL WI-FI EXTENDER 2 PORTS,TPLINK
ARCHERNX500,1210002601634,251.32,293,instock,yes,5G AX3000 WIRELESS DUAL BAND GBITRTR,TPLINK
TAPOL930-5,4897098681428,27.09,4,instock,yes,SMART LIGHT STRIP MULTICOLOR,TPLINK
TL-WPA7617,4897098687628,45.08,21,instock,yes,AV1000GIG PL AC1200 WI-FI EXTENDER,TPLINK
MC100CM,1210002619332,15.87,1,instock,yes,10/100M RJ45 TO 100M MM SC FIBRE,TPLINK
TL-WA801N,6935364052478,20.95,2,instock,yes,N300 WIRELESS N ACCESS POINT,TPLINK
ARCHERT2UPLUS,6935364099879,9.84,42,instock,yes,AC600 HIGH GAIN WI-FI DBAND USB ADP,TPLINK
DECOX603PK,6935364052386,259.68,2,instock,yes,AX5400 WHOLE-HOME MESH WI-FI 6 3PK,TPLINK
TL-SF1006P,6935364030940,28.57,14,instock,yes,6-PORT 10/100 MBPS SWITCH 4PORT POE+,TPLINK
ARCHERAXE75,4897098687222,125.61,33,instock,yes,WI-FI 6E TRI-BAND GB ROUTER,TPLINK
UH6120C,8885020625288,20.95,99,instock,yes,USB TYPE-C 6-PORT HUB,TPLINK
ARCHERGE800,4895252502350,544.55,29,instock,yes,BE19000 TRIBAND WIFI 7 GAMING ROUTER,TPLINK
MC111CS,1210002618977,17.99,9,instock,yes,MC111CS SC FIBER WDM MEDIA CONV,TPLINK
TL-WA3001,8885020623659,75.34,8,instock,yes,AX3000 DUALBAND WIFI 6 ACCESS POINT,TPLINK
TL-SF1005P,6935364083205,24.34,25,instock,yes,5-PORT 10/100 MBPS SWITCH 4PORT POE+,TPLINK
MC210CS,1210002611060,19.05,15,instock,yes,TP-LINK 1000M RJ45 TO 1000M SINGLE-M,TPLINK
TL-SG1008MP,6935364085254,75.13,56,instock,yes,8-PORT GIG/RM SWITCH 8-PORT POE+,TPLINK
MC110CSTP,1210002619325,15.87,17,instock,yes,10/100M RJ45 TO 100M MM SC FIBRE,TPLINK
M7450,1210002604154,81.16,51,instock,yes,300MBPS WIRELESS N 4G LTE ROUTER,TPLINK
ARCHERBE550,4895252503326,196.83,28,instock,yes,TRI-BAND WI-FI 7 ROUTER,TPLINK
VJB-305,1210002610711,41.27,10,instock,yes,VJB-305 NET SEC CAM JUNCTION BOX,TPLINK
M8550,1210002602921,418.84,312,instock,yes,5G MOBILE WI-FI,TPLINK
TL-PA8010PKIT,1210002614443,66.98,13,instock,yes,AV1300 PASSTHROUGH POWERLINE KIT,TPLINK
TL-PA4010PKIT,6935364097554,35.66,70,instock,yes,600M PL AC PASS-THROUGH 2 UNITS,TPLINK
ARCHERMR600,6935364089801,121.48,20,instock,yes,AC1200 4G LTE ADV CAT6 GIGABIT RTR,TPLINK
DECOBE253PK,8885020620672,276.4,22,instock,yes,BE3600 WHOLE HOME MESH WIFI 7 SYS,TPLINK
EAP727,1210002620079,101.16,16,instock,yes,EAP787 BE5000 OMADA CEILING MOUNT,TPLINK
DECOBE25OD1PK,1210002606738,142.43,11,instock,yes,BE3600 OUT/INDOOR MESH WI-FI 7 UNIT,TPLINK
TAPOS210,4897098682555,13.44,54,instock,yes,SMART LIGHT SWITCH 1-GANG 1-WAY,TPLINK
DECOX503PK,4897098681732,209.42,138,instock,yes,AX3000 WHOLE HOME MESH WI-FI 6 3PK,TPLINK
ARCHERGE550,1210002607469,209.42,23,instock,yes,BE9300 TRIBAND WIFI 7 GAMING ROUTER,TPLINK
RE405BE,1210002607896,142.43,19,instock,yes,BE6500 WI-FI 7 RANGE EXTENDER,TPLINK
TL-PA7017PKIT,6935364089108,41.48,17,instock,yes,AV1000GIG PASSTHROUGH PL STARTER KIT,TPLINK
TL-SF1005LP,1210002616287,21.16,12,instock,yes,5-PORT 10/100 MBPS SWITCH 4-PORT POE,TPLINK
DECOBE683PK,1210002621656,603.17,4,instock,yes,BE14000 WHOLE HOME MESH WI-FI 7,TPLINK
SM321A-2,1210002612074,10.58,22,instock,yes,TP-LINK SM321A-2,TPLINK
TAPOL920-5,4897098682616,24.34,1389,instock,yes,SMART WIFI LIGHT STRIP MULTICOLOR,TPLINK
ES208GP,1210002609715,51.85,4,instock,yes,TP-LINK ES208GP,TPLINK
EAP787,1210002600576,201.06,21,instock,yes,EAP787 BE12000 OMADA CEILING MOUNT,TPLINK
TL-WA1801,8885020620658,56.08,8,instock,yes,AX1800 GIGABIT WI-FI 6 ACCESS POINT,TPLINK
LS1210GP,4895252504576,56.83,8,instock,yes,10-PORT GIGABIT SWITCH 8-PORT POE+,TPLINK
TL-WR3602BE,1210002620888,108.89,5,instock,yes,BE3600 WI-FI 7 POCKET TRAVEL ROUTER,TPLINK
TL-WR3002X,1210002605564,75.34,2,instock,yes,AX3000 WI-FI 6 POCKET TRAVEL ROUTER,TPLINK
DECOXE751PK,4897098681541,142.43,7,instock,yes,AXE5400 HOME MESH WI-FI 6E TRIBAND,TPLINK
NE211-OUTDOOR,1210002606929,169.31,33,instock,yes,NE211 OUTDOOR,TPLINK
DECOX50-5G1PK,4897098687826,251.32,4,instock,yes,5G AX3000 MESH WI-FI 6 ROUTER,TPLINK
TAPORV20MAXPLUS,1210002608459,167.51,31,instock,yes,ROBOT VACUUM AND MOP,TPLINK
M7010,4897098682500,41.9,1163,instock,yes,150MBPS 4G LTE MOBILE WI-FI,TPLINK
TL-SG105-M2,1210002612661,41.48,7,instock,yes,5-PORT 2.5G MULTI-GIGABIT SWITCH,TPLINK
ARCHERTXE70UH,4895252501698,41.48,165,instock,yes,AXE5400 WI-FI 6E WLESS USB ADP,TPLINK
DECOX101PK,4895252503203,50.26,2,instock,yes,AX1500 WHOLE HOME MESH WI-FI 6 3PK,TPLINK
DECOBE682PK,1210002621663,502.65,20,instock,yes,BE14000 WHOLE HOME MESH WI-FI 7,TPLINK
TL-PA7027PKIT,6935364072247,48.68,10,instock,yes,AV1000 2-PORTGIG PL STARTER KIT,TPLINK
ARCHERVR400,1210002610834,54.5,27,instock,yes,AC1200 WI-FI VDSL/ADSL MODEM GIG RTR,TPLINK
RE225BE,1210002601214,64.87,9,instock,yes,BE3600 WI-FI7 RNGE EXTNDER EXT ANT,TPLINK
DECOBE65PRO3PK,1210002607995,569.63,4,instock,yes,BE9300 HOME MESH WIFI 7 SYS TRI BAND,TPLINK
ARCHERT2UNANO,6935364082635,7.51,165,instock,yes,AC600 NANO WI-FI USB ADAPTER,TPLINK
TX401,6935364072834,56.83,32,instock,yes,10 GIGABIT PCI EXPRESS NETWORK ADP,TPLINK
ARCHERBE400,1210002606721,146.56,11,instock,yes,BE6500 DUAL-BAND WI-FI 7 ROUTER,TPLINK
LS105GP,4895252504552,26.24,65,instock,yes,5-PORT GIGABIT SWITCH 4-PORT POE+,TPLINK
TL-PA4010KIT,6935364096076,31.85,23,instock,yes,600MBPS NANO POWERLINE TWIN PACK,TPLINK
UE302C,8885020627305,15.03,27,instock,yes,USB 3.0 TYPE-C TO 2.5  ADP,TPLINK
TL-WPA4220TKIT,6935364086879,61.48,14,instock,yes,AV600 PL WI-FI BOOSTER 2 LAN 3 UNITS,TPLINK
TL-SF1016,6935364020040,25.4,9,instock,yes,16 P 10/100M SWITCH 19 INCH RM,TPLINK
DECOX501PK,4897098681657,79.58,11,instock,yes,AX3000 HOME MESH WI-FI 6 SINGLE PK,TPLINK
DECOBE221PK,1210002602846,92.17,3,instock,yes,BE3600 WHOLE HOME MESH WI-FI 7,TPLINK
M7750,1210002604130,138.2,7,instock,yes,600MBPS 4G LTE-ADVANCED MOBILE WI-FI,TPLINK
ARCHERBE700,1210002608268,326.67,4,instock,yes,BE15000 TRI BAND WI-FI 7 ROUTER,TPLINK
DECOP93PK,6935364088651,120.63,17,instock,yes,AC1200-HOME HYBRID MESH WI-FI PL 3PK,TPLINK
ARCHERGE400,1210002601818,167.51,70,instock,yes,BE6500 DUAL BAND WIFI7 GAMING ROUTER,TPLINK
ARCHERAX12,4895252500882,41.9,10,instock,yes,DUAL BAND WI-FI 6 ROUTER,TPLINK
DECOM41PK,6935364084400,46.03,9,instock,yes,AC1200 WHOLE-HOME MESH WI-FI 1-PACK,TPLINK
DECOXE753PK,4897098681565,360.21,112,instock,yes,AXE5400 MESH WI-FI 6E TRIBAND 3PK,TPLINK
DECOBE652PACK,1210002618847,362.75,1,instock,yes,DECOBE65PRO BE9300 HOMEMESH SYS 2PK,TPLINK
ARCHERGXE75,4897098682180,113.54,5,instock,yes,AXE5400 TRIBAND WI-FI 6E GAMING RTR,TPLINK
RE235BE,1210002601467,108.89,21,instock,yes,BE3600 WI-FI 7 RANGE EXTENDER,TPLINK
TL-WPA8631PKIT,1210002614931,100.53,457,instock,yes,AV1300 GIG PL AC WI-FI KIT,TPLINK
LS1008G,1210002616201,11.32,64,instock,yes,LITEWAVE 8-PORT GIGABIT SWITCH,TPLINK
ARCHERT2UBNANO,1210002617406,9.84,97,instock,yes,AC600 NANO DBAND WI-FIBT 4.2 USB ADP,TPLINK
TL-SG116E,1210002617017,56.83,11,instock,yes,16-PORT GIGABIT EASY SMART SWITCH,TPLINK
ARCHERTX55E,4897098687253,25.08,24,instock,yes,AX3000 DBAND WI-FI 6 BT PCI EXP ADP,TPLINK
DECOBE65PRO1PK,1210002608015,217.78,8,instock,yes,BE9300 HOMEMESH WIFI 7 SYS TRIBAND,TPLINK
DECOX50-POE3PK,4897098689851,259.68,9,instock,yes,AX3000 WHOLE HOME MESH WI-FI 6 POE,TPLINK
DECOM42PK,6935364083946,92.17,6,instock,yes,AC1200 WHOLE-HOME MESH WI-FI 2-PACK,TPLINK
UB500,4897098683439,5.82,284,instock,yes,BLUETOOTH 5.0 NANO USB ADAPTER,TPLINK
TL-SL1311MP,1210002617215,52.91,7,instock,yes,8-PORT 10/100MBPS 3-PORT GIG SWITCH,TPLINK
DECOBE223PK,1210002602822,234.6,128,instock,yes,BE3600 WHOLE HOME MESH WI-FI 7,TPLINK
TL-SG1210MP,1210002617031,71.11,25,instock,yes,10-PORT GIGABIT SWITCH 8-PORT POE+,TPLINK
DECOBE65-5G1PK,1210002605984,544.55,3,instock,yes,5G BE9300 HOME MESH WI-FI 7 GATEWAY,TPLINK
RE220BE,1210002601238,83.81,7,instock,yes,BE3600 WI-FI 7 RANGE EXTENDER,TPLINK
TAPOP110,4897098682425,8.99,870,instock,yes,MINI WI-FI SOCKET ENERGY MONITORING,TPLINK
EAP668OUTDOORHD,1210002602587,523.81,2,instock,yes,EAP668-OUTDOOR HD AX3600,TPLINK
SG2206MP,1210002602419,56.08,11,instock,yes,TP-LINK SG2206MP,TPLINK
LS108GP,4895252505993,33.12,23,instock,yes,8-PORT GIGABIT SWITCH 8-PORT POE+,TPLINK
TL-SF1009P,1210002616409,34.92,12,instock,yes,9-PORT 10/100 MBPS SWITCH 8PORT POE+,TPLINK
UB500PLUS,8885020626209,7.51,26,instock,yes,UB500 PLUS LONG RANGE BT USB ADPT,TPLINK
ARCHERT2U,6935364080099,11.64,353,instock,yes,AC600 DUAL BAND WIRELESS USB ADAPTER,TPLINK
DECOX50PRO3PK,1210002601511,203.6,5,instock,yes,AX3000 WHOLE HOME MESH WI-FI 6,TPLINK
VIGISP9030,1210002610193,1664.02,3,instock,yes,VIGI SP9030 INTELLIGENT SUPPLY SYST,TPLINK
DECOX15003PK,4895252505092,150.79,206,instock,yes,AX1500 WHOLE HOME MESH WI-FI 6 3PK,TPLINK
TAPOCA320,1210002619028,10.58,120,instock,yes,TP-LINK FLOODLIGHT CAM POWER CABLE,TPLINK
ARCHERBE230,4895252507997,92.17,112,instock,yes,DUAL BAND WI-FI 7 ROUTER,TPLINK
TL-WN823N,6935364050696,6.67,30,instock,yes,TP-LINK NETWORK CARD AND ADAPTER,TPLINK
TL-SF1008P,1210002616386,31.75,9,instock,yes,8-PORT 10/100 MBPS SWITCH 4PORT POE+,TPLINK
ARCHERVX1800V,4895252503838,75.34,9,instock,yes,AX1800 DBAND WI-FI 6 ADSL MODEM RTR,TPLINK
UA430C,8885020626957,8.99,34,instock,yes,USB TYPE-C TO SD&TF 3.0 ADAPTER,TPLINK
TAPOL510B,1210002613156,5.82,209,instock,yes,SMART WIFI LIGHT BULB DIMMABLE,TPLINK
TL-MR100OUTDOOR,1210002601658,62.86,18,instock,yes,300MBPS WLESS N 4G LTE OUTDOOR RTR,TPLINK
UA430D,1210002604970,8.99,57,instock,yes,USB3.0 TYPE-C TYPE-A TO SD MSD ADP,TPLINK
DECOX50-POE1PK,4897098689875,92.17,5,instock,yes,AX3000 WHOLE HOME MESH WI-FI 6 POE,TPLINK
TL-SF1016DS,6935364020880,22.22,25,instock,yes,16 P 10/100M SWITCH 13 INCH RM,TPLINK
XZ000-G6,1210002607704,12.17,43,instock,yes,XZ000-G6 1PORT GIGABT XPON TERMINAL,TPLINK
TAPOL510E,1210002613064,5.82,477,instock,yes,SMART WIFI LIGHT BULB DIMMABLE,TPLINK
TL-MR100,1210002609265,46.03,36,instock,yes,300MBPS WIRELESS N 4G LTE ROUTER,TPLINK
HX710PRO1PACK,4895252500165,58.2,5,instock,yes,TP-LINK AGINET HX710 PRO MESH SYSTEM,TPLINK
TC43,1210002638012,48.36,142,instock,yes,OUTDOOR PAN/TILT SECURITY CAMERA,TPLINK
TAPOC710,8885020629330,64.87,125,instock,yes,TAPO OUTDOOR SEC FLOODLIGHT CAM,TPLINK
TAPOC530WS,1210002606745,57.99,5,instock,yes,OUTDOOR PAN/TILT SEC WI-FI CAMERA,TPLINK
TC50KIT,1210002619806,114.29,289,instock,yes,SOLAR FLOOD PAN/TILT SEC CAM KIT,TPLINK
TAPOC660KIT,1210002608138,113.54,59,instock,yes,SOLAR PAN/TILT SECURITY CAMERA KIT,TPLINK
TAPOC510W2PK,1210002610599,60.85,523,instock,yes,OUTDOOR PAN/TILT SEC WI-FI CAM 2PK,TPLINK
TAPOC615GKIT,1210002608237,91.22,6,instock,yes,SOLAR PAN/TILT 4G LTE SEC CAM KIT,TPLINK
TAPOC260,1210002608473,44.66,54,instock,yes,PAN/TILT AI HOME SECURITY WI-FI CAM,TPLINK
TC74,8885021371719,28.47,80,instock,yes,PAN/TILT AI HOME SECURITY CAMERA,TPLINK
TC71,4895252503135,20.95,926,instock,yes,PAN/TILT HOME SECURITY WI-FI CAMERA,TPLINK
ER7412-M2,4895252505191,185.19,4,instock,yes,TP-LINK ER7412-M2 MULTI- VPN ROUTER,TPLINK
35512,,6.21,41,instock,yes,UGREEN TYPE C 2.0 MALE DATA CABLE 2M,UGREEN
30756-0,6957303837564,10.62,159,instock,yes,UGREEN LIGHTN MALE TO FEMALE ADAPTER,UGREEN
55910B,,22.49,33,instock,yes,UGREEN RETRACTABLE CAR CHARGER 145W,UGREEN
80154,6957303881543,5.73,64,instock,yes,UGREEN USB-C TO 3.5MM ADAPTER 10CM,UGREEN
60761,,8.6,30,instock,yes,UGREEN 2M LIGHTNING TO TYPE-C CABLE,UGREEN
70427,,4.78,14,instock,yes,UGREEN USB-C TO C 1M DATA CABLE 100W,UGREEN
70429,,5.25,13,instock,yes,UGREEN USB-C TO C 2M DATA CABLE 100W,UGREEN
80150,,7.64,33,instock,yes,UGREEN USB-C 3.1 1M BRAIDED CABLE,UGREEN
70336,,7.49,44,instock,yes,REVODOK USB-C 4-PORT USB 3.0 HUB,UGREEN
45379,6941876243792,25.0,44,instock,yes,UGREEN 7IN1 DOCK USB-C TO 2 HDMI,UGREEN
15596,,15.62,12,instock,yes,REVODOK 5-IN-1 HDMI USBC HUB,UGREEN
25851,6941876228515,6.25,270,instock,yes,UGREEN USB-A 4-PORT USB 3.0 HUB,UGREEN
10919,,24.99,14,instock,yes,REVODOK 5-IN-1 4K 60HZ HDMI USBC HUB,UGREEN
15534,6941876215348,28.33,289,instock,yes,UGREEN USB-C 10-IN-1 CONVERTER,UGREEN
35602,6941876236022,429.32,31,instock,yes,NETWORKSTORAGE DX4800PLUS DISKLES UK,UGREEN
95544,,145.55,12,instock,yes,DH2300 PLUS GREY DISKLESS UK + HDMI,UGREEN
25897B,6941876267521,712.99,4,instock,yes,NETWORKSTORE DXP6800 PRO DISKLESS UK,UGREEN
35125B,6941876267552,912.32,2,instock,yes,NETWORKSTORE DXP8800PLUS DISKLESS UK,UGREEN
25227,6941876222278,227.69,52,instock,yes,NETWORK STORAGE DXP2800 DISKLESS UK,UGREEN
85682,6941876286829,255.29,7,instock,yes,DH4300 PLUS GREY DISKLESS UK + HDMI,UGREEN
45023-0,6941876240234,31.25,32,instock,yes,UGREEN 2-IN-1 FOLDABLE QI2 WLS CHGR,UGREEN
45648B,6941876249794,28.12,2,instock,yes,UGREEN UNO 100W 4-PORT GAN CHGR,UGREEN
35316,6941876233168,31.25,17,instock,yes,^UGREEN 2-IN-1 WLS CHGR QI2 MPP,UGREEN
25188,,37.49,11,instock,yes,UGREEN 20000MAH PD 100W POWERBANK,UGREEN
90597A,,49.99,23,instock,yes,UGREEN 25000MAH 145W FAST POWER BANK,UGREEN
25878,,56.25,14,instock,yes,NEXODE PRO 160W GAN CHARGER,UGREEN
90906,,37.49,4,instock,yes,UGREEN DIGINEST CUBE POWER STRIP,UGREEN
35524B,,49.99,10,instock,yes,NEXODE 20000MAH 130W POWERBANK,UGREEN
65823,6941876268238,15.62,55,instock,yes,45W CHARGE W RETRACTABLE USB-C CABLE,UGREEN
25208,6941876222087,31.25,6,instock,yes,UGREEN 10000MAH 20W MAG POWER BANK,UGREEN
25207,6941876222070,18.74,8,instock,yes,UGREEN 5000MAH 15W MAG POWER BANK,UGREEN
15169,6941876211692,56.25,3,instock,yes,UGREEN 100W 2C1A DSKTP WLS CHGR,UGREEN
35857,,21.87,10,instock,yes,UGREEN UNO 65W 3-PORT GAN CHGR BLUE,UGREEN
90904B,,93.74,15,instock,yes,UGREEN 300W 1A 4C DESKTOP CHARGER UK,UGREEN
INFINITY01RBBLK,5056733100611,2.93,776,instock,yes,VIDA INFINITY01 REVERSE 120MM FAN,VIDA
STEALTH120REVBK,5056733100918,3.29,312,instock,yes,VIDA STEALTH REVERSE BLK ARGB FAN,VIDA
INFINITY01RBWHT,5056733100628,3.07,240,instock,yes,VIDA INFINITY01 REVERSE 120MM FAN,VIDA
SABLEPWM120-BLK,5056733100994,1.79,315,instock,yes,VIDA SABLE 12OMM PWM BLACK  FAN,VIDA
INFINITY02RBWHT,5056733100772,3.07,201,instock,yes,VIDA INFINITY02 REVERSE 120MM FAN,VIDA
INFINITY01-WHT,5056733100147,3.07,244,instock,yes,VIDA INFINITY01 120MM DUAL RING FAN,VIDA
INFINITY02-BLK,5056733100451,3.07,464,instock,yes,VIDA INFINITY02 120MM ARGB FAN,VIDA
INFINITY02RBBLK,5056733100635,3.07,684,instock,yes,VIDA INFINITY02 REVERSE 120MM FAN,VIDA
INFINITY01-BLK,5056733100130,2.93,469,instock,yes,VIDA INFINITY01 120MM DUAL RING FAN,VIDA
STEALTH120-BLK,5056733100901,3.29,269,instock,yes,VIDA STEALTH BLACK ARGB FAN 120MM,VIDA
VIDA10PHUB-BLK,5056733100642,4.33,644,instock,yes,VIDA 10-PORT ARGB FAN HUB,VIDA
BOREAS-WHT,5056733100222,14.0,501,instock,yes,VIDA BOREAS WHITE AIR COOLER,VIDA
BOREAS-BLK,5056733100215,13.5,636,instock,yes,VIDA BOREAS BLACK AIR COOLER,VIDA
CORPORATE-BLK,5056733100703,15.0,620,instock,yes,VIDA CORPORATE MATX OFFICE CASE,VIDA
ENTERPRISE-M,5056733100291,12.69,1043,instock,yes,VIDA ENTERPRISE MATX OFFICE CASE,VIDA
CORP500W-BLK,5056733100697,21.95,815,instock,yes,VIDA CORPORATE MATX CASE 500W PSU,VIDA
APOLLOM-WHT,5056733100604,23.5,120,instock,yes,VIDA APOLLO M  WHITE MATX ARGB CASE,VIDA
TYPHOON-BLK,5056733100550,23.61,252,instock,yes,VIDA TYPHOON  ATX BLACK ARGB CASE,VIDA
APOLLOM-BLK,5056733100598,22.5,146,instock,yes,VIDA APOLLO M BLACK MATX ARGB CASE,VIDA
ZEPHYRV2-BLK,5056733100574,31.0,14,instock,yes,VIDA ZEPHYR V2 MATX BLACK ARGB CASE,VIDA
ZEPHYRV2-WHT,5056733100581,32.0,286,instock,yes,VIDA ZEPHYR V2 MATX WHITE ARGB CASE,VIDA
EDGEMINI-BLK,5056733100925,34.0,250,instock,yes,VIDA EDGE MINI MATX ARGB BLACK CASE,VIDA
EDGE-WHT,5056733100765,36.0,167,instock,yes,VIDA EDGE ATX ARGB CASE WHITE,VIDA
LUCID-BLK,5056733100277,25.0,489,instock,yes,VIDA LUCID BLACK MATX ARGB CASE,VIDA
EDGE-BLK,5056733100710,39.0,19,instock,yes,VIDA EDGE ATX ARGB CUBE CASE,VIDA
SIROCCOV26F-BLK,5056733100376,29.75,409,instock,yes,VIDA SIROCCO V2 ATX BLACK ARGB CASE,VIDA
LUCID-WHT,5056733100468,26.5,249,instock,yes,VIDA LUCID WHITE MATX ARGB CASE,VIDA
SPIRE-BLK,5056733100949,23.06,337,instock,yes,VIDA SPIRE ATX BLACK GAMING CASE,VIDA
ELEGANCE-BLK,5056733100765,42.0,133,instock,yes,VIDA ELEGANCE ATX ARGB BLACK CASE,VIDA
SPIREM-BLK,5056733100956,22.08,490,instock,yes,VIDA SPIRE M MATX BLACK GAMING CASE,VIDA
SOLUS-BLK,5056733100369,39.75,282,instock,yes,VIDA SOLUS BLACK ATX GAMING CASE,VIDA
VERSA-BLK,5056733100321,41.0,246,instock,yes,VIDA VERSA  ATX BLACK ARGB CASE,VIDA
GENESIS-BLK,5056733100567,18.5,453,instock,yes,VIDA GENESIS MATX ARGB CASE,VIDA
PRECISION-BLK,5056733100895,9.95,920,instock,yes,VIDA PRECISION GAMING MOUSE USB RGB,VIDA
GAMER4IN1-BLK,5056733100833,11.95,1521,instock,yes,VIDA GAMER BLK 4IN1 USB KB MS HS KIT,VIDA
MAGNA-BLK,5056733100819,25.0,926,instock,yes,VIDA MAGNA MAGNETIC USB RGB KEYBOARD,VIDA
GAMER4IN1-WHT,5056733100840,12.95,820,instock,yes,VIDA GAMER WHT 4IN1 USB KB MS HS KIT,VIDA
MECHA-BLK,5056733100826,16.33,442,instock,yes,VIDA MECHA MECHANICAL RGB KEYBOARD,VIDA
REBEL2IN1-WHT,5056733100888,9.95,912,instock,yes,VIDA REBEL 2IN1 WHITE USB DESK KIT,VIDA
REBEL2IN1-BLK,5056733100871,9.25,741,instock,yes,VIDA REBEL 2IN1 BLACK USB DESK KIT,VIDA
XTY850G-750W,5056733100413,38.5,488,instock,yes,VIDA 750W 80+GOLD ATX 3.1 PSU,VIDA
XTY850G-850W,5056733100420,43.0,465,instock,yes,VIDA 850W 80+GOLD ATX 3.1 PSU,VIDA
XTY850D750WWHT,5056733100406,27.75,251,instock,yes,VIDA 750W 80+BRONZE ATX WHITE PSU,VIDA
XTY850D-750W,5056733100390,26.75,220,instock,yes,VIDA 750W 80+BRONZE ATX GAMING PSU,VIDA
XTY850M-850WWHT,5056733100802,31.33,532,instock,yes,VIDA 850W 80+BRONZE ATX WHITE3.1 PSU,VIDA
XTY850M-850WBLK,5056733100741,29.95,681,instock,yes,VIDA 850W 80+BRONZE ATX 3.1 PSU,VIDA
ATX-500W-WHT,5056733100444,20.0,605,instock,yes,VIDA 500W 80+ BRONZE WHITE ATX PSU,VIDA
ATX-500W,5056733100208,18.5,2011,instock,yes,VIDA 500W 80+ BRONZE ATX PSU,VIDA
ARM850,5056733100482,35.0,161,instock,yes,ARMOUR 850VA UPS,VIDA
ARM1500,5056733100512,67.0,124,instock,yes,ARMOUR 1500VA UPS,VIDA
ARM650,5056733100475,29.75,199,instock,yes,ARMOUR 650VA UPS,VIDA
ARM1200,5056733100505,56.0,118,instock,yes,ARMOUR 1200VA UPS,VIDA
ARM2000,5056733100529,120.0,60,instock,yes,ARMOUR 2000VA UPS,VIDA
ARM1000,5056733100499,54.0,333,instock,yes,ARMOUR 1000VA UPS,VIDA
ARM3000,5056733100536,250.0,74,instock,yes,ARMOUR 3000VA UPS,VIDA
7369000,8712285352645,128.75,2,instock,yes,PFW 6900,VOGEL'S
3834050,8712285347726,27.44,37,instock,yes,COMFORT TVM 3405,VOGEL'S
3836150,8712285347849,46.65,9,instock,yes,DISPLAY WALL MOUNT - 40-77 TILT,VOGEL'S
3834150,8712285347740,35.68,9,instock,yes,DISPLAY WALL MOUNT - 32-65 TILT,VOGEL'S
3838450,8712285363368,164.75,4,instock,yes,COMFORT TVM 3845,VOGEL'S
3832050,8712285347627,19.19,16,instock,yes,DISPLAY WALL MOUNT - 19-50 FLAT,VOGEL'S
3836050,8712285347825,35.68,13,instock,yes,DISPLAY WALL MOUNT - 40-100 FLAT,VOGEL'S
3832450,8712285347689,65.89,8,instock,yes,COMFORT TVM 3245 B,VOGEL'S
3832150,8712285347641,24.69,5,instock,yes,DISPLAY WALL MOUNT - 19-43 TILT,VOGEL'S
383405SP,8712285360749,27.43,10,instock,yes,DISPLAY WALL MOUNT - 32-77 FLAT FOR,VOGEL'S
3834450,8712285347788,104.33,5,instock,yes,COMFORT TVM 3445 B,VOGEL'S
SSP-1-12M-EDU,,11.16,1000,instock,yes,AVAST ESSENTIAL BUSINESS SECURITY,AVAST
6VC-03802,,146.33,2,instock,yes,WINRMTDSKTPSVCSCAL2019ENGDEVICECAL,MICROSOFT
076-05916,,542.79,6,instock,yes,PROJECTSTNDARD 2021 WIN ENGMEDIALES,MICROSOFT
D86-05942,,264.16,1000,instock,yes,VISIO STD 2021 WIN ALLLNG PK LIC ESD,MICROSOFT
EP2-07167,,264.16,1000,instock,yes,VISIO STD 2024 ALL LNG RETAIL ESD,MICROSOFT
FWC-03370,,147.37,1000,instock,yes,*Non Cancellable/Non Returnable (NCNR)* WINPRO N 11 64-BIT ALL LNG PK LIC  N,MICROSOFT
KX3-00290,,86.32,1000,instock,yes,WIN HOME N 11 64-BIT ALL LNG PK NR,MICROSOFT
076-05905,,541.21,1000,instock,yes,PROJECT STD2021 WIN ALLLNGPK LIC ESD,MICROSOFT
FQC-10572,,147.37,1000,instock,yes,WINPRO 11 64-BIT ALL LNG PK LIC NR,MICROSOFT
KLQ-00211,0889842379228,94.99,1000,instock,yes,MICROSOFT 365 BUS STD ESD,MICROSOFT
SPP-00003,,79.83,1000,instock,yes,MS365 APPS 4BUS ESD 1YEAR,MICROSOFT
21394994,5397040000000,28.13,56,instock,yes,NORTON 360 STAN 10GB 1USER 1DEV 12M,NORTON
